ticker,accession,accepted_datetime,entry_date,tone,fwd_ret_1d,bench_ret_1d,exc_ret_1d,fwd_ret_3d,bench_ret_3d,exc_ret_3d,fwd_ret_5d,bench_ret_5d,exc_ret_5d
A,0001193125-26-384426,2026-09-08T12:15:13.000Z,2026-09-09,0.636364,-0.011261,-0.006947,-0.004314,0.014162,0.001141,0.013021,0.061762,-0.012328,0.07409
A,0001090872-26-000062,2026-08-26T20:06:25.000Z,2026-08-27,0.048544,-0.024415,-0.003321,-0.021094,-0.049211,-0.017483,-0.031728,-0.048893,-0.006259,-0.042635
A,0001193125-26-282845,2026-06-25T20:23:06.000Z,2026-06-26,-0.588235,-0.023381,0.001142,-0.024523,-0.017377,0.003695,-0.021072,-0.03793,0.012349,-0.050279
A,0001090872-26-000052,2026-05-27T20:06:04.000Z,2026-05-28,-0.037736,0.001108,0.000698,0.00041,-0.002438,0.004586,-0.007023,0.022086,0.009156,0.01293
A,0001193125-26-202636,2026-05-04T12:05:15.000Z,2026-05-05,0.125,0.001361,0.008677,-0.007315,-0.016251,0.004366,-0.020617,-0.039394,0.001754,-0.041148
AAPL,0000320193-26-000018,2026-07-31T00:30:28.000Z,2026-08-03,-0.103448,0.019643,0.01478,0.004862,0.029629,0.007126,0.022503,0.016828,0.014267,0.002561
AAPL,0000320193-26-000011,2026-05-01T00:30:41.000Z,2026-05-04,0.0,0.026551,0.007294,0.019257,0.038327,0.010479,0.027847,0.058229,0.009716,0.048514
AAPL,0001140361-26-015711,2026-04-21T01:29:51.000Z,2026-04-22,0.25,0.000952,-0.000628,0.001579,-0.020354,-0.00455,-0.015804,-0.010982,-0.011083,0.000101
ABBV,0001551152-26-000030,2026-10-06T00:07:45.000Z,2026-10-07,-0.733333,0.003906,0.006856,-0.002949,,,,,,
ABBV,0001104659-26-104940,2026-09-03T16:47:46.000Z,2026-09-04,-0.029412,-0.029946,-0.00963,-0.020316,-0.005693,-0.025883,0.02019,0.020705,-0.018372,0.039077
ABBV,0001104659-26-098367,2026-08-19T00:30:26.000Z,2026-08-20,-0.714286,0.011954,0.005829,0.006125,0.015124,0.005715,0.009409,-0.014055,0.004712,-0.018767
ABBV,0001104659-26-091269,2026-08-06T01:17:20.000Z,2026-08-07,-0.333333,0.007844,0.000179,0.007666,0.011055,0.004379,0.006677,0.0139,0.012525,0.001375
ABBV,0001551152-26-000023,2026-07-31T15:51:32.000Z,2026-08-03,-0.151515,-0.005304,0.01478,-0.020084,-0.005018,0.007126,-0.012144,0.011709,0.014267,-0.002558
ABBV,0001551152-26-000021,2026-07-07T00:12:09.000Z,2026-07-08,-0.733333,-0.011197,0.006398,-0.017595,-0.018755,0.009569,-0.028323,-0.027271,0.004141,-0.031412
ABBV,0001104659-26-076067,2026-06-22T15:11:21.000Z,2026-06-23,-0.088496,0.000554,0.006955,-0.006402,0.079187,0.017921,0.061267,0.071903,0.017995,0.053908
ABBV,0001104659-26-059484,2026-05-13T01:01:51.000Z,2026-05-14,-0.714286,-0.001803,-0.009867,0.008064,0.014186,-0.007509,0.021695,0.017697,0.006807,0.01089
ABBV,0001551152-26-000013,2026-04-29T15:50:28.000Z,2026-04-30,-0.285714,-0.022336,-0.002823,-0.019512,-0.024655,-0.00182,-0.022835,-0.040744,0.00129,-0.042034
ABNB,0001193125-26-337928,2026-08-06T20:02:53.000Z,2026-08-07,0.39759,0.037232,0.000179,0.037054,0.011372,0.004379,0.006993,0.033638,0.012525,0.021114
ABNB,0001559720-26-000018,2026-06-11T20:05:44.000Z,2026-06-12,-0.538462,0.050499,0.003465,0.047034,0.062443,-0.014304,0.076747,0.052238,-0.009873,0.062111
ABNB,0001193125-26-211816,2026-05-07T20:00:27.000Z,2026-05-08,0.21875,-0.03138,-0.002433,-0.028947,-0.060216,-0.007545,-0.052671,-0.061064,-0.013152,-0.047912
ABT,0001104659-26-099247,2026-08-20T20:33:15.000Z,2026-08-21,-0.578947,0.000257,0.00094,-0.000683,-0.021776,0.001965,-0.023741,-0.035751,-0.004583,-0.031168
ABT,0001628280-26-048377,2026-07-16T11:36:19.000Z,2026-07-17,-0.164835,0.009734,-0.004675,0.014409,-0.001093,-0.002299,0.001207,0.023639,0.001193,0.022446
ABT,0001104659-26-049434,2026-04-27T20:06:40.000Z,2026-04-28,-0.619048,-0.026955,-0.002693,-0.024262,-0.046878,0.008924,-0.055802,-0.071276,0.010188,-0.081465
ABT,0001104659-26-044892,2026-04-17T20:04:06.000Z,2026-04-20,-0.830986,-0.034167,-0.006155,-0.028012,-0.036667,-0.006962,-0.029705,-0.033333,-0.010689,-0.022644
ABT,0001628280-26-025365,2026-04-16T11:36:25.000Z,2026-04-17,-0.147541,-0.008367,0.002829,-0.011196,-0.052784,-0.003371,-0.049413,-0.058672,-0.006033,-0.052638
ACGL,0000947484-26-000118,2026-07-28T20:04:34.000Z,2026-07-29,-0.476726,-0.032616,0.000251,-0.032867,-0.032807,0.009992,-0.042799,-0.052224,0.022839,-0.075063
ACGL,0000947484-26-000114,2026-06-16T20:08:25.000Z,2026-06-17,-0.461538,-0.012883,0.003447,-0.01633,0.014507,0.00124,0.013266,0.021219,0.014319,0.0069
ACGL,0000947484-26-000111,2026-06-09T20:58:44.000Z,2026-06-10,-0.866667,-0.001971,0.014297,-0.016268,0.002081,0.026342,-0.024261,0.011609,0.008259,0.00335
ACGL,0000947484-26-000094,2026-06-03T12:47:07.000Z,2026-06-04,-0.095238,0.032262,-0.009468,0.041729,0.023432,-0.002575,0.026007,0.031583,-0.001107,0.032689
ACGL,0000947484-26-000090,2026-06-03T10:06:06.000Z,2026-06-04,-0.393939,0.032262,-0.009468,0.041729,0.023432,-0.002575,0.026007,0.031583,-0.001107,0.032689
ACGL,0000947484-26-000075,2026-06-02T12:55:53.000Z,2026-06-03,-0.488372,0.00512,0.009608,-0.004488,0.01957,-0.002579,0.022149,0.038912,-0.004746,0.043658
ACGL,0000947484-26-000063,2026-05-07T20:00:28.000Z,2026-05-08,-0.176471,0.00032,-0.002433,0.002753,-0.005117,-0.007545,0.002428,0.001919,-0.013152,0.015071
ACGL,0000947484-26-000051,2026-04-28T20:07:36.000Z,2026-04-29,-0.490598,0.018766,0.014595,0.004171,0.01003,0.005321,0.004709,0.021355,0.021751,-0.000396
ACGL,0000947484-26-000044,2026-04-20T20:05:31.000Z,2026-04-21,0.0,-0.021042,-0.000183,-0.020859,-0.026909,-0.002797,-0.024112,-0.018108,-0.008983,-0.009125
ACN,0001467373-26-000037,2026-10-01T14:42:03.000Z,2026-10-02,-0.277108,-0.019356,0.006073,-0.025429,-0.011362,0.004875,-0.016238,0.044042,0.015319,0.028723
ACN,0001193125-26-300813,2026-07-10T23:13:14.000Z,2026-07-13,-0.333333,-0.028588,-0.003751,-0.024837,0.043965,0.004409,0.039555,0.044831,-0.008034,0.052865
ACN,0001467373-26-000035,2026-06-23T15:05:28.000Z,2026-06-24,0.0,-0.025784,0.005557,-0.031341,-0.034146,0.011861,-0.046008,0.015331,0.0144,0.000931
ACN,0001467373-26-000031,2026-06-18T14:41:29.000Z,2026-06-22,-0.333333,0.017464,-0.00224,0.019704,0.007931,0.01021,-0.00228,-0.000721,0.017182,-0.017903
ACN,0001467373-26-000019,2026-04-24T14:35:41.000Z,2026-04-27,-0.666667,0.004408,-0.004228,0.008636,0.009832,0.007371,0.002461,0.0178,-0.00166,0.019459
ADBE,0000796343-26-000147,2026-09-10T20:06:14.000Z,2026-09-11,0.0,0.053007,0.00012,0.052887,-0.006859,-0.013321,0.006462,-0.013123,-0.013001,-0.000122
ADBE,0000796343-26-000144,2026-09-08T20:38:46.000Z,2026-09-09,0.935484,-0.02366,-0.006947,-0.016713,0.042141,0.001141,0.041,-0.017107,-0.012328,-0.00478
ADBE,0000796343-26-000120,2026-07-17T20:14:16.000Z,2026-07-20,-0.636364,-0.032291,0.00249,-0.034782,-0.096149,-0.001485,-0.094664,0.012823,0.013676,-0.000853
ADBE,0000796343-26-000109,2026-06-11T20:08:53.000Z,2026-06-12,0.0,0.011469,0.003465,0.008004,-0.037937,-0.014304,-0.023633,-0.044702,-0.009873,-0.034828
ADBE,0000796343-26-000101,2026-04-21T20:07:57.000Z,2026-04-22,-0.405405,-0.066266,-0.000628,-0.065638,-0.064976,-0.00455,-0.060427,-0.048332,-0.011083,-0.037248
ADI,0001193125-26-394361,2026-09-18T00:15:18.000Z,2026-09-21,-0.454545,0.019243,-9.4e-05,0.019337,-0.001018,-0.013065,0.012047,0.032454,-0.015452,0.047906
ADI,0001193125-26-385938,2026-09-09T16:19:11.000Z,2026-09-10,0.235294,0.048526,0.00808,0.040446,0.000277,0.002559,-0.002282,0.003875,-0.000603,0.004478
ADI,0000006281-26-000072,2026-08-19T15:03:13.000Z,2026-08-20,-0.028571,0.007698,0.005829,0.001869,0.009237,0.005715,0.003522,0.01156,0.004712,0.006848
ADI,0001193125-26-324223,2026-07-30T01:15:35.000Z,2026-07-31,-0.904762,-0.015051,0.010454,-0.025506,0.02798,0.023077,0.004903,0.061294,0.025049,0.036244
ADI,0001193125-26-294488,2026-07-03T00:05:43.000Z,2026-07-06,-0.894737,-0.025204,-0.000502,-0.024702,0.01237,-0.005357,0.017728,-0.007253,-0.001896,-0.005357
ADI,0000006281-26-000050,2026-05-20T15:01:45.000Z,2026-05-21,-0.117647,0.033471,0.008498,0.024973,0.085032,0.011755,0.073277,0.077145,0.01736,0.059785
ADI,0000006281-26-000048,2026-05-20T00:05:16.000Z,2026-05-21,0.42029,0.033471,0.008498,0.024973,0.085032,0.011755,0.073277,0.077145,0.01736,0.059785
ADM,0001193125-26-345800,2026-08-12T16:00:10.000Z,2026-08-13,-0.2,0.003743,0.000845,0.002898,0.028696,-0.012715,0.041411,0.025808,-0.011206,0.037014
ADM,0001193125-26-342579,2026-08-11T00:50:53.000Z,2026-08-12,0.0,0.005268,0.007478,-0.00221,0.019566,-0.000758,0.020325,0.019347,0.003727,0.01562
ADM,0000007084-26-000040,2026-08-04T14:03:55.000Z,2026-08-05,0.0,-0.000902,-0.005057,0.004154,0.03751,0.00197,0.035539,0.027713,0.006071,0.021642
ADM,0001193125-26-314103,2026-07-24T00:11:04.000Z,2026-07-27,0.590909,-0.00012,0.010683,-0.010803,-0.031013,0.000796,-0.031809,-0.061666,0.009844,-0.07151
ADM,0000007084-26-000027,2026-05-13T00:39:00.000Z,2026-05-14,-0.75,-0.012406,-0.009867,-0.00254,-0.024813,-0.007509,-0.017303,-0.046451,0.006807,-0.053258
ADM,0000007084-26-000021,2026-05-05T14:04:26.000Z,2026-05-06,-0.074074,-0.00628,-0.005314,-0.000967,0.023327,-0.006743,0.03007,0.06242,-0.011773,0.074193
ADP,0000008670-26-000025,2026-07-29T10:57:30.000Z,2026-07-30,0.281553,0.009815,-0.00127,0.011085,0.025581,0.024323,0.001258,0.036533,0.016515,0.020018
ADP,0000950142-26-001884,2026-06-26T21:03:12.000Z,2026-06-29,-0.466667,-0.004534,-0.001081,-0.003453,0.076899,0.011239,0.06566,0.091701,0.011257,0.080444
ADP,0001193125-26-212131,2026-05-07T20:31:31.000Z,2026-05-08,0.0,-0.006244,-0.002433,-0.003811,-0.020516,-0.007545,-0.012971,0.006948,-0.013152,0.0201
ADP,0000008670-26-000016,2026-04-29T10:55:17.000Z,2026-04-30,0.148936,0.010711,-0.002823,0.013534,-0.006322,-0.00182,-0.004503,0.010144,0.00129,0.008854
ADSK,0001193125-26-387877,2026-09-10T20:09:46.000Z,2026-09-11,-0.857143,0.077825,0.00012,0.077704,0.037241,-0.013321,0.050562,0.021422,-0.013001,0.034423
ADSK,0000769397-26-000059,2026-08-27T20:05:06.000Z,2026-08-28,-0.396552,-0.008172,-0.006249,-0.001923,-0.072623,-0.009969,-0.062655,-0.164045,-0.007081,-0.156964
ADSK,0001213900-26-084276,2026-08-03T12:38:19.000Z,2026-08-04,0.0,0.011888,-0.002081,0.013969,0.05004,0.000165,0.049875,0.060621,0.001963,0.058658
ADSK,0001213900-26-077574,2026-07-13T20:13:32.000Z,2026-07-14,-0.5,0.01486,-0.00151,0.016371,0.060363,0.000925,0.059438,0.025398,-0.001998,0.027396
ADSK,0000769397-26-000050,2026-06-18T20:02:08.000Z,2026-06-22,-0.6,0.005647,-0.00224,0.007887,0.010707,0.01021,0.000497,0.04006,0.017182,0.022878
ADSK,0001213900-26-068533,2026-06-15T13:13:39.000Z,2026-06-16,-0.428571,-0.041265,-0.016485,-0.02478,-0.067832,-0.012246,-0.055586,-0.04355,-0.008325,-0.035225
ADSK,0000769397-26-000041,2026-05-28T20:14:49.000Z,2026-05-29,-0.401575,0.072846,0.000853,0.071993,-0.007393,-0.000925,-0.006467,-0.005836,-0.001623,-0.004213
ADSK,0001213900-26-062125,2026-05-28T20:12:14.000Z,2026-05-29,-0.145833,0.072846,0.000853,0.071993,-0.007393,-0.000925,-0.006467,-0.005836,-0.001623,-0.004213
ADSK,0000769397-26-000024,2026-04-24T20:07:21.000Z,2026-04-27,0.866667,-0.000766,-0.004228,0.003462,0.008382,0.007371,0.001011,0.053227,-0.00166,0.054887
AEE,0001104659-26-111420,2026-09-28T21:25:27.000Z,2026-09-29,-0.627907,-0.008678,-0.007103,-0.001575,-0.003092,0.000916,-0.004008,0.014264,0.01349,0.000774
AEE,0001104659-26-108859,2026-09-18T17:07:51.000Z,2026-09-21,0.0,-0.001669,-9.4e-05,-0.001575,-0.025827,-0.013065,-0.012762,-0.023962,-0.015452,-0.008509
AEE,0001104659-26-100236,2026-08-24T17:17:10.000Z,2026-08-25,-0.75,0.008612,0.002192,0.00642,-0.006646,-0.00427,-0.002376,-0.006927,-0.018417,0.01149
AEE,0001104659-26-090493,2026-08-04T21:15:55.000Z,2026-08-05,-0.333333,-0.006241,-0.005057,-0.001185,-0.017898,0.00197,-0.019868,-0.001193,0.006071,-0.007265
AEE,0001002910-26-000020,2026-07-30T20:31:55.000Z,2026-07-31,-0.347826,-0.001004,0.010454,-0.011458,-0.006021,0.023077,-0.029098,-0.007025,0.025049,-0.032074
AEE,0001104659-26-078757,2026-06-29T18:35:17.000Z,2026-06-30,-0.75,-0.00752,0.003828,-0.011347,-0.000442,0.012815,-0.013257,0.001327,0.001315,1.2e-05
AEE,0001104659-26-078317,2026-06-26T21:00:22.000Z,2026-06-29,-0.733333,-0.013526,-0.001081,-0.012445,0.003752,0.011239,-0.007487,-0.001396,0.011257,-0.012654
AEE,0001104659-26-063184,2026-05-18T20:05:22.000Z,2026-05-19,-0.931034,-0.002844,0.011418,-0.014262,0.021009,0.023837,-0.002828,0.01945,0.027674,-0.008224
AEE,0001002910-26-000013,2026-05-05T20:33:57.000Z,2026-05-06,-0.488372,-0.007482,-0.005314,-0.002169,0.00365,-0.006743,0.010393,-0.004562,-0.011773,0.007211
AEP,0000004904-26-000063,2026-09-30T15:01:28.000Z,2026-10-01,-0.666667,-0.001503,0.00285,-0.004354,0.016033,0.015368,0.000665,0.021461,0.014306,0.007156
AEP,0000004904-26-000055,2026-07-30T14:59:36.000Z,2026-07-31,-0.452632,0.003676,0.010454,-0.006778,-0.010794,0.023077,-0.033871,-0.016582,0.025049,-0.041631
AEP,0000004904-26-000048,2026-07-21T16:28:34.000Z,2026-07-22,0.6,0.013902,-0.003956,0.017858,0.003908,0.012083,-0.008175,-0.02758,0.0153,-0.04288
AEP,0001193125-26-223988,2026-05-15T00:06:13.000Z,2026-05-18,-0.8,0.009712,-0.005561,0.015273,0.015116,0.009336,0.00578,0.025219,0.021677,0.003542
AEP,0000004904-26-000031,2026-05-05T15:03:37.000Z,2026-05-06,-0.340659,-0.006035,-0.005314,-0.000721,-0.006871,-0.006743,-0.000128,-0.027767,-0.011773,-0.015994
AEP,0000004904-26-000026,2026-04-30T01:25:43.000Z,2026-05-01,-0.285714,-0.016434,-0.006355,-0.010079,-0.031773,0.009573,-0.041345,-0.042398,0.005579,-0.047977
AES,0001140361-26-036994,2026-09-17T20:37:13.000Z,2026-09-18,-0.684211,0.0,0.005038,-0.005038,-0.001349,-0.002109,0.000761,0.002697,-0.003817,0.006514
AES,0000874761-26-000153,2026-09-16T20:19:34.000Z,2026-09-17,-0.4,-0.001347,-0.004282,0.002936,-0.00202,0.000835,-0.002855,0.0,-0.012073,0.012073
AES,0001140361-26-034714,2026-08-27T20:28:41.000Z,2026-08-28,-0.684211,0.000679,-0.006249,0.006928,0.004752,-0.009969,0.014721,0.004073,-0.007081,0.011154
AES,0000950103-26-011951,2026-08-05T20:09:48.000Z,2026-08-06,-0.777778,0.002041,0.00705,-0.005009,0.0,0.009173,-0.009173,0.002041,0.018773,-0.016732
AES,0000874761-26-000138,2026-07-27T20:31:05.000Z,2026-07-28,-0.62963,-0.000674,-0.008959,0.008284,0.001758,-0.010642,0.0124,0.001758,0.014764,-0.013006
AES,0001140361-26-026562,2026-06-26T20:12:47.000Z,2026-06-29,-0.061224,0.002051,-0.001081,0.003132,-0.003418,0.011239,-0.014657,-0.000684,0.011257,-0.011941
AES,0001193125-26-272726,2026-06-16T20:37:40.000Z,2026-06-17,-0.555556,0.000684,0.003447,-0.002763,0.00616,0.00124,0.00492,0.003422,0.014319,-0.010897
AES,0001140361-26-025084,2026-06-12T21:18:53.000Z,2026-06-15,-0.771429,-0.002725,-0.000583,-0.002142,-0.004087,-0.013772,0.009685,0.001362,-0.015953,0.017316
AES,0000874761-26-000100,2026-04-30T20:13:09.000Z,2026-05-01,-0.666667,0.0,-0.006355,0.006355,0.004202,0.009573,-0.005371,0.003501,0.005579,-0.002078
AES,0000874761-26-000075,2026-04-16T10:59:45.000Z,2026-04-17,0.368421,0.000691,0.002829,-0.002138,-0.001382,-0.003371,0.001988,0.001382,-0.006033,0.007415
AFL,0001628280-26-054333,2026-08-07T00:14:30.000Z,2026-08-10,-0.159574,-0.007135,0.002101,-0.009235,-0.006889,0.011707,-0.018596,-0.007873,0.003686,-0.011558
AFL,0001628280-26-046124,2026-06-30T14:03:22.000Z,2026-07-01,-0.857143,0.020171,0.008354,0.011817,0.025319,0.008203,0.017115,0.029538,0.002918,0.02662
AFL,0001104659-26-067551,2026-05-29T00:35:43.000Z,2026-06-01,-0.8,0.013558,0.002888,0.01067,0.028365,0.008009,0.020356,0.027919,-0.004428,0.032347
AFL,0001104659-26-061314,2026-05-15T01:11:06.000Z,2026-05-18,-0.666667,-0.002191,-0.005561,0.00337,-0.002106,0.009336,-0.011442,-0.010492,0.021677,-0.032169
AFL,0001628280-26-032022,2026-05-07T23:46:16.000Z,2026-05-08,0.428571,0.021043,-0.002433,0.023477,0.021043,-0.007545,0.028589,0.032803,-0.013152,0.045955
AFL,0001628280-26-028396,2026-04-30T00:19:50.000Z,2026-05-01,-0.177388,0.003987,-0.006355,0.010342,0.004607,0.009573,-0.004966,0.001949,0.005579,-0.00363
AIG,0001104659-26-110438,2026-09-24T20:44:43.000Z,2026-09-25,-0.333333,-0.018741,-0.006655,-0.012086,0.003371,-0.0153,0.01867,0.010247,-0.007354,0.0176
AIG,0000005272-26-000091,2026-09-16T20:49:34.000Z,2026-09-17,0.6,-0.004625,-0.004282,-0.000342,-0.006607,0.000835,-0.007441,-0.011364,-0.012073,0.00071
AIG,0000005272-26-000088,2026-09-02T20:15:45.000Z,2026-09-03,0.666667,-0.008457,-0.004067,-0.00439,-0.023809,-0.022788,-0.001021,-0.019906,-0.021878,0.001972
AIG,0000005272-26-000072,2026-08-06T20:21:41.000Z,2026-08-07,-0.331034,-0.014851,0.000179,-0.01503,-0.033511,0.004379,-0.03789,-0.027164,0.012525,-0.039689
AIG,0000005272-26-000066,2026-05-14T20:27:03.000Z,2026-05-15,0.529412,0.029562,0.007625,0.021938,0.025227,0.013274,0.011953,0.012351,0.025519,-0.013168
AIG,0000005272-26-000048,2026-04-30T20:17:53.000Z,2026-05-01,-0.33574,-0.015361,-0.006355,-0.009006,-0.013711,0.009573,-0.023283,-0.030595,0.005579,-0.036175
AIG,0000005272-26-000042,2026-04-27T11:38:34.000Z,2026-04-28,0.771429,-0.004989,-0.002693,-0.002296,0.062163,0.008924,0.053239,0.058118,0.010188,0.047929
AIZ,0001267238-26-000039,2026-08-05T00:30:54.000Z,2026-08-06,-0.419753,-0.023111,0.00705,-0.03016,-0.050574,0.009173,-0.059747,-0.052227,0.018773,-0.070999
AIZ,0001267238-26-000033,2026-05-23T00:23:19.000Z,2026-05-26,-0.777778,-0.015429,-0.000163,-0.015266,-0.02789,0.005025,-0.032914,-0.029413,0.008845,-0.038258
AIZ,0001267238-26-000024,2026-05-05T22:01:57.000Z,2026-05-06,-0.446541,-0.011876,-0.005314,-0.006562,0.031824,-0.006743,0.038568,0.025358,-0.011773,0.037131
AJG,0000354190-26-000197,2026-08-27T03:19:41.000Z,2026-08-28,0.333333,-0.02022,-0.006249,-0.013971,-0.011586,-0.009969,-0.001618,-0.018202,-0.007081,-0.011121
AJG,0001628280-26-051070,2026-07-31T00:18:40.000Z,2026-08-03,-0.418994,0.00109,0.01478,-0.013691,0.015941,0.007126,0.008815,0.018725,0.014267,0.004458
AJG,0000354190-26-000184,2026-07-29T16:12:35.000Z,2026-07-30,0.2,-0.027451,-0.00127,-0.026181,-0.032754,0.024323,-0.057077,-0.018404,0.016515,-0.03492
AJG,0000354190-26-000171,2026-06-17T16:51:06.000Z,2026-06-18,-0.333333,-0.023264,0.000577,-0.023841,0.0313,0.005063,0.026236,0.055825,0.016234,0.039591
AJG,0000354190-26-000142,2026-05-13T19:47:35.000Z,2026-05-14,-0.6,0.011483,-0.009867,0.02135,0.029189,-0.007509,0.036698,0.049221,0.006807,0.042414
AJG,0000354190-26-000132,2026-05-01T00:19:29.000Z,2026-05-04,-0.41844,-0.005941,0.007294,-0.013235,-0.024586,0.010479,-0.035065,-0.040864,0.009716,-0.050579
AKAM,0001086222-26-000089,2026-09-25T20:04:30.000Z,2026-09-28,0.333333,-0.004955,-0.001568,-0.003387,-0.018901,-0.00347,-0.015431,-0.009175,0.005345,-0.01452
AKAM,0001193125-26-401048,2026-09-24T20:14:58.000Z,2026-09-25,-0.68932,-0.043444,-0.006655,-0.036789,-0.066614,-0.0153,-0.051314,-0.044058,-0.007354,-0.036705
AKAM,0001086222-26-000083,2026-08-06T20:07:38.000Z,2026-08-07,-0.225806,0.064321,0.000179,0.064142,0.110729,0.004379,0.106351,0.130722,0.012525,0.118197
AKAM,0001193125-26-237084,2026-05-22T20:44:37.000Z,2026-05-26,-0.75,-0.025504,-0.000163,-0.025341,0.008974,0.005025,0.003949,0.081708,0.008845,0.072863
AKAM,0001193125-26-231745,2026-05-20T11:45:16.000Z,2026-05-21,-0.333333,0.00677,0.008498,-0.001728,-0.012377,0.011755,-0.024132,0.022566,0.01736,0.005205
AKAM,0001193125-26-228949,2026-05-18T20:16:52.000Z,2026-05-19,-0.166667,0.015636,0.011418,0.004218,0.041673,0.023837,0.017836,0.021862,0.027674,-0.005811
AKAM,0001086222-26-000064,2026-05-13T20:22:14.000Z,2026-05-14,-0.170732,-0.03077,-0.009867,-0.020903,-0.092054,-0.007509,-0.084544,-0.060577,0.006807,-0.067384
AKAM,0001086222-26-000054,2026-05-07T20:15:51.000Z,2026-05-08,-0.221053,0.035881,-0.002433,0.038314,0.090921,-0.007545,0.098467,0.021461,-0.013152,0.034613
ALB,0001140361-26-035623,2026-09-03T21:00:33.000Z,2026-09-04,0.19403,0.026053,-0.00963,0.035683,-0.033022,-0.025883,-0.007139,-0.086019,-0.018372,-0.067647
ALB,0000915913-26-000107,2026-08-21T10:30:27.000Z,2026-08-24,0.6,-0.058865,-0.000988,-0.057877,-0.040562,-0.001771,-0.038791,-0.046216,-0.011446,-0.03477
ALB,0000915913-26-000101,2026-08-05T20:22:29.000Z,2026-08-06,-0.09375,0.045368,0.00705,0.038318,0.031415,0.009173,0.022241,0.040344,0.018773,0.021572
ALB,0000915913-26-000095,2026-07-23T20:22:25.000Z,2026-07-24,0.2,0.01158,0.007936,0.003644,-0.008446,0.01061,-0.019056,0.024293,0.007518,0.016775
ALB,0000915913-26-000087,2026-06-05T20:15:55.000Z,2026-06-08,0.333333,0.019688,0.009475,0.010212,0.061532,0.010944,0.050588,0.13008,0.022442,0.107638
ALB,0000915913-26-000075,2026-05-08T20:40:50.000Z,2026-05-11,-0.777778,-0.021287,0.000149,-0.021435,-0.089957,-0.000834,-0.089123,-0.163103,-0.003038,-0.160065
ALB,0000915913-26-000070,2026-05-06T20:19:37.000Z,2026-05-07,-0.125,0.026065,0.00101,0.025055,0.036148,-0.001337,0.037485,-0.036552,-0.001975,-0.034577
ALB,0000915913-26-000064,2026-04-17T20:36:58.000Z,2026-04-20,-0.2,0.018426,-0.006155,0.024581,-0.008674,-0.006962,-0.001712,0.024124,-0.010689,0.034813
ALGN,0001097149-26-000065,2026-08-31T20:05:19.000Z,2026-09-01,0.5,0.027039,0.004317,0.022723,0.023748,0.007356,0.016393,-0.013165,-0.011649,-0.001516
ALGN,0001097149-26-000056,2026-07-29T20:15:49.000Z,2026-07-30,0.818182,-0.024508,-0.00127,-0.023238,-0.000807,0.024323,-0.02513,-0.02497,0.016515,-0.041485
ALGN,0001097149-26-000054,2026-07-29T20:04:59.000Z,2026-07-30,-0.11236,-0.024508,-0.00127,-0.023238,-0.000807,0.024323,-0.02513,-0.02497,0.016515,-0.041485
ALGN,0001097149-26-000050,2026-07-09T00:29:04.000Z,2026-07-10,-0.2,0.006353,-0.000315,0.006668,0.010086,-0.005796,0.015882,-0.01499,-0.003257,-0.011733
ALGN,0001097149-26-000048,2026-06-19T01:02:10.000Z,2026-06-22,0.87234,-0.030329,-0.00224,-0.028089,0.011222,0.01021,0.001012,-0.001899,0.017182,-0.019081
ALGN,0001097149-26-000042,2026-05-20T20:28:33.000Z,2026-05-21,-0.714286,0.003496,0.008498,-0.005002,-0.000981,0.011755,-0.012736,0.07305,0.01736,0.05569
ALGN,0001097149-26-000036,2026-04-30T23:51:52.000Z,2026-05-01,0.625,-0.039293,-0.006355,-0.032938,-0.027779,0.009573,-0.037352,-0.056621,0.005579,-0.0622
ALGN,0001097149-26-000033,2026-04-29T20:04:10.000Z,2026-04-30,-0.07563,0.016476,-0.002823,0.0193,-0.041475,-0.00182,-0.039655,-0.043293,0.00129,-0.044583
ALL,0000899051-26-000135,2026-09-17T15:36:39.000Z,2026-09-18,-0.75,-0.027899,0.005038,-0.032937,-0.096746,-0.002109,-0.094637,-0.08898,-0.003817,-0.085164
ALL,0000899051-26-000127,2026-08-20T15:45:23.000Z,2026-08-21,-0.714286,0.025056,0.00094,0.024116,0.031438,0.001965,0.029473,0.026593,-0.004583,0.031176
ALL,0000899051-26-000117,2026-08-06T00:15:57.000Z,2026-08-07,-0.311966,0.01,0.000179,0.009821,-0.041798,0.004379,-0.046176,-0.020936,0.012525,-0.033461
ALL,0000899051-26-000111,2026-07-16T15:45:22.000Z,2026-07-17,-0.692308,0.015326,-0.004675,0.020001,0.007723,-0.002299,0.010023,0.040296,0.001193,0.039103
ALL,0000899051-26-000109,2026-07-15T00:39:31.000Z,2026-07-16,0.625,0.033242,-0.007527,0.040769,0.04085,-0.009631,0.050481,0.052344,-0.013539,0.065883
ALL,0000899051-26-000096,2026-06-18T15:43:36.000Z,2026-06-22,-0.764706,0.040394,-0.00224,0.042633,0.040618,0.01021,0.030408,0.084561,0.017182,0.06738
ALL,0000899051-26-000081,2026-05-28T00:52:43.000Z,2026-05-29,-0.666667,0.010731,0.000853,0.009878,0.021121,-0.000925,0.022046,0.078045,-0.001623,0.079668
ALL,0000899051-26-000079,2026-05-21T15:41:50.000Z,2026-05-22,-0.777778,-0.017451,0.003283,-0.020734,-0.043029,0.007078,-0.050107,-0.038312,0.009892,-0.048204
ALL,0000899051-26-000074,2026-04-30T00:15:58.000Z,2026-05-01,-0.345055,0.015144,-0.006355,0.021499,0.006141,0.009573,-0.003432,-0.015883,0.005579,-0.021462
ALL,0000899051-26-000067,2026-04-16T15:49:58.000Z,2026-04-17,-0.764706,-0.004673,0.002829,-0.007502,-0.009252,-0.003371,-0.005882,-0.015174,-0.006033,-0.009141
ALLE,0001104659-26-105920,2026-09-08T20:30:39.000Z,2026-09-09,0.909091,-0.003032,-0.006947,0.003915,0.024122,0.001141,0.022981,0.010695,-0.012328,0.023023
ALLE,0001579241-26-000026,2026-07-23T10:02:30.000Z,2026-07-24,-0.214286,0.031168,0.007936,0.023232,0.03332,0.01061,0.02271,0.026343,0.007518,0.018825
ALLE,0001579241-26-000023,2026-06-09T20:28:01.000Z,2026-06-10,-0.714286,0.033707,0.014297,0.01941,0.03789,0.026342,0.011548,0.010565,0.008259,0.002307
ALLE,0001579241-26-000013,2026-04-28T10:01:58.000Z,2026-04-29,-0.265823,0.000801,0.014595,-0.013794,-0.035524,0.005321,-0.040846,-0.01485,0.021751,-0.036601
ALLE,0001579241-26-000010,2026-04-15T21:17:49.000Z,2026-04-16,0.0,0.019785,0.012363,0.007422,0.013779,0.008954,0.004825,0.04169,0.008043,0.033647
AMAT,0001628280-26-059257,2026-08-28T00:12:40.000Z,2026-08-31,0.6,-0.036083,-0.008009,-0.028073,-0.049041,0.003345,-0.052386,0.031414,-0.010337,0.041751
AMAT,0001628280-26-056699,2026-08-14T00:03:36.000Z,2026-08-17,0.107438,-0.039192,-0.004487,-0.034705,-0.072051,-0.002847,-0.069204,-0.094529,0.00437,-0.098899
AMAT,0001628280-26-035071,2026-05-15T00:03:53.000Z,2026-05-18,0.1875,-0.016104,-0.005561,-0.010543,0.034628,0.009336,0.025292,0.101278,0.021677,0.079601
AMCR,0001104659-26-096303,2026-08-14T14:20:27.000Z,2026-08-17,-0.538462,0.007248,-0.004487,0.011735,0.050077,-0.002847,0.052924,0.052273,0.00437,0.047903
AMCR,0001748790-26-000020,2026-08-12T14:09:09.000Z,2026-08-13,-0.529412,-0.007546,0.000845,-0.008391,-0.011212,-0.012715,0.001503,0.030832,-0.011206,0.042038
AMCR,0001104659-26-073800,2026-06-15T16:36:29.000Z,2026-06-16,0.560976,-0.015693,-0.016485,0.000792,-0.017866,-0.012246,-0.00562,0.007001,-0.008325,0.015326
AMCR,0001104659-26-055873,2026-05-06T14:12:40.000Z,2026-05-07,0.0,0.000251,0.00101,-0.000759,-0.017535,-0.001337,-0.016198,-0.033316,-0.001975,-0.031342
AMCR,0001748790-26-000014,2026-05-06T14:05:53.000Z,2026-05-07,-0.608108,0.000251,0.00101,-0.000759,-0.017535,-0.001337,-0.016198,-0.033316,-0.001975,-0.031342
AMD,0000002488-26-000182,2026-09-28T20:16:47.000Z,2026-09-29,-0.333333,0.006896,-0.007103,0.013999,0.043353,0.000916,0.042437,0.068881,0.01349,0.055391
AMD,0000002488-26-000163,2026-08-19T20:16:56.000Z,2026-08-20,0.466667,0.008073,0.005829,0.002244,0.020705,0.005715,0.014989,0.015358,0.004712,0.010646
AMD,0001193125-26-354029,2026-08-17T20:05:40.000Z,2026-08-18,-0.625,-0.037098,0.009224,-0.046322,-0.022998,0.007591,-0.030589,-0.010756,0.007786,-0.018541
AMD,0000002488-26-000121,2026-08-04T20:16:24.000Z,2026-08-05,-0.175258,0.014998,-0.005057,0.020055,-0.02591,0.00197,-0.027881,0.001826,0.006071,-0.004246
AMD,0000002488-26-000115,2026-07-01T20:27:26.000Z,2026-07-02,0.111111,0.066104,0.000325,0.065779,-0.000792,-0.011237,0.010445,0.077382,-0.001412,0.078794
AMD,0001193125-26-226746,2026-05-15T20:12:53.000Z,2026-05-18,-0.911111,-0.016485,-0.005561,-0.010924,0.067935,0.009336,0.058599,0.196917,0.021677,0.17524
AMD,0000002488-26-000072,2026-05-05T20:16:06.000Z,2026-05-06,-0.093923,-0.030684,-0.005314,-0.02537,0.088754,-0.006743,0.095497,0.057215,-0.011773,0.068989
AME,0001037868-26-000191,2026-08-26T20:42:40.000Z,2026-08-27,0.555556,-0.030451,-0.003321,-0.02713,-0.050683,-0.017483,-0.033201,-0.038864,-0.006259,-0.032605
AME,0001037868-26-000183,2026-08-11T18:00:57.000Z,2026-08-12,0.0,-0.008897,0.007478,-0.016375,-0.016827,-0.000758,-0.016068,-0.059183,0.003727,-0.06291
AME,0001037868-26-000173,2026-08-04T13:56:19.000Z,2026-08-05,0.714286,-0.013267,-0.005057,-0.008211,-0.007379,0.00197,-0.00935,0.014759,0.006071,0.008688
AME,0001037868-26-000166,2026-06-12T18:58:41.000Z,2026-06-15,-0.75,0.006292,-0.000583,0.006875,0.030245,-0.013772,0.044018,0.015752,-0.015953,0.031705
AME,0001037868-26-000163,2026-05-26T17:38:25.000Z,2026-05-27,0.666667,-0.004108,0.004229,-0.008337,-0.01334,0.00651,-0.019851,0.008172,0.004171,0.004002
AME,0001037868-26-000157,2026-05-11T14:11:16.000Z,2026-05-12,-0.6,0.000952,-0.005352,0.006304,-0.014273,-0.010937,-0.003337,-0.042907,-0.008793,-0.034114
AME,0001037868-26-000151,2026-05-08T14:49:38.000Z,2026-05-11,0.818182,-0.004135,0.000149,-0.004284,-8.6e-05,-0.000834,0.000747,-0.027998,-0.003038,-0.02496
AME,0001037868-26-000146,2026-05-06T18:32:39.000Z,2026-05-07,0.219512,-0.009926,0.00101,-0.010936,-0.015039,-0.001337,-0.013702,-0.011034,-0.001975,-0.009059
AME,0001037868-26-000141,2026-04-30T16:00:31.000Z,2026-05-01,0.709091,-0.000217,-0.006355,0.006138,0.047293,0.009573,0.03772,0.00833,0.005579,0.002751
AMGN,0000318154-26-000124,2026-08-04T20:03:16.000Z,2026-08-05,-0.160839,-0.007307,-0.005057,-0.00225,0.022975,0.00197,0.021005,0.020474,0.006071,0.014403
AMGN,0000318154-26-000119,2026-07-31T20:03:44.000Z,2026-08-03,-0.8,0.02943,0.01478,0.014649,0.068572,0.007126,0.061446,0.101169,0.014267,0.086902
AMGN,0001193125-26-232786,2026-05-20T20:59:48.000Z,2026-05-21,-0.75,0.005572,0.008498,-0.002926,-0.004031,0.011755,-0.015786,-0.001867,0.01736,-0.019227
AMGN,0000318154-26-000097,2026-05-19T20:08:12.000Z,2026-05-20,-0.066667,0.017643,0.003571,0.014072,0.01318,0.015625,-0.002445,0.014808,0.019547,-0.004738
AMGN,0000318154-26-000054,2026-04-30T20:03:26.000Z,2026-05-01,-0.225434,-0.018101,-0.006355,-0.011745,0.003911,0.009573,-0.005662,0.0057,0.005579,0.000121
AMGN,0000318154-26-000048,2026-04-22T20:03:08.000Z,2026-04-23,0.083333,-0.011675,-0.001856,-0.009818,-0.025959,-0.007985,-0.017974,-0.006798,0.003756,-0.010554
AMP,0000820027-26-000038,2026-07-23T11:46:31.000Z,2026-07-24,0.116071,0.017224,0.007936,0.009288,0.021535,0.01061,0.010925,0.032029,0.007518,0.024511
AMP,0001104659-26-071727,2026-06-09T18:09:16.000Z,2026-06-10,0.0,-0.000533,0.014297,-0.014829,0.020549,0.026342,-0.005793,0.047379,0.008259,0.039121
AMP,0001104659-26-064493,2026-05-20T20:05:27.000Z,2026-05-21,0.875,0.003862,0.008498,-0.004636,-0.016424,0.011755,-0.028179,-0.010786,0.01736,-0.028146
AMP,0001104659-26-052928,2026-04-30T20:12:38.000Z,2026-05-01,-0.6,0.00666,-0.006355,0.013015,0.021053,0.009573,0.01148,0.00015,0.005579,-0.005429
AMP,0000820027-26-000020,2026-04-23T20:17:38.000Z,2026-04-24,0.11215,0.029604,-0.001822,0.031426,0.024261,-0.008626,0.032887,0.006615,0.002731,0.003883
AMT,0001053507-26-000145,2026-09-18T16:50:18.000Z,2026-09-21,0.454545,0.003723,-9.4e-05,0.003817,-0.042039,-0.013065,-0.028974,-0.037801,-0.015452,-0.022349
AMT,0001193125-26-390605,2026-09-15T00:16:17.000Z,2026-09-16,-0.882353,-0.004592,0.004965,-0.009557,-0.010148,0.005892,-0.01604,-0.031804,-0.00113,-0.030675
AMT,0001053507-26-000141,2026-09-10T01:29:40.000Z,2026-09-11,-0.2,-0.005117,0.00012,-0.005237,-0.008209,-0.013321,0.005112,-0.02176,-0.013001,-0.008759
AMT,0001053507-26-000131,2026-07-28T15:05:40.000Z,2026-07-29,-0.14094,-0.026777,0.000251,-0.027028,-0.034921,0.009992,-0.044913,-0.062423,0.022839,-0.085262
AMT,0001053507-26-000127,2026-06-05T00:39:19.000Z,2026-06-08,-0.5,0.009149,0.009475,-0.000327,0.00111,0.010944,-0.009834,-0.008286,0.022442,-0.030728
AMT,0001053507-26-000123,2026-06-03T00:18:30.000Z,2026-06-04,-0.333333,0.001083,-0.009468,0.010551,-0.015884,-0.002575,-0.013309,-0.023722,-0.001107,-0.022616
AMT,0001193125-26-240535,2026-05-27T16:00:18.000Z,2026-05-28,-0.882353,0.0015,0.000698,0.000802,-0.00616,0.004586,-0.010746,0.038729,0.009156,0.029573
AMT,0001053507-26-000116,2026-05-22T00:17:59.000Z,2026-05-26,-0.5,0.000162,-0.000163,0.000325,0.010868,0.005025,0.005843,0.003136,0.008845,-0.005709
AMT,0001053507-26-000111,2026-05-20T00:14:51.000Z,2026-05-21,-0.2,0.000381,0.008498,-0.008117,0.00653,0.011755,-0.005226,0.017303,0.01736,-5.7e-05
AMT,0001053507-26-000108,2026-05-08T00:38:31.000Z,2026-05-11,-0.666667,0.007607,0.000149,0.007458,-0.039274,-0.000834,-0.038441,-0.001071,-0.003038,0.001967
AMT,0001053507-26-000094,2026-04-28T15:04:17.000Z,2026-04-29,-0.086957,0.025366,0.014595,0.010771,0.015096,0.005321,0.009775,0.011056,0.021751,-0.010695
AMZN,0001104659-26-107526,2026-09-15T00:45:41.000Z,2026-09-16,-0.333333,0.021264,0.004965,0.016298,0.050781,0.005892,0.044888,0.013457,-0.00113,0.014587
AMZN,0001018724-26-000036,2026-09-10T00:28:21.000Z,2026-09-11,0.0,-0.012618,0.00012,-0.012738,-0.042137,-0.013321,-0.028816,-0.011956,-0.013001,0.001045
AMZN,0001018724-26-000024,2026-07-31T00:06:23.000Z,2026-08-03,0.076923,-0.023238,0.01478,-0.038018,-0.041405,0.007126,-0.048531,-0.020879,0.014267,-0.035146
AMZN,0001104659-26-082293,2026-07-10T00:46:08.000Z,2026-07-13,-0.333333,0.000728,-0.003751,0.004479,0.010432,0.004409,0.006023,0.010837,-0.008034,0.018871
AMZN,0001104659-26-073562,2026-06-13T01:00:28.000Z,2026-06-15,-0.333333,-8.1e-05,-0.000583,0.000502,-0.006625,-0.013772,0.007147,-0.048411,-0.015953,-0.032457
AMZN,0001104659-26-072140,2026-06-10T17:00:19.000Z,2026-06-11,-0.818182,-0.012256,0.007831,-0.020088,0.018591,0.010001,0.00859,0.011925,-0.002776,0.014701
AMZN,0001104659-26-065717,2026-05-23T00:12:53.000Z,2026-05-26,-0.666667,0.024728,-0.000163,0.024891,0.020167,0.005025,0.015142,-0.033058,0.008845,-0.041904
AMZN,0001018724-26-000012,2026-04-30T00:18:55.000Z,2026-05-01,-0.02439,0.014128,-0.006355,0.020483,0.025088,0.009573,0.015515,0.016476,0.005579,0.010897
AMZN,0001104659-26-042880,2026-04-14T16:04:26.000Z,2026-04-15,0.045455,0.004829,0.004765,6.4e-05,-0.000885,0.019971,-0.020856,0.027606,0.013661,0.013945
AMZN,0001104659-26-041034,2026-04-09T02:02:20.000Z,2026-04-10,0.45,0.006334,0.012465,-0.00613,0.042453,0.017735,0.024718,0.051095,0.03511,0.015985
ANET,0001596532-26-000174,2026-08-05T00:06:44.000Z,2026-08-06,-0.460317,-0.018979,0.00705,-0.026029,0.028754,0.009173,0.019581,0.058756,0.018773,0.039984
ANET,0001596532-26-000118,2026-06-03T00:06:06.000Z,2026-06-04,-0.2,-0.070719,-0.009468,-0.061251,-0.083429,-0.002575,-0.080854,-0.057888,-0.001107,-0.056781
ANET,0001596532-26-000074,2026-05-06T00:06:48.000Z,2026-05-07,-0.333333,0.000141,0.00101,-0.000869,0.005573,-0.001337,0.00691,0.042751,-0.001975,0.044726
AON,0001193125-26-397203,2026-09-22T10:30:50.000Z,2026-09-23,-0.466667,-0.019567,-0.005939,-0.013628,-0.033736,-0.00843,-0.025306,-0.017152,-0.017061,-9.1e-05
AON,0001193125-26-394533,2026-09-17T21:21:06.000Z,2026-09-18,-0.647059,-0.016304,0.005038,-0.021341,-0.04749,-0.002109,-0.045381,-0.059701,-0.003817,-0.055884
AON,0001193125-26-388699,2026-09-11T13:14:40.000Z,2026-09-14,-0.359331,-0.022052,-0.005515,-0.016537,-0.049721,-0.008558,-0.041163,-0.066508,-0.007269,-0.059239
AON,0001193125-26-375328,2026-08-31T10:37:01.000Z,2026-09-01,0.234483,0.014036,0.004317,0.00972,-0.009838,0.007356,-0.017193,-0.066227,-0.011649,-0.054578
AON,0001193125-26-354083,2026-08-17T20:15:23.000Z,2026-08-18,0.6,0.015239,0.009224,0.006015,0.034703,0.007591,0.027111,0.033887,0.007786,0.026101
AON,0001628280-26-050367,2026-07-29T10:36:50.000Z,2026-07-30,-0.138686,-0.016423,-0.00127,-0.015153,-0.024844,0.024323,-0.049167,-0.013634,0.016515,-0.030149
AON,0001193125-26-292736,2026-07-01T20:49:30.000Z,2026-07-02,-0.777778,-0.001539,0.000325,-0.001863,0.00014,-0.011237,0.011377,-0.001455,-0.001412,-4.2e-05
AON,0001628280-26-029093,2026-05-01T10:34:38.000Z,2026-05-04,-0.140741,-0.001175,0.007294,-0.008469,-0.004223,0.010479,-0.014703,-0.00905,0.009716,-0.018766
AOS,0000091142-26-000096,2026-07-30T10:58:56.000Z,2026-07-31,-0.553191,0.009978,0.010454,-0.000476,0.050723,0.023077,0.027646,0.064028,0.025049,0.038979
AOS,0000091142-26-000091,2026-06-22T21:01:35.000Z,2026-06-23,0.833333,0.047702,0.006955,0.040746,0.074513,0.017921,0.056592,0.091922,0.017995,0.073927
AOS,0000091142-26-000086,2026-05-19T20:17:52.000Z,2026-05-20,0.6,0.008645,0.003571,0.005074,0.029111,0.015625,0.013486,0.016584,0.019547,-0.002962
AOS,0000091142-26-000082,2026-04-30T10:57:55.000Z,2026-05-01,-0.297297,-0.024689,-0.006355,-0.018334,0.011765,0.009573,0.002192,-0.028998,0.005579,-0.034577
AOS,0000091142-26-000078,2026-04-17T21:01:23.000Z,2026-04-20,-0.857143,-0.009299,-0.006155,-0.003144,-0.007774,-0.006962,-0.000813,-0.014024,-0.010689,-0.003335
APA,0001841666-26-000050,2026-08-06T00:33:08.000Z,2026-08-07,0.114754,0.090088,0.000179,0.089909,0.062184,0.004379,0.057806,0.075472,0.012525,0.062947
APA,0001841666-26-000045,2026-07-09T01:07:26.000Z,2026-07-10,-0.5,0.036782,-0.000315,0.037098,0.024821,-0.005796,0.030617,0.05323,-0.003257,0.056487
APA,0001841666-26-000037,2026-05-27T01:02:48.000Z,2026-05-28,-0.8,-0.002737,0.000698,-0.003435,0.03504,0.004586,0.030454,0.046263,0.009156,0.037108
APA,0001841666-26-000027,2026-05-07T00:49:17.000Z,2026-05-08,0.170732,0.032058,-0.002433,0.034492,0.039651,-0.007545,0.047197,0.096175,-0.013152,0.109327
APA,0001841666-26-000021,2026-04-15T01:13:56.000Z,2026-04-16,-0.5,-0.056992,0.012363,-0.069356,-0.007916,0.008954,-0.01687,0.02688,0.008043,0.018837
APD,0000002969-26-000034,2026-07-30T10:58:31.000Z,2026-07-31,-0.317919,-0.006613,0.010454,-0.017067,0.000678,0.023077,-0.022399,0.028994,0.025049,0.003945
APD,0001193125-26-289427,2026-06-30T12:08:39.000Z,2026-07-01,-0.352941,0.025424,0.008354,0.017071,-0.004406,0.008203,-0.012609,-0.034432,0.002918,-0.03735
APD,0000002969-26-000018,2026-04-30T10:50:17.000Z,2026-05-01,-0.216783,-0.009034,-0.006355,-0.002679,-0.002857,0.009573,-0.012429,-0.0188,0.005579,-0.024379
APH,0001104659-26-114035,2026-10-07T00:01:16.000Z,2026-10-08,0.0,0.017523,0.003659,0.013864,,,,,,
APH,0001104659-26-105485,2026-09-05T00:01:19.000Z,2026-09-08,0.0,-0.005137,-0.009463,0.004326,0.026419,-0.008403,0.034822,-0.050269,-0.013609,-0.036661
APH,0001104659-26-091969,2026-08-07T00:01:21.000Z,2026-08-10,-0.333333,-0.002803,0.002101,-0.004903,-0.011628,0.011707,-0.023335,0.018903,0.003686,0.015217
APH,0001104659-26-087904,2026-07-29T18:26:52.000Z,2026-07-30,-0.203125,0.005506,-0.00127,0.006776,0.072018,0.024323,0.047695,0.067513,0.016515,0.050998
APH,0001104659-26-065682,2026-05-23T00:01:31.000Z,2026-05-26,-0.6,0.004873,-0.000163,0.005036,0.065921,0.005025,0.060897,0.063342,0.008845,0.054497
APH,0001104659-26-059404,2026-05-13T00:15:17.000Z,2026-05-14,-0.75,-0.032433,-0.009867,-0.022566,-0.077328,-0.007509,-0.069819,-0.033517,0.006807,-0.040324
APH,0001104659-26-055888,2026-05-06T14:30:49.000Z,2026-05-07,-0.466667,-0.062875,0.00101,-0.063885,-0.064046,-0.001337,-0.06271,-0.054384,-0.001975,-0.052409
APH,0001104659-26-050984,2026-04-29T17:05:54.000Z,2026-04-30,-0.294118,-0.033748,-0.002823,-0.030924,-0.071841,-0.00182,-0.070021,-0.072316,0.00129,-0.073606
APO,0001858681-26-000054,2026-10-06T00:30:39.000Z,2026-10-07,-0.2,-0.002164,0.006856,-0.009019,,,,,,
APO,0001858681-26-000051,2026-09-21T15:36:14.000Z,2026-09-22,-0.333333,0.001691,-0.007084,0.008776,-0.019815,-0.008912,-0.010903,-0.041482,-0.016986,-0.024496
APO,0001858681-26-000048,2026-08-24T16:30:41.000Z,2026-08-25,0.0,0.003679,0.002192,0.001488,0.013966,-0.00427,0.018236,-0.011188,-0.018417,0.007229
APO,0001858681-26-000046,2026-08-13T15:03:59.000Z,2026-08-14,0.0,-0.044189,-0.00889,-0.035299,-0.046644,-0.004365,-0.042278,-0.05335,-0.005973,-0.047377
APO,0001858681-26-000043,2026-08-11T16:35:09.000Z,2026-08-12,0.0,0.035856,0.007478,0.028378,-0.029363,-0.000758,-0.028605,-0.031856,0.003727,-0.035583
APO,0001858681-26-000036,2026-08-04T14:30:55.000Z,2026-08-05,-0.039548,-0.013488,-0.005057,-0.008432,0.017574,0.00197,0.015603,0.068367,0.006071,0.062296
APO,0001858681-26-000033,2026-07-02T00:30:45.000Z,2026-07-06,-0.2,-0.023246,-0.000502,-0.022744,-0.019072,-0.005357,-0.013715,-0.027339,-0.001896,-0.025443
APO,0000950142-26-001692,2026-06-10T00:16:17.000Z,2026-06-11,-0.6,-0.000224,0.007831,-0.008055,0.034127,0.010001,0.024126,0.026809,-0.002776,0.029585
APO,0001858681-26-000029,2026-05-15T15:48:43.000Z,2026-05-18,0.0,-0.017655,-0.005561,-0.012093,-0.019527,0.009336,-0.028863,-0.026942,0.021677,-0.048619
APO,0001858681-26-000021,2026-05-06T14:31:19.000Z,2026-05-07,-0.078652,0.042335,0.00101,0.041325,0.032397,-0.001337,0.033733,0.06049,-0.001975,0.062465
APO,0001858681-26-000018,2026-05-01T17:18:04.000Z,2026-05-04,0.0,0.008592,0.007294,0.001298,-0.010837,0.010479,-0.021316,0.00983,0.009716,0.000115
APP,0001751008-26-000057,2026-08-05T20:06:12.000Z,2026-08-06,-0.666667,0.033157,0.00705,0.026108,-0.050615,0.009173,-0.059789,-0.06852,0.018773,-0.087292
APP,0001751008-26-000050,2026-06-05T20:30:25.000Z,2026-06-08,-0.8,-0.076017,0.009475,-0.085492,-0.151005,0.010944,-0.161949,-0.075982,0.022442,-0.098424
APP,0001751008-26-000042,2026-05-06T20:07:59.000Z,2026-05-07,-0.69697,-0.060777,0.00101,-0.061787,-0.016397,-0.001337,-0.015061,-0.027482,-0.001975,-0.025507
APTV,0001521332-26-000057,2026-08-04T10:50:30.000Z,2026-08-05,-0.45679,-0.015103,-0.005057,-0.010046,0.059562,0.00197,0.057592,0.03127,0.006071,0.025199
APTV,0001521332-26-000044,2026-05-05T10:50:18.000Z,2026-05-06,-0.525424,0.005458,-0.005314,0.010772,-0.024472,-0.006743,-0.017729,-0.045599,-0.011773,-0.033825
APTV,0001521332-26-000039,2026-04-30T20:20:17.000Z,2026-05-01,-0.6,-0.01587,-0.006355,-0.009515,-0.061002,0.009573,-0.070575,-0.042156,0.005579,-0.047735
ARE,0001035443-26-000069,2026-09-24T20:31:54.000Z,2026-09-25,-0.2,-0.025436,-0.006655,-0.018781,-0.035137,-0.0153,-0.019837,-0.036966,-0.007354,-0.029613
ARE,0001104659-26-099706,2026-08-21T20:30:43.000Z,2026-08-24,-0.789474,-0.021095,-0.000988,-0.020107,-0.032569,-0.001771,-0.030797,-0.050888,-0.011446,-0.039442
ARE,0001104659-26-097337,2026-08-14T21:02:37.000Z,2026-08-17,0.058824,-0.023434,-0.004487,-0.018947,0.127823,-0.002847,0.13067,0.151257,0.00437,0.146887
ARE,0001035443-26-000067,2026-08-03T20:07:34.000Z,2026-08-04,0.151414,0.025169,-0.002081,0.02725,0.017802,0.000165,0.017638,-0.015347,0.001963,-0.01731
ARE,0001035443-26-000058,2026-07-09T21:10:11.000Z,2026-07-10,0.181818,0.004177,-0.000315,0.004493,0.017126,-0.005796,0.022922,0.048872,-0.003257,0.052129
ARE,0001035443-26-000054,2026-05-14T20:08:48.000Z,2026-05-15,-0.5,0.038025,0.007625,0.030401,0.06382,0.013274,0.050547,0.075606,0.025519,0.050087
ARE,0001035443-26-000045,2026-04-27T20:39:01.000Z,2026-04-28,0.112263,0.015838,-0.002693,0.018531,0.024251,0.008924,0.015327,0.08389,0.010188,0.073702
ARES,0001628280-26-063870,2026-09-29T23:21:09.000Z,2026-09-30,-0.666667,0.003443,0.005201,-0.001757,0.008264,0.014107,-0.005843,-0.003615,0.012976,-0.016591
ARES,0001628280-26-051191,2026-07-31T01:39:15.000Z,2026-08-03,-0.109489,0.03132,0.01478,0.01654,-0.002887,0.007126,-0.010013,-0.006567,0.014267,-0.020834
ARES,0001628280-26-047830,2026-07-09T23:15:30.000Z,2026-07-10,-0.666667,-0.011165,-0.000315,-0.01085,0.024464,-0.005796,0.03026,0.031771,-0.003257,0.035028
ARES,0001628280-26-042576,2026-06-11T21:24:48.000Z,2026-06-12,-0.6,0.00341,0.003465,-5.5e-05,-0.03897,-0.014304,-0.024666,-0.057314,-0.009873,-0.047441
ARES,0001628280-26-038606,2026-05-28T00:42:20.000Z,2026-05-29,-0.6,0.001868,0.000853,0.001015,-0.042023,-0.000925,-0.041098,-0.022179,-0.001623,-0.020556
ARES,0001628280-26-029083,2026-05-01T01:36:52.000Z,2026-05-04,-0.171429,0.024837,0.007294,0.017543,0.026421,0.010479,0.015942,0.03859,0.009716,0.028874
ATO,0001193125-26-341096,2026-08-10T14:15:09.000Z,2026-08-11,0.904762,0.002246,0.002433,-0.000188,0.004196,0.010429,-0.006233,0.007683,-0.003447,0.01113
ATO,0000731802-26-000100,2026-08-06T00:47:05.000Z,2026-08-07,-0.363636,-0.013338,0.000179,-0.013517,-0.003525,0.004379,-0.007904,-0.001586,0.012525,-0.014111
ATO,0001193125-26-276088,2026-06-19T01:11:03.000Z,2026-06-22,-0.8,0.008845,-0.00224,0.011085,0.024058,0.01021,0.013848,0.030957,0.017182,0.013775
ATO,0001193125-26-275070,2026-06-18T17:00:06.000Z,2026-06-22,-0.333333,0.008845,-0.00224,0.011085,0.024058,0.01021,0.013848,0.030957,0.017182,0.013775
ATO,0000731802-26-000086,2026-05-07T00:58:51.000Z,2026-05-08,-0.363636,0.006966,-0.002433,0.0094,-0.005087,-0.007545,0.002459,-0.024272,-0.013152,-0.01112
AVGO,0001730168-26-000076,2026-09-02T20:26:04.000Z,2026-09-03,-0.345455,0.002072,-0.004067,0.006138,0.020215,-0.022788,0.043003,0.013523,-0.021878,0.035401
AVGO,0001193125-26-295589,2026-07-06T12:00:19.000Z,2026-07-07,-0.2,0.048304,-0.01091,0.059214,0.078726,-0.000967,0.079693,0.049436,-0.005177,0.054613
AVGO,0001193125-26-275077,2026-06-18T13:00:28.000Z,2026-06-22,-0.111111,-0.030551,-0.00224,-0.028311,-0.033713,0.01021,-0.043924,-0.050187,0.017182,-0.067369
AVGO,0001193125-26-266777,2026-06-11T13:07:29.000Z,2026-06-12,-0.076923,0.031068,0.003465,0.027602,0.028346,-0.014304,0.04265,0.027955,-0.009873,0.037828
AVGO,0001730168-26-000051,2026-06-03T20:21:35.000Z,2026-06-04,-0.344828,-0.079206,-0.009468,-0.069738,-0.063856,-0.002575,-0.061281,-0.079587,-0.001107,-0.078481
AVGO,0001730168-26-000039,2026-04-21T20:37:02.000Z,2026-04-22,-0.6,-0.006412,-0.000628,-0.005784,-0.010529,-0.00455,-0.005979,-0.040696,-0.011083,-0.029612
AVY,0000008818-26-000154,2026-10-05T14:45:28.000Z,2026-10-06,0.0,-0.008786,-0.007665,-0.001121,-0.00751,0.002787,-0.010297,,,
AVY,0000008818-26-000141,2026-08-19T14:45:55.000Z,2026-08-20,0.333333,0.005638,0.005829,-0.000191,-0.014944,0.005715,-0.020659,-0.023757,0.004712,-0.02847
AVY,0000008818-26-000127,2026-07-30T14:47:05.000Z,2026-07-31,-0.164384,0.014965,0.010454,0.004511,0.034466,0.023077,0.01139,0.043893,0.025049,0.018844
AVY,0000008818-26-000116,2026-06-04T14:44:00.000Z,2026-06-05,0.478261,-0.013984,-0.002379,-0.011605,0.005735,-0.005524,0.011259,0.026228,0.016479,0.009749
AVY,0000008818-26-000078,2026-05-02T00:15:57.000Z,2026-05-04,-0.5,0.00941,0.007294,0.002117,0.031597,0.010479,0.021117,0.009722,0.009716,6e-06
AVY,0000008818-26-000075,2026-04-28T14:46:31.000Z,2026-04-29,-0.173913,0.006014,0.014595,-0.008581,-0.015281,0.005321,-0.020602,0.02289,0.021751,0.00114
AWK,0001410636-26-000143,2026-09-17T18:54:18.000Z,2026-09-18,-0.416667,-0.014202,0.005038,-0.019239,-0.020898,-0.002109,-0.018789,-0.036718,-0.003817,-0.032902
AWK,0001193125-26-392966,2026-09-16T23:14:25.000Z,2026-09-17,-0.2,-0.016927,-0.004282,-0.012645,-0.031973,0.000835,-0.032808,-0.048539,-0.012073,-0.036465
AWK,0001410636-26-000131,2026-09-10T00:19:10.000Z,2026-09-11,0.411765,0.008933,0.00012,0.008813,0.000508,-0.013321,0.013829,-0.013,-0.013001,1e-06
AWK,0001410636-26-000128,2026-09-01T00:15:10.000Z,2026-09-02,-0.391304,0.010037,0.0072,0.002836,0.00638,-0.006517,0.012898,0.002509,-0.022942,0.025451
AWK,0001410636-26-000121,2026-07-30T00:33:29.000Z,2026-07-31,-0.396226,-0.021391,0.010454,-0.031845,-7.5e-05,0.023077,-0.023151,0.008497,0.025049,-0.016553
AWK,0001410636-26-000115,2026-07-17T00:54:53.000Z,2026-07-20,0.076923,-0.015862,0.00249,-0.018353,0.005687,-0.001485,0.007171,0.006809,0.013676,-0.006867
AWK,0001410636-26-000109,2026-07-02T00:23:34.000Z,2026-07-06,0.3125,0.012999,-0.000502,0.013501,-0.019085,-0.005357,-0.013728,-0.011721,-0.001896,-0.009826
AWK,0001410636-26-000105,2026-06-10T00:24:46.000Z,2026-06-11,-0.030303,0.014946,0.007831,0.007114,0.032302,0.010001,0.022301,0.004982,-0.002776,0.007758
AWK,0001410636-26-000098,2026-06-02T00:24:50.000Z,2026-06-03,-0.225806,-0.0126,0.009608,-0.022208,-0.010662,-0.002579,-0.008083,0.021404,-0.004746,0.026149
AWK,0001193125-26-232113,2026-05-20T19:23:46.000Z,2026-05-21,-0.2,0.010655,0.008498,0.002157,-0.000807,0.011755,-0.012562,-0.004924,0.01736,-0.022284
AWK,0001410636-26-000094,2026-05-16T00:34:52.000Z,2026-05-18,-0.367876,-0.005367,-0.005561,0.000194,-0.00761,0.009336,-0.016946,-0.007851,0.021677,-0.029528
AWK,0001410636-26-000064,2026-04-30T00:32:39.000Z,2026-05-01,-0.428571,-0.004161,-0.006355,0.002195,-0.013346,0.009573,-0.022919,-0.018292,0.005579,-0.023871
AXON,0001193125-26-395997,2026-09-21T10:02:06.000Z,2026-09-22,-0.692308,-0.018963,-0.007084,-0.011879,-0.063594,-0.008912,-0.054682,-0.086519,-0.016986,-0.069533
AXON,0001193125-26-391320,2026-09-15T11:20:33.000Z,2026-09-16,-0.65625,-0.031852,0.004965,-0.036817,-0.034926,0.005892,-0.040818,-0.038021,-0.00113,-0.036892
AXON,0001628280-26-053363,2026-08-05T20:12:36.000Z,2026-08-06,-0.283333,0.092926,0.00705,0.085876,0.217911,0.009173,0.208738,0.178253,0.018773,0.15948
AXON,0001628280-26-047888,2026-07-10T20:19:52.000Z,2026-07-13,0.714286,0.00042,-0.003751,0.004172,-0.009652,0.004409,-0.014061,-0.035739,-0.008034,-0.027704
AXON,0001628280-26-039483,2026-06-01T20:10:40.000Z,2026-06-02,-0.666667,-0.017628,-0.004463,-0.013166,-0.008161,-0.004322,-0.003839,-0.076736,0.002786,-0.079522
AXON,0001628280-26-031285,2026-05-06T20:15:09.000Z,2026-05-07,-0.168675,-0.054698,0.00101,-0.055708,-0.077842,-0.001337,-0.076506,-0.090656,-0.001975,-0.088681
AXON,0001628280-26-024720,2026-04-10T20:35:28.000Z,2026-04-13,0.333333,0.059033,0.00427,0.054762,0.093012,0.009646,0.083366,0.122682,0.02507,0.097612
AXP,0000004962-26-000353,2026-09-15T15:35:25.000Z,2026-09-16,-0.6,-0.004033,0.004965,-0.008998,0.003713,0.005892,-0.00218,-0.033512,-0.00113,-0.032382
AXP,0000004962-26-000345,2026-08-17T20:00:28.000Z,2026-08-18,-0.6,0.004077,0.009224,-0.005148,-0.007444,0.007591,-0.015035,-0.007592,0.007786,-0.015377
AXP,0000004962-26-000338,2026-08-13T01:29:42.000Z,2026-08-14,-0.846154,-0.018308,-0.00889,-0.009417,-0.007533,-0.004365,-0.003168,-0.018921,-0.005973,-0.012948
AXP,0000004962-26-000327,2026-08-05T17:10:30.000Z,2026-08-06,-0.666667,-0.004933,0.00705,-0.011983,-0.005225,0.009173,-0.014398,0.003065,0.018773,-0.015708
AXP,0000004962-26-000318,2026-07-24T15:00:28.000Z,2026-07-27,-0.162963,0.003697,0.010683,-0.006986,0.006351,0.000796,0.005555,0.027818,0.009844,0.017975
AXP,0000004962-26-000302,2026-07-15T20:00:29.000Z,2026-07-16,-0.6,-0.017203,-0.007527,-0.009676,-0.029814,-0.009631,-0.020184,-0.057333,-0.013539,-0.043794
AXP,0000004962-26-000281,2026-06-26T00:19:46.000Z,2026-06-29,-0.263158,-0.007715,-0.001081,-0.006634,0.03533,0.011239,0.024091,0.028329,0.011257,0.017072
AXP,0000004962-26-000270,2026-06-17T21:01:12.000Z,2026-06-18,0.0,0.000207,0.000577,-0.00037,0.013491,0.005063,0.008428,0.006982,0.016234,-0.009252
AXP,0000004962-26-000263,2026-06-15T20:00:39.000Z,2026-06-16,-0.555556,-0.000587,-0.016485,0.015898,-0.007836,-0.012246,0.00441,0.005341,-0.008325,0.013666
AXP,0000004962-26-000249,2026-05-15T20:00:46.000Z,2026-05-18,-0.6,-0.009384,-0.005561,-0.003823,-0.008135,0.009336,-0.017471,-0.004868,0.021677,-0.026545
AXP,0000004962-26-000231,2026-05-08T00:18:21.000Z,2026-05-11,-0.846154,0.006372,0.000149,0.006223,0.001441,-0.000834,0.002274,-0.000256,-0.003038,0.002782
AXP,0000004962-26-000207,2026-05-04T22:00:53.000Z,2026-05-05,0.0,0.018832,0.008677,0.010155,0.000253,0.004366,-0.004113,-0.005191,0.001754,-0.006944
AXP,0000004962-26-000203,2026-05-04T15:34:11.000Z,2026-05-05,0.142857,0.018832,0.008677,0.010155,0.000253,0.004366,-0.004113,-0.005191,0.001754,-0.006944
AXP,0000004962-26-000188,2026-04-23T15:00:36.000Z,2026-04-24,-0.088339,0.015155,-0.001822,0.016977,0.004999,-0.008626,0.013625,0.01783,0.002731,0.015098
AXP,0000004962-26-000148,2026-04-15T20:01:04.000Z,2026-04-16,-0.555556,0.018204,0.012363,0.00584,0.012371,0.008954,0.003417,-0.022133,0.008043,-0.030176
AZO,0001171843-26-006159,2026-09-22T10:55:14.000Z,2026-09-23,-0.333333,0.006475,-0.005939,0.012414,0.024598,-0.00843,0.033028,-0.004685,-0.017061,0.012376
AZO,0001104659-26-083528,2026-07-14T20:36:34.000Z,2026-07-15,-0.5,0.030832,0.01,0.020833,0.007931,-0.002387,0.010318,0.000633,-0.000527,0.00116
AZO,0001104659-26-082304,2026-07-09T21:20:29.000Z,2026-07-10,-0.5,0.002063,-0.000315,0.002379,-0.033219,-0.005796,-0.027423,-0.008527,-0.003257,-0.00527
AZO,0001171843-26-004150,2026-06-16T21:00:18.000Z,2026-06-17,0.2,0.001585,0.003447,-0.001862,-0.004304,0.00124,-0.005545,-0.000193,0.014319,-0.014512
AZO,0001171843-26-003674,2026-05-26T10:55:18.000Z,2026-05-27,-0.222222,-0.006738,0.004229,-0.010967,-0.002157,0.00651,-0.008667,0.011287,0.004171,0.007116
BA,0001628280-26-059427,2026-08-28T20:43:54.000Z,2026-08-31,-0.8,-0.010203,-0.008009,-0.002194,0.013139,0.003345,0.009794,0.014198,-0.010337,0.024535
BA,0001628280-26-058481,2026-08-21T21:08:16.000Z,2026-08-24,0.333333,0.002946,-0.000988,0.003934,-0.002708,-0.001771,-0.000937,-0.012734,-0.011446,-0.001288
BA,0001628280-26-049929,2026-07-28T11:31:17.000Z,2026-07-29,-0.607843,0.032195,0.000251,0.031944,0.091024,0.009992,0.081032,0.122331,0.022839,0.099492
BA,0001628280-26-026391,2026-04-22T11:40:05.000Z,2026-04-23,-0.505882,-0.007303,-0.001856,-0.005447,-0.014649,-0.007985,-0.006664,-0.021866,0.003756,-0.025622
BA,0001628280-26-025684,2026-04-17T18:54:44.000Z,2026-04-20,-0.6,-0.026302,-0.006155,-0.020147,0.040297,-0.006962,0.047258,0.027768,-0.010689,0.038457
BAC,0000070858-26-000364,2026-07-24T15:07:02.000Z,2026-07-27,0.333333,0.007887,0.010683,-0.002796,-0.006438,0.000796,-0.007234,0.005633,0.009844,-0.00421
BAC,0000070858-26-000353,2026-07-14T14:45:08.000Z,2026-07-15,-0.261017,-0.001624,0.01,-0.011623,-0.018997,-0.002387,-0.016609,0.000487,-0.000527,0.001014
BAC,0000070858-26-000273,2026-05-07T00:34:21.000Z,2026-05-08,-0.714286,-0.014812,-0.002433,-0.012379,-0.028649,-0.007545,-0.021104,-0.030014,-0.013152,-0.016862
BAC,0000070858-26-000222,2026-04-15T14:44:44.000Z,2026-04-16,-0.295533,0.007475,0.012363,-0.004888,-0.000561,0.008954,-0.009515,-0.019436,0.008043,-0.027479
BALL,0001104659-26-106140,2026-09-09T12:09:47.000Z,2026-09-10,0.571429,0.002678,0.00808,-0.005402,0.021259,0.002559,0.0187,0.016907,-0.000603,0.017509
BALL,0001104659-26-090074,2026-08-04T11:43:45.000Z,2026-08-05,0.115789,-0.00567,-0.005057,-0.000614,-0.014333,0.00197,-0.016303,-0.021263,0.006071,-0.027335
BALL,0000009389-26-000107,2026-05-05T12:13:25.000Z,2026-05-06,0.12,-0.01,-0.005314,-0.004686,-0.021695,-0.006743,-0.014952,-0.04322,-0.011773,-0.031447
BALL,0000009389-26-000075,2026-04-29T20:33:04.000Z,2026-04-30,-0.75,0.004093,-0.002823,0.006916,-0.064997,-0.00182,-0.063177,-0.043713,0.00129,-0.045003
BAX,0001193125-26-356188,2026-08-19T12:07:42.000Z,2026-08-20,0.666667,-0.002651,0.005829,-0.00848,-0.004544,0.005715,-0.010259,-0.018175,0.004712,-0.022887
BAX,0001628280-26-057739,2026-08-18T21:00:50.000Z,2026-08-19,-0.562044,-0.008634,-0.006906,-0.001727,-0.005631,-0.000244,-0.005387,-0.005255,0.000727,-0.005983
BAX,0001193125-26-333134,2026-08-04T21:22:22.000Z,2026-08-05,-0.333333,-0.011709,-0.005057,-0.006652,0.016465,0.00197,0.014495,-0.013904,0.006071,-0.019975
BAX,0001628280-26-052180,2026-08-04T12:32:33.000Z,2026-08-05,-0.527778,-0.011709,-0.005057,-0.006652,0.016465,0.00197,0.014495,-0.013904,0.006071,-0.019975
BAX,0001628280-26-050795,2026-07-30T11:17:40.000Z,2026-07-31,-0.377193,0.074159,0.010454,0.063705,0.044725,0.023077,0.021648,0.053135,0.025049,0.028085
BAX,0001628280-26-048158,2026-07-14T20:15:49.000Z,2026-07-15,-0.571429,0.054176,0.01,0.044176,-0.003612,-0.002387,-0.001225,-0.01851,-0.000527,-0.017983
BAX,0001193125-26-214680,2026-05-08T20:16:00.000Z,2026-05-11,-0.653846,0.020536,0.000149,0.020388,0.014261,-0.000834,0.015095,0.014832,-0.003038,0.01787
BAX,0001628280-26-028582,2026-04-30T11:17:57.000Z,2026-05-01,-0.427027,-0.034282,-0.006355,-0.027927,-0.013364,0.009573,-0.022937,0.045323,0.005579,0.039743
BBY,0000764478-26-000037,2026-08-27T11:00:56.000Z,2026-08-28,-0.036364,-0.027778,-0.006249,-0.021529,0.055313,-0.009969,0.065281,0.094978,-0.007081,0.102059
BBY,0000764478-26-000034,2026-08-03T20:08:56.000Z,2026-08-04,0.909091,-0.021424,-0.002081,-0.019343,-0.050376,0.000165,-0.050541,-0.035553,0.001963,-0.037516
BBY,0000764478-26-000027,2026-06-22T20:10:46.000Z,2026-06-23,0.265306,0.033001,0.006955,0.026045,0.034065,0.017921,0.016145,0.009714,0.017995,-0.008281
BBY,0000764478-26-000024,2026-06-17T20:49:50.000Z,2026-06-18,-0.090909,0.017128,0.000577,0.016551,0.038806,0.005063,0.033743,0.039877,0.016234,0.023643
BBY,0000764478-26-000018,2026-05-28T11:00:49.000Z,2026-05-29,0.190083,-0.038101,0.000853,-0.038955,-0.079795,-0.000925,-0.078869,-0.082232,-0.001623,-0.080609
BBY,0000764478-26-000012,2026-04-22T11:01:15.000Z,2026-04-23,0.495146,-0.017073,-0.001856,-0.015217,-0.038862,-0.007985,-0.030877,-0.016423,0.003756,-0.020179
BDX,0001628280-26-053790,2026-08-06T10:31:38.000Z,2026-08-07,-0.306667,0.015662,0.000179,0.015483,0.037996,0.004379,0.033618,0.036978,0.012525,0.024453
BDX,0001628280-26-049103,2026-07-22T10:58:24.000Z,2026-07-23,0.888889,0.022161,0.007986,0.014176,0.087403,0.028046,0.059357,0.081585,0.017456,0.064128
BDX,0001628280-26-039005,2026-05-29T12:39:28.000Z,2026-06-01,-0.714286,-0.006193,0.002888,-0.009081,0.029106,0.008009,0.021097,0.032065,-0.004428,0.036493
BDX,0001140361-26-022270,2026-05-20T21:05:06.000Z,2026-05-21,-0.714286,0.009436,0.008498,0.000938,0.006769,0.011755,-0.004986,0.005949,0.01736,-0.011411
BDX,0001140361-26-020828,2026-05-12T20:30:54.000Z,2026-05-13,-0.5,0.002011,0.004399,-0.002388,-0.012692,0.002292,-0.014985,0.019212,0.007758,0.011454
BDX,0001628280-26-031638,2026-05-07T10:30:49.000Z,2026-05-08,-0.35,-0.042026,-0.002433,-0.039593,-0.035133,-0.007545,-0.027588,-0.039885,-0.013152,-0.026733
BDX,0000010795-26-000012,2026-04-29T20:16:44.000Z,2026-04-30,-0.6,0.001812,-0.002823,0.004635,-0.032676,-0.00182,-0.030856,0.028315,0.00129,0.027024
BDX,0001628280-26-024472,2026-04-09T20:18:47.000Z,2026-04-10,0.84,0.007846,0.012465,-0.004619,0.008429,0.017735,-0.009306,0.028012,0.03511,-0.007098
BEN,0001552781-26-000423,2026-08-11T00:15:40.000Z,2026-08-12,-0.555556,0.008038,0.007478,0.00056,0.017862,-0.000758,0.018621,0.011611,0.003727,0.007884
BEN,0000038777-26-000215,2026-07-31T16:36:53.000Z,2026-08-03,-0.179487,0.01504,0.01478,0.000259,-0.035187,0.007126,-0.042313,-0.048808,0.014267,-0.063075
BEN,0001552781-26-000398,2026-07-31T01:17:52.000Z,2026-08-03,-0.853659,0.01504,0.01478,0.000259,-0.035187,0.007126,-0.042313,-0.048808,0.014267,-0.063075
BEN,0000038777-26-000194,2026-07-23T16:48:00.000Z,2026-07-24,-0.103448,0.022468,0.007936,0.014532,-0.003078,0.01061,-0.013688,0.042167,0.007518,0.034649
BEN,0000038777-26-000171,2026-06-05T17:00:38.000Z,2026-06-08,-0.733333,0.013062,0.009475,0.003586,0.01338,0.010944,0.002436,0.03568,0.022442,0.013238
BEN,0000038777-26-000100,2026-04-28T16:34:42.000Z,2026-04-29,-0.246377,0.017657,0.014595,0.003062,0.008489,0.005321,0.003168,0.058064,0.021751,0.036314
BF-B,0001193125-26-396679,2026-09-21T20:15:37.000Z,2026-09-22,-0.714286,-0.010166,-0.007084,-0.003081,-0.01506,-0.008912,-0.006148,-0.010166,-0.016986,0.00682
BF-B,0000014693-26-000048,2026-09-02T12:03:11.000Z,2026-09-03,-0.594203,-0.028353,-0.004067,-0.024287,-0.049437,-0.022788,-0.026648,-0.046892,-0.021878,-0.025014
BF-B,0000014693-26-000035,2026-07-23T20:18:43.000Z,2026-07-24,0.333333,0.050613,0.007936,0.042677,0.131902,0.01061,0.121292,0.10161,0.007518,0.094093
BF-B,0000014693-26-000033,2026-07-13T20:40:00.000Z,2026-07-14,-0.294118,-0.001195,-0.00151,0.000315,0.019123,0.000925,0.018198,0.04741,-0.001998,0.049408
BF-B,0000014693-26-000018,2026-06-04T12:02:54.000Z,2026-06-05,-0.465969,0.010703,-0.002379,0.013083,0.022984,-0.005524,0.028508,0.041493,0.016479,0.025014
BF-B,0000014693-26-000016,2026-04-28T20:45:02.000Z,2026-04-29,-0.1,0.036188,0.014595,0.021593,-0.008444,0.005321,-0.013765,0.084841,0.021751,0.06309
BG,0001628280-26-064933,2026-10-06T00:18:12.000Z,2026-10-07,0.333333,0.021894,0.006856,0.015038,,,,,,
BG,0001628280-26-062880,2026-09-22T00:09:22.000Z,2026-09-23,0.2,-0.011392,-0.005939,-0.005453,-0.021708,-0.00843,-0.013278,-0.040635,-0.017061,-0.023575
BG,0001628280-26-060388,2026-09-04T00:02:22.000Z,2026-09-08,0.333333,-0.003148,-0.009463,0.006315,-0.011946,-0.008403,-0.003543,-0.017193,-0.013609,-0.003584
BG,0001104659-26-098782,2026-08-20T00:15:35.000Z,2026-08-21,-0.083333,-0.026081,0.00094,-0.027021,0.001238,0.001965,-0.000727,0.020953,-0.004583,0.025536
BG,0001628280-26-050334,2026-07-29T14:15:46.000Z,2026-07-30,0.020979,0.01104,-0.00127,0.01231,0.015799,0.024323,-0.008524,0.037404,0.016515,0.020888
BG,0001628280-26-037544,2026-05-22T16:11:02.000Z,2026-05-26,-0.454545,0.008993,-0.000163,0.009156,0.026645,0.005025,0.02162,0.075187,0.008845,0.066342
BG,0001628280-26-028079,2026-04-29T14:11:06.000Z,2026-04-30,-0.02439,-0.019359,-0.002823,-0.016536,0.026049,-0.00182,0.027868,-0.026127,0.00129,-0.027417
BIIB,0000875045-26-000073,2026-07-29T14:10:24.000Z,2026-07-30,-0.021978,-0.02395,-0.00127,-0.02268,0.002501,0.024323,-0.021822,-0.007935,0.016515,-0.024451
BIIB,0000875045-26-000068,2026-07-02T00:08:37.000Z,2026-07-06,-0.5,-0.01324,-0.000502,-0.012738,-0.045812,-0.005357,-0.040455,0.002734,-0.001896,0.00463
BIIB,0000950157-26-000700,2026-06-11T00:54:22.000Z,2026-06-12,-0.6,-0.007048,0.003465,-0.010514,-0.006898,-0.014304,0.007406,-0.0017,-0.009873,0.008174
BIIB,0001193125-26-222908,2026-05-14T16:31:16.000Z,2026-05-15,-0.455556,-0.00539,0.007625,-0.013015,-0.026691,0.013274,-0.039965,0.004198,0.025519,-0.021321
BIIB,0000875045-26-000042,2026-04-29T14:05:42.000Z,2026-04-30,-0.035897,-0.011729,-0.002823,-0.008905,-0.000792,-0.00182,0.001027,0.011095,0.00129,0.009805
BKNG,0001075531-26-000036,2026-08-04T20:03:14.000Z,2026-08-05,-0.033708,0.001787,-0.005057,0.006844,0.028306,0.00197,0.026336,0.025312,0.006071,0.01924
BKNG,0001075531-26-000031,2026-06-02T20:57:14.000Z,2026-06-03,-0.833333,0.016446,0.009608,0.006838,-0.012574,-0.002579,-0.009996,-0.022674,-0.004746,-0.017928
BKNG,0001104659-26-058730,2026-05-11T21:01:06.000Z,2026-05-12,-0.636364,-0.034442,-0.005352,-0.02909,-0.040047,-0.010937,-0.029111,-0.037494,-0.008793,-0.028701
BKNG,0001104659-26-057239,2026-05-07T20:49:22.000Z,2026-05-08,-0.75,-0.048996,-0.002433,-0.046563,-0.06569,-0.007545,-0.058145,-0.071114,-0.013152,-0.057962
BKNG,0001075531-26-000024,2026-04-28T20:03:39.000Z,2026-04-29,-0.16129,-0.032303,0.014595,-0.046897,-0.048281,0.005321,-0.053603,-0.032532,0.021751,-0.054283
BKR,0001193125-26-385823,2026-09-09T10:01:28.000Z,2026-09-10,0.405941,-0.005724,0.00808,-0.013804,-0.045118,0.002559,-0.047677,-0.047643,-0.000603,-0.04704
BKR,0001701605-26-000021,2026-07-27T10:07:10.000Z,2026-07-28,0.204545,0.004448,-0.008959,0.013406,0.034725,-0.010642,0.045366,0.055936,0.014764,0.041172
BKR,0001193125-26-305477,2026-07-16T12:54:32.000Z,2026-07-17,-0.012048,-0.014299,-0.004675,-0.009624,0.011617,-0.002299,0.013917,0.023235,0.001193,0.022042
BKR,0001193125-26-276600,2026-06-22T10:02:06.000Z,2026-06-23,-0.391304,-0.039196,0.006955,-0.046151,-0.036128,0.017921,-0.054049,-0.054192,0.017995,-0.072187
BKR,0001193125-26-234383,2026-05-21T20:01:31.000Z,2026-05-22,-0.391304,0.010142,0.003283,0.00686,-0.020436,0.007078,-0.027514,-0.046776,0.009892,-0.056667
BKR,0001193125-26-231070,2026-05-19T21:05:55.000Z,2026-05-20,-0.666667,-0.014823,0.003571,-0.018394,-0.000898,0.015625,-0.016523,-0.031142,0.019547,-0.050689
BKR,0001701605-26-000012,2026-04-23T21:14:17.000Z,2026-04-24,0.0,-0.008123,-0.001822,-0.006301,-0.001886,-0.008626,0.006741,0.002611,0.002731,-0.00012
BLDR,0001193125-26-340381,2026-08-08T00:36:31.000Z,2026-08-10,-0.333333,0.043345,0.002101,0.041245,0.02195,0.011707,0.010243,-0.02459,0.003686,-0.028276
BLDR,0001193125-26-324859,2026-07-30T15:00:17.000Z,2026-07-31,-0.037037,0.090909,0.010454,0.080455,0.141782,0.023077,0.118705,0.124172,0.025049,0.099123
BLDR,0001193125-26-259521,2026-06-06T00:05:16.000Z,2026-06-08,-0.333333,0.060449,0.009475,0.050973,0.074535,0.010944,0.063591,0.064141,0.022442,0.041699
BLDR,0001316835-26-000004,2026-05-19T00:15:16.000Z,2026-05-20,0.641026,0.036923,0.003571,0.033352,0.044644,0.015625,0.029019,0.077074,0.019547,0.057528
BLDR,0001193125-26-193923,2026-04-30T15:00:16.000Z,2026-05-01,0.054945,-0.026017,-0.006355,-0.019662,0.05692,0.009573,0.047347,0.022187,0.005579,0.016608
BLK,0001193125-26-304013,2026-07-15T14:33:30.000Z,2026-07-16,-0.211765,-0.013661,-0.007527,-0.006134,-0.044901,-0.009631,-0.035271,-0.045895,-0.013539,-0.032356
BLK,0001193125-26-290830,2026-07-01T01:18:28.000Z,2026-07-02,-0.4,0.015546,0.000325,0.015222,-0.005413,-0.011237,0.005824,0.040553,-0.001412,0.041965
BLK,0001193125-26-237027,2026-05-23T00:30:38.000Z,2026-05-26,-0.714286,-0.006553,-0.000163,-0.00639,-0.028328,0.005025,-0.033352,-0.054242,0.008845,-0.063087
BLK,0001193125-26-153768,2026-04-14T14:35:09.000Z,2026-04-15,-0.119497,-0.022554,0.004765,-0.027319,-0.000172,0.019971,-0.020142,0.013227,0.013661,-0.000434
BMY,0000014272-26-000018,2026-07-30T15:05:39.000Z,2026-07-31,-0.041237,0.00245,0.010454,-0.008005,-0.025723,0.023077,-0.0488,-0.009034,0.025049,-0.034083
BMY,0001140361-26-020036,2026-05-09T00:10:44.000Z,2026-05-11,-0.714286,0.014011,0.000149,0.013863,0.019759,-0.000834,0.020593,0.029459,-0.003038,0.032498
BMY,0000014272-26-000008,2026-04-30T15:01:58.000Z,2026-05-01,-0.033708,-0.014428,-0.006355,-0.008073,-0.027997,0.009573,-0.03757,-0.035383,0.005579,-0.040963
BNY,0001390777-26-000097,2026-09-23T00:21:30.000Z,2026-09-24,-0.2,-0.000266,0.004146,-0.004413,-0.021373,-0.004126,-0.017247,-0.041747,-0.006119,-0.035628
BNY,0001193125-26-358252,2026-08-20T17:13:55.000Z,2026-08-21,0.714286,0.02303,0.00094,0.022089,0.028961,0.001965,0.026996,0.025301,-0.004583,0.029884
BNY,0001193125-26-349341,2026-08-14T00:31:42.000Z,2026-08-17,0.846154,-0.00207,-0.004487,0.002417,-0.042795,-0.002847,-0.039949,-0.012966,0.00437,-0.017337
BNY,0001193125-26-347061,2026-08-13T00:52:14.000Z,2026-08-14,0.0,0.00631,-0.00889,0.0152,-0.021318,-0.004365,-0.016953,-0.029098,-0.005973,-0.023126
BNY,0001193125-26-314242,2026-07-24T00:42:16.000Z,2026-07-27,-0.111111,-0.008113,0.010683,-0.018796,-0.010712,0.000796,-0.011508,-0.009951,0.009844,-0.019795
BNY,0001390777-26-000071,2026-07-15T14:30:21.000Z,2026-07-16,-0.194175,-0.023188,-0.007527,-0.015661,-0.012247,-0.009631,-0.002616,-0.004662,-0.013539,0.008877
BNY,0001193125-26-281160,2026-06-25T00:35:46.000Z,2026-06-26,-0.75,0.001672,0.001142,0.00053,0.017136,0.003695,0.013441,0.044581,0.012349,0.032232
BNY,0001193125-26-279476,2026-06-24T00:19:20.000Z,2026-06-25,-0.2,-0.012858,0.005449,-0.018307,-0.005638,0.005293,-0.010932,0.008183,0.018378,-0.010195
BNY,0001193125-26-269610,2026-06-13T00:49:00.000Z,2026-06-15,0.714286,0.013684,-0.000583,0.014267,0.00793,-0.013772,0.021702,0.033614,-0.015953,0.049567
BNY,0001193125-26-173843,2026-04-24T00:33:00.000Z,2026-04-27,0.0,-0.006916,-0.004228,-0.002688,-0.000744,0.007371,-0.008115,-0.019261,-0.00166,-0.017601
BNY,0001390777-26-000042,2026-04-16T14:30:21.000Z,2026-04-17,-0.228814,0.001998,0.002829,-0.000831,0.005773,-0.003371,0.009144,-0.007772,-0.006033,-0.001739
BR,0001383312-26-000022,2026-08-04T15:59:07.000Z,2026-08-05,-0.191111,0.0082,-0.005057,0.013257,0.061134,0.00197,0.059164,0.035861,0.006071,0.029789
BR,0001383312-26-000019,2026-06-11T00:30:23.000Z,2026-06-12,0.777778,-0.014427,0.003465,-0.017892,-0.03617,-0.014304,-0.021866,-0.059709,-0.009873,-0.049836
BR,0001383312-26-000017,2026-05-21T18:07:10.000Z,2026-05-22,0.6,-0.023523,0.003283,-0.026806,-0.005117,0.007078,-0.012195,0.062928,0.009892,0.053036
BR,0001140361-26-021675,2026-05-16T00:31:25.000Z,2026-05-18,-0.588235,-0.007901,-0.005561,-0.00234,-0.003983,0.009336,-0.013319,-0.024366,0.021677,-0.046043
BR,0001140361-26-019332,2026-05-07T01:11:01.000Z,2026-05-08,-0.333333,-0.002475,-0.002433,-4.2e-05,-0.037258,-0.007545,-0.029712,-0.025953,-0.013152,-0.012801
BR,0001383312-26-000015,2026-05-07T00:36:22.000Z,2026-05-08,-0.046296,-0.002475,-0.002433,-4.2e-05,-0.037258,-0.007545,-0.029712,-0.025953,-0.013152,-0.012801
BR,0001383312-26-000013,2026-04-30T15:59:53.000Z,2026-05-01,-0.160377,-0.009018,-0.006355,-0.002662,-0.015588,0.009573,-0.025161,-0.037037,0.005579,-0.042617
BRK-B,0001193125-26-344495,2026-08-11T23:52:27.000Z,2026-08-12,-0.066667,-0.00602,0.007478,-0.013498,-0.023078,-0.000758,-0.02232,-0.020353,0.003727,-0.02408
BRK-B,0001193125-26-212148,2026-05-08T00:33:34.000Z,2026-05-11,-0.47907,0.011281,0.000149,0.011133,0.009405,-0.000834,0.010238,0.018413,-0.003038,0.021451
BRK-B,0001193125-26-159326,2026-04-17T01:15:36.000Z,2026-04-20,0.0,-0.007583,-0.006155,-0.001429,-0.003241,-0.006962,0.003721,0.001546,-0.010689,0.012236
BRO,0001193125-26-386867,2026-09-10T01:17:58.000Z,2026-09-11,0.171053,0.032331,0.00012,0.032211,-0.004684,-0.013321,0.008638,-0.017676,-0.013001,-0.004675
BRO,0001193125-26-341162,2026-08-10T10:45:26.000Z,2026-08-11,-0.444444,-0.003017,0.002433,-0.00545,-0.010312,0.010429,-0.020741,-0.026727,-0.003447,-0.02328
BRO,0001193125-26-318245,2026-07-27T21:03:54.000Z,2026-07-28,-0.402299,0.016565,-0.008959,0.025523,-0.044128,-0.010642,-0.033486,-0.033673,0.014764,-0.048437
BRO,0001193125-26-259864,2026-06-05T21:00:15.000Z,2026-06-08,-0.818182,0.019138,0.009475,0.009662,0.033621,0.010944,0.022677,0.022069,0.022442,-0.000373
BRO,0001193125-26-212338,2026-05-07T21:00:17.000Z,2026-05-08,-0.75,-0.016612,-0.002433,-0.014179,-0.033846,-0.007545,-0.0263,-8.9e-05,-0.013152,0.013063
BRO,0001193125-26-182375,2026-04-27T21:08:57.000Z,2026-04-28,-0.452381,-0.023757,-0.002693,-0.021063,-0.087266,0.008924,-0.09619,-0.089167,0.010188,-0.099355
BRO,0001193125-26-148592,2026-04-09T01:24:23.000Z,2026-04-10,0.271493,0.03657,0.012465,0.024106,0.035648,0.017735,0.017913,0.040565,0.03511,0.005455
BSX,0000885725-26-000064,2026-10-07T14:11:57.000Z,2026-10-08,0.045455,0.00333,0.003659,-0.000329,,,,,,
BSX,0000885725-26-000061,2026-09-23T14:01:27.000Z,2026-09-24,0.5,-0.01701,0.004146,-0.021156,-0.017905,-0.004126,-0.013779,-0.032453,-0.006119,-0.026334
BSX,0000885725-26-000059,2026-09-08T14:15:57.000Z,2026-09-09,-0.903226,-0.04137,-0.006947,-0.034423,0.002002,0.001141,0.000861,-0.023354,-0.012328,-0.011026
BSX,0000885725-26-000056,2026-08-26T14:06:57.000Z,2026-08-27,-0.925926,0.003643,-0.003321,0.006964,0.030212,-0.017483,0.047695,0.006,-0.006259,0.012258
BSX,0000885725-26-000051,2026-07-29T14:33:23.000Z,2026-07-30,-0.65,0.01587,-0.00127,0.01714,0.067174,0.024323,0.042851,0.071739,0.016515,0.055224
BSX,0000885725-26-000049,2026-07-28T00:06:43.000Z,2026-07-29,-0.757576,-0.000869,0.000251,-0.00112,0.051911,0.009992,0.041919,0.036924,0.022839,0.014086
BSX,0000885725-26-000042,2026-05-18T15:17:15.000Z,2026-05-19,-0.85,-0.002464,0.011418,-0.013882,0.017074,0.023837,-0.006762,-0.111776,0.027674,-0.13945
BSX,0000885725-26-000041,2026-05-18T15:15:03.000Z,2026-05-19,-0.325,-0.002464,0.011418,-0.013882,0.017074,0.023837,-0.006762,-0.111776,0.027674,-0.13945
BSX,0000885725-26-000036,2026-05-06T00:47:18.000Z,2026-05-07,-0.76,-0.046668,0.00101,-0.047678,-0.043663,-0.001337,-0.042326,-0.053385,-0.001975,-0.05141
BSX,0000885725-26-000031,2026-04-22T14:34:16.000Z,2026-04-23,-0.585185,-0.055107,-0.001856,-0.053251,-0.110215,-0.007985,-0.10223,-0.123002,0.003756,-0.126758
BX,0001193125-26-398100,2026-09-23T01:00:58.000Z,2026-09-24,-0.2,0.010323,0.004146,0.006177,-0.027387,-0.004126,-0.023261,-0.042403,-0.006119,-0.036283
BX,0001193125-26-313250,2026-07-23T14:55:07.000Z,2026-07-24,-0.268293,0.02,0.007936,0.012064,-0.004615,0.01061,-0.015226,-0.017308,0.007518,-0.024825
BX,0001193125-26-279498,2026-06-24T00:23:27.000Z,2026-06-25,-0.2,0.010685,0.005449,0.005236,0.030566,0.005293,0.025273,0.07532,0.018378,0.056942
BX,0001193125-26-171788,2026-04-23T14:55:29.000Z,2026-04-24,-0.251908,-0.010522,-0.001822,-0.0087,-0.014961,-0.008626,-0.006335,0.038635,0.002731,0.035904
BXP,0001037540-26-000037,2026-08-31T20:18:07.000Z,2026-09-01,-0.5,0.000597,0.004317,-0.00372,0.009395,0.007356,0.002039,-0.041306,-0.011649,-0.029657
BXP,0001037540-26-000031,2026-07-28T20:14:38.000Z,2026-07-29,-0.333333,-0.017816,0.000251,-0.018067,-0.035083,0.009992,-0.045075,-0.040565,0.022839,-0.063403
BXP,0001037540-26-000026,2026-05-29T20:36:57.000Z,2026-06-01,-0.636364,0.035177,0.002888,0.032288,0.049383,0.008009,0.041374,0.091324,-0.004428,0.095752
BXP,0001037540-26-000022,2026-05-22T20:25:15.000Z,2026-05-26,-0.75,0.001815,-0.000163,0.001978,-0.009899,0.005025,-0.014924,0.009899,0.008845,0.001054
BXP,0001037540-26-000015,2026-04-28T20:12:03.000Z,2026-04-29,-0.368,0.014931,0.014595,0.000336,0.017014,0.005321,0.011693,0.038889,0.021751,0.017138
C,0001193125-26-401022,2026-09-25T00:06:47.000Z,2026-09-28,0.0,-0.003884,-0.001568,-0.002316,-0.032823,-0.00347,-0.029353,-0.021019,0.005345,-0.026364
C,0001104659-26-083383,2026-07-14T17:39:47.000Z,2026-07-15,-0.76392,-0.023575,0.01,-0.033575,-0.045741,-0.002387,-0.043354,-0.019572,-0.000527,-0.019044
C,0001104659-26-065155,2026-05-22T00:15:55.000Z,2026-05-26,-0.142857,-0.011588,-0.000163,-0.011424,-0.007567,0.005025,-0.012592,0.034684,0.008845,0.025838
C,0001104659-26-042942,2026-04-14T17:42:13.000Z,2026-04-15,-0.75705,-0.017845,0.004765,-0.02261,0.010327,0.019971,-0.009643,-0.014883,0.013661,-0.028545
CAH,0000721371-26-000041,2026-10-01T10:52:00.000Z,2026-10-02,0.714286,0.021113,0.006073,0.01504,0.016908,0.004875,0.012032,0.0394,0.015319,0.024081
CAH,0000721371-26-000037,2026-08-11T10:47:32.000Z,2026-08-12,-0.369048,-0.01247,0.007478,-0.019948,0.006406,-0.000758,0.007164,0.002947,0.003727,-0.00078
CAH,0000721371-26-000036,2026-08-11T10:38:34.000Z,2026-08-12,-0.777778,-0.01247,0.007478,-0.019948,0.006406,-0.000758,0.007164,0.002947,0.003727,-0.00078
CAH,0000721371-26-000026,2026-08-05T10:39:06.000Z,2026-08-06,0.428571,-0.005302,0.00705,-0.012351,0.01094,0.009173,0.001767,-0.027013,0.018773,-0.045786
CAH,0000721371-26-000017,2026-04-30T10:47:14.000Z,2026-05-01,-0.296552,0.009322,-0.006355,0.015677,-0.019207,0.009573,-0.02878,-0.059363,0.005579,-0.064942
CARR,0001783180-26-000030,2026-07-28T10:58:31.000Z,2026-07-29,-0.238938,0.024533,0.000251,0.024282,0.054239,0.009992,0.044247,0.091956,0.022839,0.069117
CARR,0000950142-26-002161,2026-07-24T20:05:31.000Z,2026-07-27,0.7,-0.088995,0.010683,-0.099677,-0.114525,0.000796,-0.115321,-0.08885,0.009844,-0.098694
CARR,0001783180-26-000023,2026-04-30T10:59:38.000Z,2026-05-01,-0.292929,-0.022113,-0.006355,-0.015758,0.007717,0.009573,-0.001855,-0.008163,0.005579,-0.013742
CARR,0000950142-26-001146,2026-04-16T20:15:52.000Z,2026-04-17,-0.666667,0.005382,0.002829,0.002553,-0.010926,-0.003371,-0.007556,-0.005708,-0.006033,0.000326
CASY,0000726958-26-000084,2026-09-08T20:29:49.000Z,2026-09-09,-0.1875,-0.00221,-0.006947,0.004737,-0.011796,0.001141,-0.012937,-0.063638,-0.012328,-0.05131
CASY,0001140361-26-026167,2026-06-24T13:21:26.000Z,2026-06-25,0.790262,-0.007748,0.005449,-0.013197,0.012845,0.005293,0.007552,0.016197,0.018378,-0.002181
CASY,0000726958-26-000033,2026-06-09T20:30:36.000Z,2026-06-10,0.086957,0.000743,0.014297,-0.013554,-0.047193,0.026342,-0.073535,-0.070719,0.008259,-0.078977
CASY,0001140361-26-024465,2026-06-08T20:27:59.000Z,2026-06-09,0.692308,0.202869,-0.012293,0.215162,0.17599,0.009342,0.166648,0.136761,0.011449,0.125312
CAT,0001104659-26-104197,2026-09-01T16:10:12.000Z,2026-09-02,-0.615385,0.009921,0.0072,0.00272,0.038118,-0.006517,0.044635,0.016055,-0.022942,0.038997
CAT,0000018230-26-000040,2026-08-04T10:31:44.000Z,2026-08-05,-0.245714,-0.01621,-0.005057,-0.011153,-0.038458,0.00197,-0.040428,-0.017771,0.006071,-0.023842
CAT,0001104659-26-072929,2026-06-11T20:05:30.000Z,2026-06-12,0.066667,0.025654,0.003465,0.022189,0.049804,-0.014304,0.064108,0.122681,-0.009873,0.132555
CAT,0000018230-26-000017,2026-04-30T10:31:34.000Z,2026-05-01,-0.153846,-0.016736,-0.006355,-0.010381,0.041881,0.009573,0.032308,0.008745,0.005579,0.003165
CAT,0001104659-26-042621,2026-04-13T20:09:57.000Z,2026-04-14,0.5,-0.030318,0.000612,-0.03093,0.000504,0.017606,-0.017103,0.009725,0.014425,-0.0047
CAT,0001104659-26-042062,2026-04-10T20:30:11.000Z,2026-04-13,0.793103,0.003183,0.00427,-0.001088,-0.024087,0.009646,-0.033733,0.010344,0.02507,-0.014725
CB,0001193125-26-310312,2026-07-21T20:10:05.000Z,2026-07-22,-0.329423,0.029193,-0.003956,0.033149,0.045684,0.012083,0.033601,0.054395,0.0153,0.039095
CB,0001104659-26-072113,2026-06-10T12:07:52.000Z,2026-06-11,-0.5,0.003763,0.007831,-0.004069,0.006057,0.010001,-0.003945,-0.010737,-0.002776,-0.007961
CB,0001104659-26-065709,2026-05-22T20:09:45.000Z,2026-05-26,-0.948718,-0.01481,-0.000163,-0.014647,-0.042157,0.005025,-0.047182,-0.040498,0.008845,-0.049343
CB,0001104659-26-064150,2026-05-20T12:22:55.000Z,2026-05-21,-0.5,-0.007176,0.008498,-0.015674,-0.029159,0.011755,-0.040914,-0.056107,0.01736,-0.073467
CB,0001193125-26-166937,2026-04-21T20:26:30.000Z,2026-04-22,-0.321678,0.022893,-0.000628,0.023521,-0.00255,-0.00455,0.001999,0.000983,-0.011083,0.012067
CBOE,0001104659-26-111989,2026-09-29T21:25:31.000Z,2026-09-30,-0.090909,0.006902,0.005201,0.001701,0.007919,0.014107,-0.006188,0.022812,0.012976,0.009837
CBOE,0001628280-26-051217,2026-07-31T11:30:14.000Z,2026-08-03,-0.265823,-0.031595,0.01478,-0.046375,-0.029077,0.007126,-0.036203,-0.043011,0.014267,-0.057278
CBOE,0001104659-26-087625,2026-07-28T21:26:56.000Z,2026-07-29,-0.7,-0.036678,0.000251,-0.03693,-0.032423,0.009992,-0.042415,-0.074884,0.022839,-0.097723
CBOE,0001104659-26-078295,2026-06-26T20:30:27.000Z,2026-06-29,-0.3,0.048205,-0.001081,0.049286,0.075504,0.011239,0.064265,0.117187,0.011257,0.10593
CBOE,0001104659-26-063250,2026-05-18T20:51:34.000Z,2026-05-19,-0.714286,-0.005648,0.011418,-0.017065,-0.015483,0.023837,-0.03932,-0.042097,0.027674,-0.069771
CBOE,0001628280-26-029103,2026-05-01T11:30:01.000Z,2026-05-04,-0.25641,0.01496,0.007294,0.007666,-0.000767,0.010479,-0.011246,0.034139,0.009716,0.024423
CBRE,0001138118-26-000021,2026-07-29T11:02:05.000Z,2026-07-30,-0.34,-0.017731,-0.00127,-0.016461,0.010638,0.024323,-0.013685,-0.013448,0.016515,-0.029964
CBRE,0001193125-26-279756,2026-06-23T21:08:32.000Z,2026-06-24,-0.714286,0.004778,0.005557,-0.000779,0.016052,0.011861,0.00419,0.032552,0.0144,0.018152
CBRE,0001193125-26-271325,2026-06-15T21:28:22.000Z,2026-06-16,0.0,-0.034546,-0.016485,-0.018061,-0.040747,-0.012246,-0.028501,-0.011294,-0.008325,-0.002969
CBRE,0001193125-26-237130,2026-05-22T21:00:15.000Z,2026-05-26,-0.714286,0.003006,-0.000163,0.003169,-0.036375,0.005025,-0.041399,-0.014642,0.008845,-0.023488
CBRE,0001193125-26-204246,2026-05-04T21:00:17.000Z,2026-05-05,-0.777778,0.018166,0.008677,0.00949,0.026373,0.004366,0.022007,0.010451,0.001754,0.008697
CBRE,0001193125-26-187630,2026-04-28T21:00:16.000Z,2026-04-29,-0.714286,0.001544,0.014595,-0.013051,-0.017262,0.005321,-0.022583,0.018595,0.021751,-0.003155
CBRE,0001138118-26-000013,2026-04-23T11:01:04.000Z,2026-04-24,-0.346154,-0.013959,-0.001822,-0.012137,-0.038978,-0.008626,-0.030351,-0.043698,0.002731,-0.04643
CCI,0001051470-26-000081,2026-09-14T20:25:52.000Z,2026-09-15,0.588235,-0.00041,-0.007863,0.007453,-0.002594,-0.007122,0.004528,-0.012014,-0.001667,-0.010347
CCI,0001051470-26-000076,2026-08-05T20:23:11.000Z,2026-08-06,0.333333,0.008943,0.00705,0.001893,-0.017085,0.009173,-0.026258,0.010812,0.018773,-0.007961
CCI,0001051470-26-000069,2026-07-22T20:17:40.000Z,2026-07-23,-0.60601,0.004425,0.007986,-0.00356,0.015824,0.028046,-0.012222,0.026016,0.017456,0.008559
CCI,0001051470-26-000065,2026-05-20T20:23:33.000Z,2026-05-21,-0.6,-0.006302,0.008498,-0.0148,-0.012712,0.011755,-0.024467,-0.005867,0.01736,-0.023227
CCI,0001051470-26-000064,2026-05-20T20:22:41.000Z,2026-05-21,0.333333,-0.006302,0.008498,-0.0148,-0.012712,0.011755,-0.024467,-0.005867,0.01736,-0.023227
CCI,0001051470-26-000055,2026-05-01T20:20:38.000Z,2026-05-04,-0.882353,-0.011976,0.007294,-0.01927,0.009869,0.010479,-0.00061,0.005434,0.009716,-0.004282
CCI,0001051470-26-000052,2026-05-01T13:21:44.000Z,2026-05-04,-0.621622,-0.011976,0.007294,-0.01927,0.009869,0.010479,-0.00061,0.005434,0.009716,-0.004282
CCI,0001051470-26-000046,2026-04-22T20:16:44.000Z,2026-04-23,-0.672131,-0.013483,-0.001856,-0.011626,-0.015425,-0.007985,-0.00744,0.014397,0.003756,0.010641
CCL,0000815097-26-000104,2026-09-29T13:16:12.000Z,2026-09-30,-0.060976,0.021597,0.005201,0.016397,0.041565,0.014107,0.027458,0.065607,0.012976,0.052632
CCL,0000950142-26-002267,2026-08-05T13:46:59.000Z,2026-08-06,-0.333333,0.012221,0.00705,0.005171,-0.031774,0.009173,-0.040947,-0.007682,0.018773,-0.026454
CCL,0000815097-26-000086,2026-06-23T13:16:37.000Z,2026-06-24,-0.186667,-0.015566,0.005557,-0.021123,0.009685,0.011861,-0.002176,-0.01349,0.0144,-0.02789
CCL,0001104659-26-057200,2026-05-07T20:32:08.000Z,2026-05-08,-0.695652,-0.035633,-0.002433,-0.0332,-0.051175,-0.007545,-0.04363,-0.065959,-0.013152,-0.052807
CCL,0000815097-26-000043,2026-04-20T13:31:43.000Z,2026-04-21,-0.454545,-0.015351,-0.000183,-0.015168,-0.006944,-0.002797,-0.004147,-0.038743,-0.008983,-0.02976
CDNS,0000813672-26-000089,2026-07-28T00:03:05.000Z,2026-07-29,-0.168142,0.00018,0.000251,-7.1e-05,0.010187,0.009992,0.000195,0.012952,0.022839,-0.009887
CDNS,0000813672-26-000067,2026-05-12T02:14:53.000Z,2026-05-13,-0.777778,-0.004823,0.004399,-0.009222,-0.024143,0.002292,-0.026435,-0.010323,0.007758,-0.018081
CDNS,0000813672-26-000044,2026-04-28T00:03:41.000Z,2026-04-29,-0.121495,-0.001091,0.014595,-0.015686,0.059282,0.005321,0.05396,0.075617,0.021751,0.053867
CDW,0001193125-26-396653,2026-09-22T00:05:28.000Z,2026-09-23,-0.764706,-0.04584,-0.005939,-0.039901,-0.108306,-0.00843,-0.099876,-0.123153,-0.017061,-0.106092
CDW,0001193125-26-392039,2026-09-16T00:47:45.000Z,2026-09-17,-0.333333,-0.020174,-0.004282,-0.015892,-0.011863,0.000835,-0.012698,-0.065281,-0.012073,-0.053208
CDW,0001402057-26-000064,2026-08-05T15:21:45.000Z,2026-08-06,0.428571,-0.04339,0.00705,-0.050439,-0.046489,0.009173,-0.055662,0.000564,0.018773,-0.018209
CDW,0001402057-26-000062,2026-08-05T15:06:04.000Z,2026-08-06,-0.21875,-0.04339,0.00705,-0.050439,-0.046489,0.009173,-0.055662,0.000564,0.018773,-0.018209
CDW,0001402057-26-000038,2026-05-27T00:03:30.000Z,2026-05-28,-0.684211,0.079976,0.000698,0.079278,0.202824,0.004586,0.198238,0.200499,0.009156,0.191343
CDW,0001402057-26-000031,2026-05-13T16:31:57.000Z,2026-05-14,-0.230769,-0.000881,-0.009867,0.008986,0.021437,-0.007509,0.028946,0.046202,0.006807,0.039395
CDW,0001402057-26-000023,2026-05-06T15:08:30.000Z,2026-05-07,-0.181818,-0.049092,0.00101,-0.050102,-0.098911,-0.001337,-0.097574,-0.072958,-0.001975,-0.070983
CDW,0001402057-26-000019,2026-05-02T00:08:15.000Z,2026-05-04,-0.571429,0.011086,0.007294,0.003793,-0.185514,0.010479,-0.195993,-0.242129,0.009716,-0.251844
CEG,0001868275-26-000097,2026-08-06T10:52:23.000Z,2026-08-07,-0.044177,0.002001,0.000179,0.001822,0.032569,0.004379,0.02819,0.046723,0.012525,0.034198
CEG,0001868275-26-000089,2026-08-05T18:14:03.000Z,2026-08-06,0.684211,0.033665,0.00705,0.026616,0.066105,0.009173,0.056931,0.067177,0.018773,0.048405
CEG,0001868275-26-000080,2026-07-14T21:23:24.000Z,2026-07-15,-0.6,-0.024582,0.01,-0.034582,-0.01788,-0.002387,-0.015492,0.065029,-0.000527,0.065556
CEG,0001104659-26-069482,2026-06-02T20:15:28.000Z,2026-06-03,-0.714286,-0.009916,0.009608,-0.019524,-0.062004,-0.002579,-0.059426,-0.093324,-0.004746,-0.088579
CEG,0001868275-26-000063,2026-05-11T10:59:49.000Z,2026-05-12,0.004484,-0.063726,-0.005352,-0.058374,-0.088504,-0.010937,-0.077568,-0.11078,-0.008793,-0.101987
CEG,0001868275-26-000050,2026-05-01T20:10:58.000Z,2026-05-04,-0.666667,-0.001962,0.007294,-0.009256,-0.030431,0.010479,-0.040911,-0.066532,0.009716,-0.076247
CF,0001104659-26-105054,2026-09-03T20:05:26.000Z,2026-09-04,0.333333,0.007349,-0.00963,0.016979,0.013198,-0.025883,0.039081,-0.015823,-0.018372,0.002549
CF,0001104659-26-091275,2026-08-05T21:22:46.000Z,2026-08-06,-0.301205,-0.020389,0.00705,-0.027439,0.009166,0.009173,-7e-06,0.002741,0.018773,-0.016031
CF,0001324404-26-000017,2026-08-05T20:42:56.000Z,2026-08-06,-0.246377,-0.020389,0.00705,-0.027439,0.009166,0.009173,-7e-06,0.002741,0.018773,-0.016031
CF,0001104659-26-056338,2026-05-06T20:51:45.000Z,2026-05-07,-0.421687,-0.030839,0.00101,-0.031849,0.098669,-0.001337,0.100005,0.036148,-0.001975,0.038123
CF,0001324404-26-000011,2026-05-06T20:42:06.000Z,2026-05-07,-0.309859,-0.030839,0.00101,-0.031849,0.098669,-0.001337,0.100005,0.036148,-0.001975,0.038123
CF,0001104659-26-055680,2026-05-05T20:36:27.000Z,2026-05-06,0.428571,-0.009018,-0.005314,-0.003704,0.039412,-0.006743,0.046155,0.047929,-0.011773,0.059702
CF,0001104659-26-055000,2026-05-04T21:09:25.000Z,2026-05-05,-0.714286,-0.064667,0.008677,-0.073344,-0.101687,0.004366,-0.106053,0.018354,0.001754,0.0166
CFG,0001193125-26-326411,2026-07-31T01:57:45.000Z,2026-08-03,-0.333333,0.01348,0.01478,-0.0013,-0.003714,0.007126,-0.01084,-0.000413,0.014267,-0.01468
CFG,0000759944-26-000139,2026-07-21T16:22:21.000Z,2026-07-22,-0.213793,-0.008835,-0.003956,-0.004879,-0.018498,0.012083,-0.030581,-0.015599,0.0153,-0.0309
CFG,0000759944-26-000133,2026-07-16T14:32:21.000Z,2026-07-17,0.079268,-0.012295,-0.004675,-0.00762,0.000691,-0.002299,0.00299,-0.007045,0.001193,-0.008238
CFG,0000759944-26-000073,2026-04-25T00:10:12.000Z,2026-04-27,-0.714286,0.003242,-0.004228,0.00747,0.011392,0.007371,0.004021,-0.011774,-0.00166,-0.010115
CFG,0000759944-26-000070,2026-04-16T14:30:34.000Z,2026-04-17,0.080745,0.020326,0.002829,0.017497,0.011016,-0.003371,0.014387,-0.01024,-0.006033,-0.004207
CHD,0001193125-26-326749,2026-07-31T11:04:30.000Z,2026-08-03,0.12605,0.029897,0.01478,0.015117,0.033497,0.007126,0.026371,0.032897,0.014267,0.01863
CHD,0001193125-26-206807,2026-05-05T21:21:55.000Z,2026-05-06,-0.714286,-0.011373,-0.005314,-0.006059,-0.04465,-0.006743,-0.037907,0.001369,-0.011773,0.013142
CHD,0001193125-26-199066,2026-05-01T11:08:26.000Z,2026-05-04,0.133333,0.00689,0.007294,-0.000404,0.010658,0.010479,0.000178,-0.023361,0.009716,-0.033077
CHRW,0001193125-26-413203,2026-10-05T16:20:23.000Z,2026-10-06,0.021898,0.000963,-0.007665,0.008627,0.058793,0.002787,0.056006,,,
CHRW,0001043277-26-000027,2026-07-30T00:36:02.000Z,2026-07-31,-0.246964,-0.004941,0.010454,-0.015396,0.039735,0.023077,0.016658,0.010966,0.025049,-0.014083
CHRW,0001193125-26-315034,2026-07-24T14:21:38.000Z,2026-07-27,-0.882353,-0.029348,0.010683,-0.04003,-0.157859,0.000796,-0.158655,-0.1574,0.009844,-0.167244
CHRW,0001043277-26-000023,2026-06-03T00:18:07.000Z,2026-06-04,0.157895,0.000707,-0.009468,0.010174,0.041803,-0.002575,0.044377,0.038867,-0.001107,0.039974
CHRW,0001043277-26-000018,2026-05-12T00:05:38.000Z,2026-05-13,-0.75,-0.021316,0.004399,-0.025715,0.039569,0.002292,0.037277,0.106456,0.007758,0.098698
CHRW,0001043277-26-000014,2026-04-30T00:11:46.000Z,2026-05-01,-0.37037,-0.090581,-0.006355,-0.084226,-0.049126,0.009573,-0.058699,-0.033333,0.005579,-0.038913
CHTR,0001091667-26-000055,2026-09-15T20:16:29.000Z,2026-09-16,-0.2,-0.012074,0.004965,-0.01704,-0.086296,0.005892,-0.092189,-0.136222,-0.00113,-0.135092
CHTR,0001140361-26-035084,2026-08-31T20:29:22.000Z,2026-09-01,0.368421,0.08742,0.004317,0.083104,0.039674,0.007356,0.032319,-0.084137,-0.011649,-0.072488
CHTR,0001104659-26-100972,2026-08-26T10:01:32.000Z,2026-08-27,-0.888889,0.035733,-0.003321,0.039055,-0.014361,-0.017483,0.003122,0.020631,-0.006259,0.02689
CHTR,0001104659-26-100328,2026-08-24T20:38:54.000Z,2026-08-25,-0.947368,-0.008057,0.002192,-0.010249,-0.009798,-0.00427,-0.005527,-0.05769,-0.018417,-0.039273
CHTR,0001140361-26-033909,2026-08-20T21:16:04.000Z,2026-08-21,-0.011628,0.000866,0.00094,-7.5e-05,0.024772,0.001965,0.022807,0.022974,-0.004583,0.027557
CHTR,0001104659-26-098363,2026-08-18T20:27:31.000Z,2026-08-19,-0.882353,-0.030891,-0.006906,-0.023985,-0.014232,-0.000244,-0.013989,0.009313,0.000727,0.008586
CHTR,0001104659-26-094863,2026-08-12T20:05:52.000Z,2026-08-13,-0.857143,-0.014438,0.000845,-0.015283,-0.052258,-0.012715,-0.039544,-0.056028,-0.011206,-0.044822
CHTR,0001104659-26-089522,2026-08-03T12:30:36.000Z,2026-08-04,-0.763889,0.000653,-0.002081,0.002735,-0.003266,0.000165,-0.003431,0.030182,0.001963,0.028219
CHTR,0001091667-26-000051,2026-07-24T11:00:48.000Z,2026-07-27,-0.317647,0.063521,0.010683,0.052838,0.078945,0.000796,0.078149,0.094902,0.009844,0.085058
CHTR,0001104659-26-086302,2026-07-23T20:46:53.000Z,2026-07-24,-0.618799,0.06731,0.007936,0.059374,0.17752,0.01061,0.16691,0.175736,0.007518,0.168218
CHTR,0001091667-26-000032,2026-05-19T20:38:43.000Z,2026-05-20,-0.428571,0.029666,0.003571,0.026095,-0.004218,0.015625,-0.019843,0.018325,0.019547,-0.001222
CHTR,0001091667-26-000027,2026-04-24T11:00:52.000Z,2026-04-27,-0.272727,-0.008591,-0.004228,-0.004363,-0.054063,0.007371,-0.061435,-0.05309,-0.00166,-0.05143
CHTR,0001091667-26-000024,2026-04-23T20:05:28.000Z,2026-04-24,-0.6,-0.030645,-0.001822,-0.028823,-0.119247,-0.008626,-0.110621,-0.046577,0.002731,-0.049309
CI,0001140361-26-038056,2026-09-30T11:12:36.000Z,2026-10-01,-0.021583,0.009591,0.00285,0.006741,0.023921,0.015368,0.008553,0.048776,0.014306,0.03447
CI,0001140361-26-030135,2026-07-30T10:16:02.000Z,2026-07-31,-0.031579,0.010787,0.010454,0.000332,-0.03064,0.023077,-0.053717,0.012328,0.025049,-0.012722
CI,0001140361-26-020906,2026-05-13T10:01:44.000Z,2026-05-14,-0.512195,-0.032754,-0.009867,-0.022887,-0.012376,-0.007509,-0.004866,-0.043773,0.006807,-0.05058
CI,0001140361-26-017971,2026-04-30T10:15:32.000Z,2026-05-01,-0.096154,-0.012549,-0.006355,-0.006193,-0.003252,0.009573,-0.012825,0.01824,0.005579,0.01266
CI,0001140361-26-017123,2026-04-27T20:26:35.000Z,2026-04-28,-0.666667,0.025972,-0.002693,0.028666,-0.00709,0.008924,-0.016014,-0.0325,0.010188,-0.042689
CIEN,0001628280-26-060245,2026-09-03T15:07:42.000Z,2026-09-04,-0.075472,0.063209,-0.00963,0.072838,0.042243,-0.025883,0.068126,-0.004237,-0.018372,0.014135
CIEN,0001193125-26-267607,2026-06-12T00:21:49.000Z,2026-06-15,0.0625,-0.071449,-0.000583,-0.070866,-0.075937,-0.013772,-0.062165,-0.007682,-0.015953,0.008271
CIEN,0001193125-26-260665,2026-06-08T15:08:08.000Z,2026-06-09,0.130435,-0.010675,-0.012293,0.001618,0.015114,0.009342,0.005772,-0.020576,0.011449,-0.032025
CIEN,0001628280-26-040614,2026-06-04T15:05:06.000Z,2026-06-05,-0.082353,-0.04412,-0.002379,-0.041741,-0.109707,-0.005524,-0.104183,-0.0865,0.016479,-0.102978
CINF,0000020286-26-000052,2026-09-28T14:42:38.000Z,2026-09-29,-0.5,-0.010923,-0.007103,-0.00382,0.005089,0.000916,0.004173,0.012102,0.01349,-0.001388
CINF,0000020286-26-000049,2026-08-25T13:17:05.000Z,2026-08-26,0.117647,0.000812,-0.002977,0.003789,-0.014387,-0.01248,-0.001907,-0.004003,-0.016322,0.012319
CINF,0000020286-26-000047,2026-08-21T20:08:03.000Z,2026-08-24,-0.603306,0.001227,-0.000988,0.002215,0.007651,-0.001771,0.009423,-0.007651,-0.011446,0.003795
CINF,0000020286-26-000043,2026-07-27T20:07:58.000Z,2026-07-28,-0.675991,-0.007118,-0.008959,0.00184,-0.027104,-0.010642,-0.016463,-0.017577,0.014764,-0.03234
CINF,0000020286-26-000038,2026-06-22T13:15:50.000Z,2026-06-23,-0.593496,0.015016,0.006955,0.008061,0.047039,0.017921,0.029119,0.053069,0.017995,0.035074
CINF,0000020286-26-000034,2026-06-16T13:08:01.000Z,2026-06-17,-0.51145,-0.007407,0.003447,-0.010854,0.03093,0.00124,0.029689,0.042188,0.014319,0.027869
CINF,0000020286-26-000032,2026-05-19T12:33:35.000Z,2026-05-20,0.066667,-0.000949,0.003571,-0.00452,-0.008841,0.015625,-0.024466,-0.050614,0.019547,-0.070161
CINF,0000020286-26-000030,2026-05-06T12:42:55.000Z,2026-05-07,-0.680912,-0.003394,0.00101,-0.004404,0.010737,-0.001337,0.012074,0.020117,-0.001975,0.022092
CINF,0000020286-26-000025,2026-04-27T20:08:01.000Z,2026-04-28,-0.692857,-0.010548,-0.002693,-0.007855,-0.017641,0.008924,-0.026565,-0.027946,0.010188,-0.038134
CL,0000021665-26-000041,2026-07-31T11:58:00.000Z,2026-08-03,0.038961,0.029484,0.01478,0.014703,0.034713,0.007126,0.027587,0.036382,0.014267,0.022115
CL,0000021665-26-000025,2026-05-13T20:02:15.000Z,2026-05-14,-0.714286,-0.007992,-0.009867,0.001875,0.013282,-0.007509,0.020792,0.01801,0.006807,0.011203
CL,0000021665-26-000022,2026-05-01T11:31:29.000Z,2026-05-04,-0.093333,0.011245,0.007294,0.003951,0.02331,0.010479,0.012831,0.016048,0.009716,0.006332
CL,0000021665-26-000015,2026-04-09T12:22:52.000Z,2026-04-10,0.5,-0.004268,0.012465,-0.016733,-0.010078,0.017735,-0.027813,0.01743,0.03511,-0.017681
CLX,0000021076-26-000028,2026-08-04T00:12:11.000Z,2026-08-05,-0.260163,-0.002268,-0.005057,0.002789,0.017574,0.00197,0.015603,0.010918,0.006071,0.004846
CLX,0001206774-26-000333,2026-06-18T00:15:35.000Z,2026-06-22,0.885714,0.022517,-0.00224,0.024756,0.051545,0.01021,0.041335,0.071634,0.017182,0.054452
CLX,0001206774-26-000296,2026-05-29T00:05:35.000Z,2026-06-01,0.733333,0.006061,0.002888,0.003173,0.006061,0.008009,-0.001948,0.068133,-0.004428,0.072561
CLX,0001193125-26-216807,2026-05-12T00:15:18.000Z,2026-05-13,-0.333333,-0.009022,0.004399,-0.013421,0.008913,0.002292,0.006621,0.024565,0.007758,0.016807
CLX,0000021076-26-000016,2026-05-01T00:12:07.000Z,2026-05-04,-0.351598,-0.004163,0.007294,-0.011457,0.065102,0.010479,0.054622,0.027983,0.009716,0.018268
CMCSA,0001628280-26-049274,2026-07-23T10:06:37.000Z,2026-07-24,-0.081481,0.022421,0.007936,0.014485,0.103587,0.01061,0.092977,0.074439,0.007518,0.066922
CMCSA,0000950103-26-009591,2026-06-29T13:03:51.000Z,2026-06-30,0.549296,-0.020231,0.003828,-0.024059,-0.034682,0.012815,-0.047497,-0.042527,0.001315,-0.043842
CMCSA,0001628280-26-042848,2026-06-12T20:11:34.000Z,2026-06-15,-0.666667,-0.012933,-0.000583,-0.01235,-0.064247,-0.013772,-0.050475,-0.048811,-0.015953,-0.032858
CMCSA,0000950103-26-008429,2026-06-03T12:40:40.000Z,2026-06-04,-0.6,0.021003,-0.009468,0.030471,0.022289,-0.002575,0.024864,0.027432,-0.001107,0.028539
CMCSA,0000950103-26-008329,2026-06-02T20:23:51.000Z,2026-06-03,-0.371429,-0.008078,0.009608,-0.017687,0.010204,-0.002579,0.012783,0.019133,-0.004746,0.023878
CMCSA,0000950103-26-007759,2026-05-27T12:55:27.000Z,2026-05-28,-0.191489,-0.011526,0.000698,-0.012224,-0.012321,0.004586,-0.016907,-0.072735,0.009156,-0.08189
CMCSA,0001628280-26-026685,2026-04-23T11:08:22.000Z,2026-04-24,-0.2,-0.001814,-0.001822,8e-06,-0.029028,-0.008626,-0.020401,-0.013425,0.002731,-0.016157
CME,0001156375-26-000060,2026-09-25T20:08:16.000Z,2026-09-28,0.333333,-7.6e-05,-0.001568,0.001492,0.007066,-0.00347,0.010536,0.025794,0.005345,0.020449
CME,0001193125-26-386091,2026-09-09T15:15:33.000Z,2026-09-10,0.625,0.005364,0.00808,-0.002716,0.003722,0.002559,0.001163,-0.010654,-0.000603,-0.010052
CME,0001156375-26-000051,2026-08-11T20:44:37.000Z,2026-08-12,-0.333333,0.019224,0.007478,0.011746,0.02178,-0.000758,0.022538,0.018194,0.003727,0.014467
CME,0001156375-26-000042,2026-07-22T11:15:59.000Z,2026-07-23,-0.060606,0.003893,0.007986,-0.004093,0.022334,0.028046,-0.005712,0.050723,0.017456,0.033267
CME,0001193125-26-273442,2026-06-17T12:35:53.000Z,2026-06-18,0.525,-0.004789,0.000577,-0.005366,-0.059664,0.005063,-0.064727,-0.103012,0.016234,-0.119246
CME,0001156375-26-000035,2026-06-10T20:50:48.000Z,2026-06-11,-0.5,0.028034,0.007831,0.020203,-0.002212,0.010001,-0.012214,-0.060264,-0.002776,-0.057488
CME,0001156375-26-000028,2026-05-19T20:21:13.000Z,2026-05-20,-0.666667,-0.002861,0.003571,-0.006432,-0.026127,0.015625,-0.041752,-0.043775,0.019547,-0.063321
CME,0001156375-26-000022,2026-04-27T20:38:50.000Z,2026-04-28,-0.5,0.00963,-0.002693,0.012323,0.017608,0.008924,0.008684,0.008048,0.010188,-0.00214
CME,0001156375-26-000016,2026-04-22T11:13:31.000Z,2026-04-23,-0.114754,-0.001436,-0.001856,0.00042,-0.003293,-0.007985,0.004692,0.008232,0.003756,0.004476
CMG,0001058090-26-000088,2026-09-14T21:21:10.000Z,2026-09-15,0.888889,-0.033018,-0.007863,-0.025155,-0.040195,-0.007122,-0.033074,-0.063164,-0.001667,-0.061497
CMG,0001058090-26-000069,2026-08-05T12:55:23.000Z,2026-08-06,0.0,-0.027292,0.00705,-0.034341,-0.050727,0.009173,-0.0599,-0.032631,0.018773,-0.051404
CMG,0001058090-26-000063,2026-07-29T20:10:46.000Z,2026-07-30,-0.150442,-0.033749,-0.00127,-0.032479,-0.122015,0.024323,-0.146338,-0.12487,0.016515,-0.141386
CMG,0001058090-26-000058,2026-07-08T21:01:06.000Z,2026-07-09,0.333333,0.018786,0.003672,0.015114,0.05289,-0.000594,0.053484,-0.011561,0.008105,-0.019666
CMG,0001058090-26-000056,2026-06-16T21:31:39.000Z,2026-06-17,-0.666667,0.019774,0.003447,0.016327,-0.028562,0.00124,-0.029803,0.013183,0.014319,-0.001137
CMG,0001058090-26-000027,2026-04-29T20:25:32.000Z,2026-04-30,-0.090909,-0.029715,-0.002823,-0.026891,-0.049426,-0.00182,-0.047607,-0.021183,0.00129,-0.022473
CMG,0001058090-26-000024,2026-04-27T20:15:39.000Z,2026-04-28,0.948718,0.003651,-0.002693,0.006344,0.003347,0.008924,-0.005577,-0.017037,0.010188,-0.027225
CMI,0000026172-26-000026,2026-08-04T11:58:13.000Z,2026-08-05,-0.131313,-0.009642,-0.005057,-0.004586,-0.023729,0.00197,-0.0257,-0.01907,0.006071,-0.025141
CMI,0000026172-26-000018,2026-05-14T18:44:55.000Z,2026-05-15,-0.4,-0.02679,0.007625,-0.034415,-0.038275,0.013274,-0.051549,-0.078922,0.025519,-0.104441
CMI,0000026172-26-000013,2026-05-05T11:40:02.000Z,2026-05-06,-0.068182,-0.045937,-0.005314,-0.040623,-0.018302,-0.006743,-0.011559,-0.008648,-0.011773,0.003125
CMS,0001104659-26-087288,2026-07-28T10:38:12.000Z,2026-07-29,0.08046,-0.028241,0.000251,-0.028492,-0.035234,0.009992,-0.045226,-0.037251,0.022839,-0.06009
CMS,0001104659-26-070037,2026-06-03T17:40:03.000Z,2026-06-04,0.153846,0.023877,-0.009468,0.033345,0.032263,-0.002575,0.034837,0.035389,-0.001107,0.036496
CMS,0001104659-26-060321,2026-05-13T20:43:36.000Z,2026-05-14,-0.666667,-0.022113,-0.009867,-0.012246,0.000682,-0.007509,0.008192,0.005187,0.006807,-0.00162
CMS,0001104659-26-060230,2026-05-13T20:05:50.000Z,2026-05-14,-0.923077,-0.022113,-0.009867,-0.012246,0.000682,-0.007509,0.008192,0.005187,0.006807,-0.00162
CMS,0001104659-26-049718,2026-04-28T10:38:47.000Z,2026-04-29,0.08046,0.026897,0.014595,0.012302,0.012846,0.005321,0.007525,-0.009099,0.021751,-0.03085
CNC,0001071739-26-000172,2026-09-16T02:54:55.000Z,2026-09-17,-0.365079,-0.029657,-0.004282,-0.025375,-0.056632,0.000835,-0.057466,-0.077198,-0.012073,-0.065125
CNC,0001071739-26-000165,2026-08-17T14:05:42.000Z,2026-08-18,-0.194631,-0.007973,0.009224,-0.017197,-0.003067,0.007591,-0.010658,-0.003373,0.007786,-0.011159
CNC,0001071739-26-000162,2026-07-29T17:19:56.000Z,2026-07-30,-0.333333,0.022682,-0.00127,0.023952,0.05309,0.024323,0.028767,0.055227,0.016515,0.038711
CNC,0001071739-26-000154,2026-07-28T03:38:01.000Z,2026-07-29,0.03125,-0.015852,0.000251,-0.016104,0.031381,0.009992,0.021389,0.08363,0.022839,0.060791
CNC,0001071739-26-000132,2026-06-23T00:37:20.000Z,2026-06-24,0.857143,0.028585,0.005557,0.023027,0.024933,0.011861,0.013071,0.085437,0.0144,0.071038
CNC,0001071739-26-000117,2026-05-16T00:06:58.000Z,2026-05-18,-0.666667,0.015799,-0.005561,0.021361,-0.0079,0.009336,-0.017236,-0.017517,0.021677,-0.039194
CNC,0001071739-26-000099,2026-04-28T04:08:15.000Z,2026-04-29,-0.062937,-0.005372,0.014595,-0.019967,-0.007781,0.005321,-0.013102,0.025009,0.021751,0.003259
CNP,0001104659-26-112565,2026-10-01T14:51:29.000Z,2026-10-02,-0.526316,-0.001059,0.006073,-0.007131,0.019582,0.004875,0.014706,0.020905,0.015319,0.005586
CNP,0001104659-26-107560,2026-09-15T01:15:58.000Z,2026-09-16,-0.853659,0.006,0.004965,0.001035,-0.00887,0.005892,-0.014763,-0.030524,-0.00113,-0.029395
CNP,0001104659-26-106356,2026-09-10T00:30:47.000Z,2026-09-11,-0.789474,-0.011762,0.00012,-0.011882,-0.019944,-0.013321,-0.006623,-0.022756,-0.013001,-0.009755
CNP,0001104659-26-089263,2026-08-01T00:42:27.000Z,2026-08-03,-0.666667,-0.008111,0.01478,-0.022891,-0.029819,0.007126,-0.036945,-0.045086,0.014267,-0.059353
CNP,0001104659-26-087279,2026-07-28T14:15:27.000Z,2026-07-29,0.003745,-0.018169,0.000251,-0.01842,-0.023527,0.009992,-0.033519,-0.05311,0.022839,-0.075949
CNP,0001104659-26-062779,2026-05-16T01:05:01.000Z,2026-05-18,-0.8,0.018696,-0.005561,0.024257,0.02355,0.009336,0.014214,0.034636,0.021677,0.012959
CNP,0001104659-26-047123,2026-04-23T14:16:08.000Z,2026-04-24,-0.032258,0.009889,-0.001822,0.011711,0.008241,-0.008626,0.016867,0.02072,0.002731,0.017989
CNP,0001104659-26-044889,2026-04-18T00:01:27.000Z,2026-04-20,-0.833333,-0.010539,-0.006155,-0.004384,0.011241,-0.006962,0.018203,0.00445,-0.010689,0.015139
COF,0001193125-26-391921,2026-09-16T00:12:17.000Z,2026-09-17,-0.6,0.00193,-0.004282,0.006213,-0.007375,0.000835,-0.008209,-0.026876,-0.012073,-0.014802
COF,0000927628-26-000134,2026-09-16T00:11:23.000Z,2026-09-17,-0.333333,0.00193,-0.004282,0.006213,-0.007375,0.000835,-0.008209,-0.026876,-0.012073,-0.014802
COF,0000927628-26-000132,2026-09-15T01:32:43.000Z,2026-09-16,-0.857143,-0.00566,0.004965,-0.010625,0.008514,0.005892,0.002622,-0.034893,-0.00113,-0.033764
COF,0001193125-26-378455,2026-09-02T00:18:30.000Z,2026-09-03,-0.5,-0.004082,-0.004067,-1.5e-05,-0.043719,-0.022788,-0.02093,-0.055329,-0.021878,-0.033451
COF,0001193125-26-358268,2026-08-20T17:22:09.000Z,2026-08-21,-0.25,-0.007526,0.00094,-0.008466,-0.003212,0.001965,-0.005177,-0.01028,-0.004583,-0.005696
COF,0000927628-26-000093,2026-08-15T01:32:29.000Z,2026-08-17,-0.857143,9e-05,-0.004487,0.004577,-0.040506,-0.002847,-0.037659,-0.023391,0.00437,-0.027761
COF,0000927628-26-000084,2026-07-22T00:06:52.000Z,2026-07-23,-0.857143,0.014403,0.007986,0.006417,0.062262,0.028046,0.034216,0.05091,0.017456,0.033454
COF,0000927628-26-000083,2026-07-22T00:05:52.000Z,2026-07-23,-0.60199,0.014403,0.007986,0.006417,0.062262,0.028046,0.034216,0.05091,0.017456,0.033454
COF,0000927628-26-000066,2026-06-13T01:34:10.000Z,2026-06-15,-0.857143,0.030829,-0.000583,0.031413,0.035505,-0.013772,0.049278,0.016391,-0.015953,0.032344
COF,0001193125-26-263735,2026-06-10T00:08:15.000Z,2026-06-11,-0.333333,0.014777,0.007831,0.006946,0.102066,0.010001,0.092064,0.107064,-0.002776,0.109841
COF,0000927628-26-000062,2026-06-09T00:05:42.000Z,2026-06-10,-0.333333,0.024827,0.014297,0.01053,0.095648,0.026342,0.069306,0.130834,0.008259,0.122575
COF,0000927628-26-000053,2026-05-15T01:32:05.000Z,2026-05-18,-0.857143,-0.023287,-0.005561,-0.017726,0.001556,0.009336,-0.00778,0.000268,0.021677,-0.021409
COF,0000927628-26-000050,2026-05-09T01:27:19.000Z,2026-05-11,-0.5,-0.001196,0.000149,-0.001345,0.010113,-0.000834,0.010946,0.017615,-0.003038,0.020654
COF,0001193125-26-171745,2026-04-23T14:15:27.000Z,2026-04-24,-0.333333,0.014212,-0.001822,0.016034,-0.002874,-0.008626,0.005753,0.002717,0.002731,-1.4e-05
COF,0000927628-26-000040,2026-04-22T00:06:15.000Z,2026-04-23,-0.857143,-0.026649,-0.001856,-0.024793,-0.023038,-0.007985,-0.015053,-0.027107,0.003756,-0.030863
COF,0000927628-26-000039,2026-04-22T00:05:29.000Z,2026-04-23,-0.616162,-0.026649,-0.001856,-0.024793,-0.023038,-0.007985,-0.015053,-0.027107,0.003756,-0.030863
COHR,0001193125-26-375462,2026-08-31T16:00:06.000Z,2026-09-01,0.210526,-0.012462,0.004317,-0.016778,0.036136,0.007356,0.02878,0.115612,-0.011649,0.127261
COHR,0001193125-26-346860,2026-08-13T00:10:13.000Z,2026-08-14,-0.270125,0.077924,-0.00889,0.086814,-0.11773,-0.004365,-0.113365,-0.111438,-0.005973,-0.105466
COHR,0001193125-26-208972,2026-05-07T00:10:58.000Z,2026-05-08,-0.25641,0.132524,-0.002433,0.134957,0.20417,-0.007545,0.211715,0.140756,-0.013152,0.153909
COHR,0001193125-26-187297,2026-04-29T00:33:36.000Z,2026-04-30,0.5,0.030622,-0.002823,0.033445,0.050108,-0.00182,0.051928,-0.001626,0.00129,-0.002917
COIN,0001679788-26-000113,2026-10-03T00:04:24.000Z,2026-10-05,0.2,-0.013176,0.006354,-0.019531,-0.086176,0.005411,-0.091587,,,
COIN,0001679788-26-000101,2026-09-03T00:10:28.000Z,2026-09-04,-0.142857,-0.030871,-0.00963,-0.021241,-0.066941,-0.025883,-0.041058,0.036883,-0.018372,0.055254
COIN,0001679788-26-000087,2026-07-31T00:06:18.000Z,2026-08-03,-0.194444,0.028874,0.01478,0.014093,-0.00744,0.007126,-0.014566,0.01488,0.014267,0.000613
COIN,0001679788-26-000080,2026-07-24T00:04:30.000Z,2026-07-27,0.0,0.002448,0.010683,-0.008235,-0.023345,0.000796,-0.024141,-0.125321,0.009844,-0.135165
COIN,0001193125-26-299667,2026-07-10T00:01:16.000Z,2026-07-13,0.0,0.026244,-0.003751,0.029995,0.019826,0.004409,0.015417,0.019445,-0.008034,0.027479
COIN,0001679788-26-000075,2026-06-19T01:11:03.000Z,2026-06-22,0.0,-0.040403,-0.00224,-0.038163,-0.135404,0.01021,-0.145614,-0.080017,0.017182,-0.097199
COIN,0001679788-26-000053,2026-05-08T00:11:02.000Z,2026-05-11,-0.181208,-0.041367,0.000149,-0.041515,-0.021191,-0.000834,-0.020358,-0.125392,-0.003038,-0.122354
COIN,0001679788-26-000049,2026-05-05T14:57:33.000Z,2026-05-06,-0.555556,-0.025258,-0.005314,-0.019944,0.09416,-0.006743,0.100904,0.019398,-0.011773,0.031171
COIN,0001679788-26-000035,2026-04-11T00:08:57.000Z,2026-04-13,0.5,0.056609,0.00427,0.052339,0.144961,0.009646,0.135315,0.212571,0.02507,0.187501
COO,0001628280-26-061155,2026-09-09T20:34:31.000Z,2026-09-10,-0.181034,-0.0048,0.00808,-0.01288,-0.016614,0.002559,-0.019173,-0.0072,-0.000603,-0.006597
COO,0001628280-26-040823,2026-06-04T20:27:28.000Z,2026-06-05,-0.524476,-0.008167,-0.002379,-0.005788,0.005198,-0.005524,0.010721,0.008019,0.016479,-0.008459
COO,0001628280-26-029853,2026-05-04T20:30:44.000Z,2026-05-05,0.6,-0.002122,0.008677,-0.010799,-0.020408,0.004366,-0.024774,-0.021224,0.001754,-0.022978
COP,0001104659-26-094062,2026-08-11T20:15:53.000Z,2026-08-12,-0.175258,-0.021838,0.007478,-0.029316,0.008726,-0.000758,0.009484,0.032608,0.003727,0.028881
COP,0001163165-26-000030,2026-08-06T11:23:39.000Z,2026-08-07,-0.441558,0.046084,0.000179,0.045906,0.082391,0.004379,0.078012,0.07797,0.012525,0.065445
COP,0001104659-26-076836,2026-06-23T20:30:56.000Z,2026-06-24,0.333333,-0.00477,0.005557,-0.010327,-0.02544,0.011861,-0.037301,-0.034605,0.0144,-0.049005
COP,0001104659-26-061130,2026-05-14T20:00:29.000Z,2026-05-15,-0.666667,0.017401,0.007625,0.009776,-0.000409,0.013274,-0.013682,-0.01593,0.025519,-0.041449
COP,0001163165-26-000016,2026-04-30T11:31:38.000Z,2026-05-01,-0.486842,0.013962,-0.006355,0.020318,-0.034824,0.009573,-0.044397,-0.075655,0.005579,-0.081235
COR,0001104659-26-110624,2026-09-25T16:11:17.000Z,2026-09-28,0.538462,0.012475,-0.001568,0.014043,0.01965,-0.00347,0.023121,0.036602,0.005345,0.031257
COR,0001104659-26-097096,2026-08-15T00:06:06.000Z,2026-08-17,-0.333333,0.011551,-0.004487,0.016038,0.006944,-0.002847,0.00979,0.035998,0.00437,0.031628
COR,0001104659-26-094676,2026-08-12T20:38:08.000Z,2026-08-13,-0.333333,0.014253,0.000845,0.013408,0.021719,-0.012715,0.034433,0.017065,-0.011206,0.028271
COR,0001104659-26-090691,2026-08-05T14:45:30.000Z,2026-08-06,-0.909091,-0.014,0.00705,-0.021049,0.027261,0.009173,0.018087,-0.046152,0.018773,-0.064925
COR,0001140859-26-000032,2026-08-05T14:32:19.000Z,2026-08-06,-0.304813,-0.014,0.00705,-0.021049,0.027261,0.009173,0.018087,-0.046152,0.018773,-0.064925
COR,0001104659-26-074102,2026-06-16T01:00:27.000Z,2026-06-17,0.764706,-0.018983,0.003447,-0.02243,0.014472,0.00124,0.013231,0.035584,0.014319,0.021265
COR,0001104659-26-068357,2026-05-30T01:10:04.000Z,2026-06-01,0.090909,0.000567,0.002888,-0.002322,0.02127,0.008009,0.013261,0.035475,-0.004428,0.039903
COR,0001140859-26-000018,2026-05-06T14:32:42.000Z,2026-05-07,-0.364162,0.0212,0.00101,0.02019,0.020613,-0.001337,0.02195,0.021317,-0.001975,0.023292
COST,0000909832-26-000084,2026-09-25T00:17:37.000Z,2026-09-28,0.103448,0.00181,-0.001568,0.003377,-0.008646,-0.00347,-0.005176,0.00065,0.005345,-0.004695
COST,0000909832-26-000060,2026-07-09T00:18:27.000Z,2026-07-10,-0.2,0.011111,-0.000315,0.011426,0.000317,-0.005796,0.006113,0.02687,-0.003257,0.030127
COST,0000909832-26-000046,2026-05-29T00:17:32.000Z,2026-06-01,0.0,0.008625,0.002888,0.005736,0.027735,0.008009,0.019725,0.030271,-0.004428,0.034699
COST,0000909832-26-000041,2026-04-16T00:16:27.000Z,2026-04-17,-0.5,-0.00205,0.002829,-0.004879,0.00381,-0.003371,0.007181,0.011261,-0.006033,0.017295
CPAY,0001175454-26-000045,2026-08-05T20:13:01.000Z,2026-08-06,-0.182796,-0.013408,0.00705,-0.020457,0.019785,0.009173,0.010612,0.067691,0.018773,0.048918
CPAY,0001175454-26-000042,2026-07-24T20:58:53.000Z,2026-07-27,-0.25,0.012141,0.010683,0.001458,0.027416,0.000796,0.02662,0.015986,0.009844,0.006142
CPAY,0001175454-26-000040,2026-05-22T20:15:16.000Z,2026-05-26,0.2,0.008552,-0.000163,0.008716,0.034867,0.005025,0.029843,0.029204,0.008845,0.020359
CPAY,0001175454-26-000036,2026-05-12T21:01:59.000Z,2026-05-13,0.0,-0.006279,0.004399,-0.010678,0.052075,0.002292,0.049783,0.058053,0.007758,0.050294
CPAY,0001175454-26-000034,2026-05-12T20:15:48.000Z,2026-05-13,-0.882353,-0.006279,0.004399,-0.010678,0.052075,0.002292,0.049783,0.058053,0.007758,0.050294
CPAY,0001175454-26-000029,2026-05-07T20:14:35.000Z,2026-05-08,-0.213483,-0.007006,-0.002433,-0.004573,-0.037036,-0.007545,-0.02949,-0.045815,-0.013152,-0.032663
CPAY,0001175454-26-000027,2026-04-27T12:33:06.000Z,2026-04-28,-0.485714,-0.014732,-0.002693,-0.012039,-0.013962,0.008924,-0.022886,-0.025323,0.010188,-0.035512
CPRT,0001193125-26-388064,2026-09-11T01:17:57.000Z,2026-09-14,0.191257,-0.021746,-0.005515,-0.016231,-0.065238,-0.008558,-0.05668,-0.088875,-0.007269,-0.081606
CPRT,0001193125-26-387902,2026-09-11T00:16:04.000Z,2026-09-14,-0.538462,-0.021746,-0.005515,-0.016231,-0.065238,-0.008558,-0.05668,-0.088875,-0.007269,-0.081606
CPRT,0001193125-26-354640,2026-08-18T14:01:08.000Z,2026-08-19,0.571429,0.01418,-0.006906,0.021087,-0.01743,-0.000244,-0.017186,-0.03486,0.000727,-0.035587
CPRT,0001193125-26-298722,2026-07-09T01:22:41.000Z,2026-07-10,0.806452,-0.002544,-0.000315,-0.002228,-0.008721,-0.005796,-0.002925,0.00327,-0.003257,0.006527
CPRT,0001193125-26-286982,2026-06-29T17:15:01.000Z,2026-06-30,-0.058824,0.021284,0.003828,0.017457,0.037247,0.012815,0.024433,0.014189,0.001315,0.012874
CPRT,0001193125-26-234447,2026-05-22T00:16:22.000Z,2026-05-26,-0.454545,-0.011733,-0.000163,-0.01157,-0.01414,0.005025,-0.019164,-0.071601,0.008845,-0.080446
CPT,0001628280-26-059610,2026-08-31T20:38:51.000Z,2026-09-01,0.0,-0.003964,0.004317,-0.00828,-0.002548,0.007356,-0.009904,-0.017459,-0.011649,-0.005811
CPT,0001628280-26-051942,2026-08-03T21:02:21.000Z,2026-08-04,0.5,0.007926,-0.002081,0.010007,0.008106,0.000165,0.007941,-0.024678,0.001963,-0.026641
CPT,0001628280-26-051083,2026-07-30T20:26:21.000Z,2026-07-31,0.119565,-0.000812,0.010454,-0.011267,0.009927,0.023077,-0.01315,0.010107,0.025049,-0.014942
CPT,0001193125-26-266936,2026-06-11T15:16:27.000Z,2026-06-12,0.333333,-0.012872,0.003465,-0.016337,-0.048965,-0.014304,-0.034661,-0.052183,-0.009873,-0.04231
CPT,0001628280-26-032820,2026-05-08T20:01:31.000Z,2026-05-11,-0.571429,0.002955,0.000149,0.002806,-0.008864,-0.000834,-0.00803,-0.002955,-0.003038,8.4e-05
CPT,0001628280-26-028942,2026-04-30T20:34:58.000Z,2026-05-01,0.131868,-0.00067,-0.006355,0.005685,0.003447,0.009573,-0.006126,-0.00651,0.005579,-0.01209
CPT,0001193125-26-196189,2026-04-30T18:00:14.000Z,2026-05-01,-0.25,-0.00067,-0.006355,0.005685,0.003447,0.009573,-0.006126,-0.00651,0.005579,-0.01209
CPT,0001628280-26-024527,2026-04-09T21:07:11.000Z,2026-04-10,-0.8,-0.011084,0.012465,-0.023549,-0.005591,0.017735,-0.023326,0.014223,0.03511,-0.020888
CRH,0001628280-26-050752,2026-07-30T10:05:03.000Z,2026-07-31,-0.109756,0.03768,0.010454,0.027226,0.052521,0.023077,0.029444,0.057573,0.025049,0.032524
CRH,0001628280-26-048660,2026-07-17T20:11:35.000Z,2026-07-20,-0.666667,-0.002101,0.00249,-0.004592,-0.01931,-0.001485,-0.017825,0.029115,0.013676,0.015439
CRH,0001193125-26-276686,2026-06-22T11:03:14.000Z,2026-06-23,-0.294545,0.015778,0.006955,0.008823,0.018498,0.017921,0.000578,-0.029742,0.017995,-0.047738
CRH,0001628280-26-043417,2026-06-16T12:03:53.000Z,2026-06-17,0.684211,0.016726,0.003447,0.013279,0.007952,0.00124,0.006711,0.033269,0.014319,0.01895
CRH,0001628280-26-037252,2026-05-21T20:07:54.000Z,2026-05-22,-0.8,0.017336,0.003283,0.014053,0.063664,0.007078,0.056586,0.063565,0.009892,0.053673
CRH,0001628280-26-035552,2026-05-15T20:05:49.000Z,2026-05-18,0.294118,-0.04691,-0.005561,-0.041349,-0.022826,0.009336,-0.032162,-0.01238,0.021677,-0.034057
CRH,0001628280-26-032325,2026-05-07T21:15:57.000Z,2026-05-08,-0.894737,-0.010461,-0.002433,-0.008027,-0.04404,-0.007545,-0.036495,-0.08944,-0.013152,-0.076288
CRH,0001628280-26-029318,2026-05-01T20:05:50.000Z,2026-05-04,-0.75,0.015343,0.007294,0.008049,0.016516,0.010479,0.006037,0.015975,0.009716,0.006259
CRH,0001628280-26-028554,2026-04-30T10:03:41.000Z,2026-05-01,-0.273684,-0.040277,-0.006355,-0.033922,-0.004677,0.009573,-0.01425,-0.014638,0.005579,-0.020218
CRL,0001100682-26-000142,2026-09-24T16:12:10.000Z,2026-09-25,0.2,0.005976,-0.006655,0.012631,0.00741,-0.0153,0.02271,-0.009049,-0.007354,-0.001696
CRL,0001100682-26-000115,2026-08-05T15:15:21.000Z,2026-08-06,-0.157303,0.007457,0.00705,0.000407,0.062107,0.009173,0.052933,0.059357,0.018773,0.040585
CRL,0000950103-26-007060,2026-05-12T01:01:28.000Z,2026-05-13,-0.666667,-0.022905,0.004399,-0.027304,-0.079337,0.002292,-0.081629,-0.041879,0.007758,-0.049637
CRL,0001100682-26-000036,2026-05-07T15:14:58.000Z,2026-05-08,-0.329193,-0.051571,-0.002433,-0.049137,-0.083155,-0.007545,-0.075609,-0.150715,-0.013152,-0.137563
CRM,0001108524-26-000210,2026-09-17T01:02:48.000Z,2026-09-18,0.534884,-0.006305,0.005038,-0.011342,-0.001429,-0.002109,0.00068,-0.016392,-0.003817,-0.012575
CRM,0001108524-26-000197,2026-09-04T20:05:24.000Z,2026-09-08,-0.6,-0.01991,-0.009463,-0.010447,-0.00562,-0.008403,0.002784,0.026212,-0.013609,0.039821
CRM,0001108524-26-000187,2026-08-26T20:03:53.000Z,2026-08-27,-0.233645,0.015671,-0.003321,0.018993,0.024043,-0.017483,0.041525,0.049117,-0.006259,0.055376
CRM,0001108524-26-000160,2026-08-05T20:36:56.000Z,2026-08-06,0.111111,0.031964,0.00705,0.024915,0.05729,0.009173,0.048116,0.078171,0.018773,0.059398
CRM,0001108524-26-000138,2026-06-02T20:15:12.000Z,2026-06-03,0.2,-0.009758,0.009608,-0.019366,-0.042285,-0.002579,-0.039707,-0.1033,-0.004746,-0.098554
CRM,0001108524-26-000131,2026-06-01T20:43:09.000Z,2026-06-02,-0.888889,-0.050936,-0.004463,-0.046474,-0.075583,-0.004322,-0.071261,-0.126917,0.002786,-0.129703
CRM,0001108524-26-000125,2026-05-27T20:18:26.000Z,2026-05-28,-0.291667,0.084748,0.000698,0.08405,0.140035,0.004586,0.13545,0.071408,0.009156,0.062252
CRWD,0001535527-26-000029,2026-08-27T00:07:02.000Z,2026-08-28,-0.243697,0.057692,-0.006249,0.063941,-0.06859,-0.009969,-0.058621,-0.024267,-0.007081,-0.017186
CRWD,0001104659-26-076376,2026-06-23T00:10:10.000Z,2026-06-24,-0.8,0.008365,0.005557,0.002808,0.103845,0.011861,0.091984,0.148168,0.0144,0.133768
CRWD,0001535527-26-000022,2026-06-04T00:06:20.000Z,2026-06-05,-0.289855,-0.018226,-0.002379,-0.015847,-0.034693,-0.005524,-0.02917,0.017555,0.016479,0.001077
CRWD,0001535527-26-000018,2026-04-21T02:53:18.000Z,2026-04-22,0.22807,-0.04562,-0.000628,-0.044992,-0.025864,-0.00455,-0.021314,-0.030642,-0.011083,-0.019559
CSCO,0000858877-26-000106,2026-08-12T20:07:06.000Z,2026-08-13,-0.345455,-0.015775,0.000845,-0.01662,-0.016392,-0.012715,-0.003677,-0.034194,-0.011206,-0.022988
CSCO,0000858877-26-000075,2026-05-13T20:06:53.000Z,2026-05-14,-0.359116,0.023197,-0.009867,0.033064,-0.001298,-0.007509,0.006211,0.023111,0.006807,0.016304
CSCO,0000858877-26-000057,2026-05-01T20:05:06.000Z,2026-05-04,0.333333,0.018029,0.007294,0.010735,-0.005074,0.010479,-0.015553,0.065745,0.009716,0.05603
CSGP,0001057352-26-000072,2026-08-21T20:03:36.000Z,2026-08-24,0.563636,-0.000913,-0.000988,7.5e-05,-0.045676,-0.001771,-0.043905,-0.023447,-0.011446,-0.012001
CSGP,0001057352-26-000061,2026-07-28T20:05:38.000Z,2026-07-29,-0.5,-0.012404,0.000251,-0.012655,0.006705,0.009992,-0.003287,0.012739,0.022839,-0.0101
CSGP,0001057352-26-000054,2026-07-13T21:06:31.000Z,2026-07-14,0.082569,0.029263,-0.00151,0.030773,0.075867,0.000925,0.074942,0.029624,-0.001998,0.031622
CSGP,0001057352-26-000048,2026-06-25T13:00:20.000Z,2026-06-26,-0.265823,-0.030744,0.001142,-0.031886,-0.029421,0.003695,-0.033116,-0.05124,0.012349,-0.063589
CSGP,0001193125-26-246361,2026-05-29T12:05:09.000Z,2026-06-01,0.245283,-0.005907,0.002888,-0.008795,-0.005907,0.008009,-0.013916,-0.013881,-0.004428,-0.009453
CSGP,0001057352-26-000030,2026-04-28T20:05:10.000Z,2026-04-29,-0.544715,0.013767,0.014595,-0.000828,0.036321,0.005321,0.031,-0.00205,0.021751,-0.023801
CSX,0000277948-26-000031,2026-07-23T00:01:13.000Z,2026-07-24,-0.012987,-0.026865,0.007936,-0.034801,-0.046778,0.01061,-0.057388,-0.053165,0.007518,-0.060683
CSX,0000950103-26-007181,2026-05-14T17:30:30.000Z,2026-05-15,-0.142857,0.011826,0.007625,0.004202,0.006132,0.013274,-0.007142,-0.003066,0.025519,-0.028585
CSX,0000277948-26-000013,2026-04-23T00:01:16.000Z,2026-04-24,0.146341,0.001101,-0.001822,0.002923,-0.016076,-0.008626,-0.007449,-0.007047,0.002731,-0.009778
CTAS,0000950103-26-015293,2026-10-07T01:22:03.000Z,2026-10-08,-0.512821,0.0044,0.003659,0.000741,,,,,,
CTAS,0000723254-26-000044,2026-09-23T16:31:07.000Z,2026-09-24,-0.306122,0.011281,0.004146,0.007134,0.000304,-0.004126,0.00443,-0.010522,-0.006119,-0.004403
CTAS,0000950103-26-013001,2026-08-28T00:08:01.000Z,2026-08-31,-0.333333,-0.005947,-0.008009,0.002063,-0.003667,0.003345,-0.007012,-0.006393,-0.010337,0.003944
CTAS,0000950103-26-011666,2026-08-04T00:15:31.000Z,2026-08-05,0.142857,0.003724,-0.005057,0.008781,0.006505,0.00197,0.004534,0.010477,0.006071,0.004405
CTAS,0000723254-26-000025,2026-07-15T16:31:16.000Z,2026-07-16,-0.319149,-0.008727,-0.007527,-0.0012,-0.028315,-0.009631,-0.018684,-0.014545,-0.013539,-0.001006
CTAS,0000950103-26-008890,2026-06-12T16:01:01.000Z,2026-06-15,-0.5,0.011274,-0.000583,0.011857,-0.022262,-0.013772,-0.008489,-0.033993,-0.015953,-0.01804
CTSH,0001058290-26-000033,2026-10-07T00:32:12.000Z,2026-10-08,-0.8,-0.007332,0.003659,-0.010991,,,,,,
CTSH,0001058290-26-000030,2026-07-29T14:35:10.000Z,2026-07-30,0.19598,0.026902,-0.00127,0.028172,0.041373,0.024323,0.01705,0.055473,0.016515,0.038958
CTSH,0001058290-26-000025,2026-07-11T01:13:29.000Z,2026-07-13,-0.80525,-0.025589,-0.003751,-0.021837,0.009058,0.004409,0.004649,0.01087,-0.008034,0.018904
CTSH,0001058290-26-000022,2026-06-04T00:07:23.000Z,2026-06-05,-0.666667,-0.004134,-0.002379,-0.001755,-0.026311,-0.005524,-0.020787,-0.019545,0.016479,-0.036024
CTSH,0001058290-26-000020,2026-05-21T14:36:12.000Z,2026-05-22,-0.333333,-0.01782,0.003283,-0.021103,0.020853,0.007078,0.013775,0.083602,0.009892,0.07371
CTSH,0001058290-26-000018,2026-05-18T16:05:48.000Z,2026-05-19,0.047619,0.008255,0.011418,-0.003163,0.036753,0.023837,0.012916,0.044811,0.027674,0.017138
CTSH,0001058290-26-000015,2026-04-29T14:49:51.000Z,2026-04-30,0.219512,-0.008885,-0.002823,-0.006061,-0.019471,-0.00182,-0.017651,-0.018148,0.00129,-0.019438
CTVA,0001193125-26-414490,2026-10-06T01:27:29.000Z,2026-10-07,-0.666667,-0.048443,0.006856,-0.055299,,,,,,
CTVA,0001755672-26-000028,2026-10-02T01:25:11.000Z,2026-10-05,-0.553594,0.12268,0.006354,0.116325,0.109766,0.005411,0.104355,,,
CTVA,0001193125-26-409895,2026-10-01T16:14:04.000Z,2026-10-02,-0.571429,0.03943,0.006073,0.033357,0.212248,0.004875,0.207373,0.104446,0.015319,0.089127
CTVA,0001193125-26-409840,2026-10-01T15:42:49.000Z,2026-10-02,-0.153846,0.03943,0.006073,0.033357,0.212248,0.004875,0.207373,0.104446,0.015319,0.089127
CTVA,0001193125-26-409549,2026-10-01T05:36:17.000Z,2026-10-02,-0.615385,0.03943,0.006073,0.033357,0.212248,0.004875,0.207373,0.104446,0.015319,0.089127
CTVA,0001193125-26-408740,2026-09-30T21:03:14.000Z,2026-10-01,-0.241379,-0.05171,0.00285,-0.054561,0.106603,0.015368,0.091235,0.093874,0.014306,0.079569
CTVA,0001193125-26-401618,2026-09-25T15:49:13.000Z,2026-09-28,0.047619,0.001672,-0.001568,0.00324,0.077683,-0.00347,0.081153,0.06225,0.005345,0.056906
CTVA,0001193125-26-401156,2026-09-25T01:10:23.000Z,2026-09-28,-0.481752,0.001672,-0.001568,0.00324,0.077683,-0.00347,0.081153,0.06225,0.005345,0.056906
CTVA,0001193125-26-396123,2026-09-21T16:24:22.000Z,2026-09-22,-0.6,0.000996,-0.007084,0.00808,-0.022654,-0.008912,-0.013742,-0.030744,-0.016986,-0.013758
CTVA,0001193125-26-391369,2026-09-15T16:09:00.000Z,2026-09-16,0.028571,0.006419,0.004965,0.001453,-0.023454,0.005892,-0.029346,-0.007283,-0.00113,-0.006153
CTVA,0001193125-26-387254,2026-09-10T15:53:20.000Z,2026-09-11,-0.555556,-0.01621,0.00012,-0.01633,-0.034446,-0.013321,-0.021125,-0.040167,-0.013001,-0.027166
CTVA,0001193125-26-377055,2026-09-01T01:17:16.000Z,2026-09-02,-0.485507,-0.015005,0.0072,-0.022205,-0.045237,-0.006517,-0.03872,-0.060909,-0.022942,-0.037967
CTVA,0001193125-26-359264,2026-08-21T00:32:47.000Z,2026-08-24,-0.5,0.002898,-0.000988,0.003887,-0.004951,-0.001771,-0.00318,0.021978,-0.011446,0.033424
CTVA,0001193125-26-358064,2026-08-20T16:00:17.000Z,2026-08-21,-0.3,0.012471,0.00094,0.011531,0.013327,0.001965,0.011362,0.025798,-0.004583,0.030381
CTVA,0001193125-26-352659,2026-08-15T01:25:30.000Z,2026-08-17,-0.6,0.024997,-0.004487,0.029483,0.045389,-0.002847,0.048236,0.089462,0.00437,0.085092
CTVA,0001193125-26-338406,2026-08-07T01:05:45.000Z,2026-08-10,-0.506849,-0.003269,0.002101,-0.00537,-0.008892,0.011707,-0.0206,-0.006015,0.003686,-0.009701
CTVA,0001755672-26-000022,2026-07-31T00:44:01.000Z,2026-08-03,-0.145763,0.029853,0.01478,0.015073,0.010784,0.007126,0.003658,0.005655,0.014267,-0.008612
CTVA,0001193125-26-288755,2026-06-30T01:23:51.000Z,2026-07-01,0.09375,0.027053,0.008354,0.018699,0.038425,0.008203,0.030221,0.003831,0.002918,0.000913
CTVA,0001755672-26-000008,2026-05-06T00:41:21.000Z,2026-05-07,-0.103943,0.026053,0.00101,0.025043,0.044517,-0.001337,0.045854,0.053497,-0.001975,0.055472
CTVA,0001755672-26-000006,2026-05-02T00:21:31.000Z,2026-05-04,-0.6,0.027053,0.007294,0.01976,-0.032072,0.010479,-0.042552,0.013955,0.009716,0.004239
CTVA,0001193125-26-153947,2026-04-14T16:35:24.000Z,2026-04-15,0.393939,-0.001968,0.004765,-0.006733,-0.012666,0.019971,-0.032637,-0.024225,0.013661,-0.037886
CVNA,0001690820-26-000059,2026-08-15T00:55:24.000Z,2026-08-17,-0.818182,-0.072621,-0.004487,-0.068134,0.020402,-0.002847,0.023249,0.031959,0.00437,0.027589
CVNA,0001690820-26-000054,2026-07-30T00:05:47.000Z,2026-07-31,0.547445,0.060455,0.010454,0.050001,0.114176,0.023077,0.091099,0.136145,0.025049,0.111096
CVNA,0001690820-26-000039,2026-05-07T00:48:07.000Z,2026-05-08,-0.411765,-0.02194,-0.002433,-0.019507,-0.103156,-0.007545,-0.095611,-0.138183,-0.013152,-0.125031
CVNA,0001690820-26-000034,2026-04-30T00:05:54.000Z,2026-05-01,0.446809,-0.015813,-0.006355,-0.009457,0.017721,0.009573,0.008148,0.018557,0.005579,0.012978
CVS,0001193125-26-354096,2026-08-17T20:19:58.000Z,2026-08-18,0.736842,-0.013276,0.009224,-0.0225,-0.019914,0.007591,-0.027505,-0.021178,0.007786,-0.028964
CVS,0000064803-26-000097,2026-08-05T10:32:06.000Z,2026-08-06,-0.312977,-0.005404,0.00705,-0.012454,-0.028269,0.009173,-0.037442,-0.012783,0.018773,-0.031556
CVS,0000064803-26-000082,2026-05-18T20:13:58.000Z,2026-05-19,-0.5,-0.009556,0.011418,-0.020974,-0.009769,0.023837,-0.033605,-0.022404,0.027674,-0.050077
CVS,0000064803-26-000051,2026-05-06T10:31:25.000Z,2026-05-07,-0.155172,0.036516,0.00101,0.035506,0.089171,-0.001337,0.090508,0.112065,-0.001975,0.11404
CVX,0000093410-26-000192,2026-10-07T01:16:59.000Z,2026-10-08,-0.47619,0.007232,0.003659,0.003573,,,,,,
CVX,0000093410-26-000188,2026-10-05T17:01:20.000Z,2026-10-06,0.714286,-0.011706,-0.007665,-0.004042,0.026496,0.002787,0.023709,,,
CVX,0000093410-26-000162,2026-07-31T14:16:46.000Z,2026-08-03,-0.311475,-0.014391,0.01478,-0.029171,-0.020447,0.007126,-0.027573,0.008955,0.014267,-0.005312
CVX,0000093410-26-000125,2026-05-29T18:12:25.000Z,2026-06-01,-0.818182,0.009256,0.002888,0.006367,0.013561,0.008009,0.005552,0.01835,-0.004428,0.022778
CVX,0000093410-26-000123,2026-05-29T17:13:55.000Z,2026-06-01,0.0,0.009256,0.002888,0.006367,0.013561,0.008009,0.005552,0.01835,-0.004428,0.022778
CVX,0000093410-26-000110,2026-05-01T14:16:43.000Z,2026-05-04,-0.396552,0.001872,0.007294,-0.005422,-0.050863,0.010479,-0.061343,-0.039214,0.009716,-0.048929
CVX,0000093410-26-000108,2026-04-09T15:00:12.000Z,2026-04-10,-0.584906,0.017131,0.012465,0.004666,-0.019305,0.017735,-0.03704,-0.024185,0.03511,-0.059295
D,0001193125-26-390654,2026-09-15T00:30:17.000Z,2026-09-16,0.207317,0.012282,0.004965,0.007316,-0.010864,0.005892,-0.016757,-0.036845,-0.00113,-0.035715
D,0001193125-26-381919,2026-09-04T00:18:58.000Z,2026-09-08,-0.6,-0.016913,-0.009463,-0.00745,-0.028088,-0.008403,-0.019685,-0.035488,-0.013609,-0.021879
D,0001193125-26-364045,2026-08-25T14:01:47.000Z,2026-08-26,-0.466667,-0.006128,-0.002977,-0.003151,-0.013451,-0.01248,-0.000971,-0.012853,-0.016322,0.003469
D,0001193125-26-326812,2026-07-31T15:31:04.000Z,2026-08-03,-0.421687,0.006836,0.01478,-0.007944,-0.028364,0.007126,-0.03549,-0.023273,0.014267,-0.03754
D,0001193125-26-272001,2026-06-16T18:22:19.000Z,2026-06-17,0.333333,0.005734,0.003447,0.002286,0.006322,0.00124,0.005081,0.021905,0.014319,0.007586
D,0001193125-26-258533,2026-06-05T17:26:07.000Z,2026-06-08,0.333333,0.011142,0.009475,0.001666,0.017857,0.010944,0.006913,0.04014,0.022442,0.017698
D,0001193125-26-235041,2026-05-22T02:30:34.000Z,2026-05-26,-0.298701,-0.001189,-0.000163,-0.001026,0.004909,0.005025,-0.000116,-0.002147,0.008845,-0.010992
D,0001193125-26-227930,2026-05-18T16:08:12.000Z,2026-05-19,0.345133,-0.005871,0.011418,-0.017289,-0.006752,0.023837,-0.030589,-0.01365,0.027674,-0.041324
D,0001193125-26-212457,2026-05-08T01:23:36.000Z,2026-05-11,-0.75,0.005755,0.000149,0.005606,0.006554,-0.000834,0.007387,0.079923,-0.003038,0.082961
D,0001193125-26-199099,2026-05-01T15:31:06.000Z,2026-05-04,-0.394737,0.000635,0.007294,-0.006658,-0.021287,0.010479,-0.031766,-0.006195,0.009716,-0.015911
DAL,0000027904-26-000029,2026-07-10T10:30:10.000Z,2026-07-13,0.151079,-0.00789,-0.003751,-0.004138,0.005917,0.004409,0.001508,-0.019144,-0.008034,-0.011109
DAL,0001683168-26-005025,2026-06-22T20:30:29.000Z,2026-06-23,-0.777778,0.045318,0.006955,0.038363,0.067458,0.017921,0.049538,0.080028,0.017995,0.062033
DAL,0001683168-26-004816,2026-06-12T20:30:45.000Z,2026-06-15,-0.714286,-0.011062,-0.000583,-0.010479,0.001308,-0.013772,0.015081,0.031521,-0.015953,0.047475
DASH,0001140361-26-037109,2026-09-19T00:05:38.000Z,2026-09-21,0.2,-0.008358,-9.4e-05,-0.008264,-0.032503,-0.013065,-0.019438,-0.079657,-0.015452,-0.064205
DASH,0001140361-26-032235,2026-08-12T00:09:11.000Z,2026-08-13,0.333333,0.003514,0.000845,0.00267,0.000416,-0.012715,0.013131,0.028207,-0.011206,0.039413
DASH,0001792789-26-000048,2026-08-06T00:12:32.000Z,2026-08-07,0.254237,-0.029594,0.000179,-0.029773,-0.017433,0.004379,-0.021811,0.003514,0.012525,-0.009011
DASH,0001792789-26-000040,2026-06-12T01:57:18.000Z,2026-06-15,-0.6,0.011541,-0.000583,0.012125,0.031947,-0.013772,0.04572,0.020406,-0.015953,0.036359
DASH,0001792789-26-000036,2026-05-07T00:10:12.000Z,2026-05-08,-0.012346,-0.040261,-0.002433,-0.037828,-0.090648,-0.007545,-0.083103,-0.028854,-0.013152,-0.015702
DD,0001666700-26-000055,2026-09-10T11:06:21.000Z,2026-09-11,-0.689655,-0.021261,0.00012,-0.021382,0.004567,-0.013321,0.017888,0.015907,-0.013001,0.028908
DD,0001666700-26-000049,2026-08-04T10:08:03.000Z,2026-08-05,-0.373494,-0.022528,-0.005057,-0.017472,-0.039492,0.00197,-0.041463,-0.020357,0.006071,-0.026428
DD,0001666700-26-000046,2026-06-24T20:39:22.000Z,2026-06-25,-0.5,-0.004209,0.005449,-0.009658,-0.015675,0.005293,-0.020968,0.015312,0.018378,-0.003066
DD,0001666700-26-000034,2026-05-26T20:19:37.000Z,2026-05-27,-0.310345,0.001049,0.004229,-0.00318,-0.001469,0.00651,-0.007979,0.006504,0.004171,0.002334
DD,0001666700-26-000029,2026-05-05T10:08:04.000Z,2026-05-06,-0.452055,-0.034152,-0.005314,-0.028838,0.010186,-0.006743,0.016929,0.021769,-0.011773,0.033543
DD,0001666700-26-000025,2026-04-15T20:14:11.000Z,2026-04-16,-0.333333,0.012834,0.012363,0.000471,-0.000856,0.008954,-0.00981,-0.008128,0.008043,-0.016172
DDOG,0001628280-26-053829,2026-08-06T15:07:37.000Z,2026-08-07,-0.255814,0.114778,0.000179,0.114599,0.029838,0.004379,0.025459,0.092036,0.012525,0.079511
DDOG,0001628280-26-043590,2026-06-17T00:44:37.000Z,2026-06-18,-0.714286,-0.007309,0.000577,-0.007886,-0.00157,0.005063,-0.006633,0.075202,0.016234,0.058968
DDOG,0001628280-26-031677,2026-05-07T15:05:30.000Z,2026-05-08,-0.103448,0.010791,-0.002433,0.013225,0.025729,-0.007545,0.033275,0.039069,-0.013152,0.052221
DDOG,0001193125-26-168261,2026-04-22T14:42:36.000Z,2026-04-23,-0.272727,0.01267,-0.001856,0.014526,0.02886,-0.007985,0.036845,0.033865,0.003756,0.030109
DE,0001104659-26-098904,2026-08-20T10:00:40.000Z,2026-08-21,-0.439394,0.001807,0.00094,0.000867,-0.01997,0.001965,-0.021935,-0.026472,-0.004583,-0.021889
DE,0001104659-26-083910,2026-07-15T20:38:29.000Z,2026-07-16,-0.333333,-0.002888,-0.007527,0.004639,-0.020185,-0.009631,-0.010554,0.018448,-0.013539,0.031987
DE,0001104659-26-068930,2026-06-01T20:15:26.000Z,2026-06-02,-0.333333,0.015606,-0.004463,0.020069,0.007234,-0.004322,0.011556,-0.003314,0.002786,-0.0061
DE,0001104659-26-064747,2026-05-21T10:00:38.000Z,2026-05-22,-0.503759,-5.7e-05,0.003283,-0.003339,0.018615,0.007078,0.011536,0.025097,0.009892,0.015205
DE,0001104659-26-053322,2026-05-01T10:00:58.000Z,2026-05-04,0.2,-0.004495,0.007294,-0.011789,0.003717,0.010479,-0.006762,0.017894,0.009716,0.008179
DECK,0000910521-26-000026,2026-09-15T20:52:18.000Z,2026-09-16,-0.666667,0.022447,0.004965,0.017482,0.029118,0.005892,0.023225,0.008081,-0.00113,0.009211
DECK,0000910521-26-000024,2026-08-28T21:47:42.000Z,2026-08-31,-0.25,-0.028709,-0.008009,-0.0207,-0.029628,0.003345,-0.032973,-0.051447,-0.010337,-0.04111
DECK,0000910521-26-000015,2026-07-23T20:07:23.000Z,2026-07-24,0.285714,0.017597,0.007936,0.009661,0.078092,0.01061,0.067482,0.008746,0.007518,0.001229
DECK,0000910521-26-000007,2026-05-21T20:06:39.000Z,2026-05-22,0.483871,0.044717,0.003283,0.041435,0.071623,0.007078,0.064544,0.038905,0.009892,0.029014
DELL,0001193125-26-391976,2026-09-16T00:26:45.000Z,2026-09-17,-0.833333,-0.034568,-0.004282,-0.030286,-0.067097,0.000835,-0.067932,-0.089021,-0.012073,-0.076948
DELL,0001193125-26-387958,2026-09-11T00:39:27.000Z,2026-09-14,-0.6,0.017276,-0.005515,0.02279,0.101295,-0.008558,0.109853,0.076795,-0.007269,0.084064
DELL,0001571996-26-000039,2026-09-02T00:10:14.000Z,2026-09-03,-0.22449,0.015008,-0.004067,0.019075,0.036523,-0.022788,0.059311,0.098569,-0.021878,0.120447
DELL,0001193125-26-296224,2026-07-07T00:22:22.000Z,2026-07-08,0.0,0.042248,0.006398,0.035851,-0.011251,0.009569,-0.02082,-0.044656,0.004141,-0.048797
DELL,0001571996-26-000036,2026-07-01T14:47:07.000Z,2026-07-02,-0.166667,0.044329,0.000325,0.044005,0.095481,-0.011237,0.106717,0.103089,-0.001412,0.104501
DELL,0001571996-26-000032,2026-06-18T00:18:29.000Z,2026-06-22,-0.333333,0.021662,-0.00224,0.023902,-0.022115,0.01021,-0.032326,-0.009792,0.017182,-0.026974
DELL,0001193125-26-272720,2026-06-17T00:36:39.000Z,2026-06-18,-0.818182,0.022491,0.000577,0.021914,0.059976,0.005063,0.054912,-0.024444,0.016234,-0.040678
DELL,0001193125-26-269594,2026-06-13T00:45:04.000Z,2026-06-15,-0.6,-0.012198,-0.000583,-0.011615,0.001051,-0.013772,0.014824,0.045738,-0.015953,0.061691
DELL,0001193125-26-265877,2026-06-11T00:19:53.000Z,2026-06-12,-0.636364,0.034128,0.003465,0.030663,0.06004,-0.014304,0.074344,0.058498,-0.009873,0.068371
DELL,0001571996-26-000021,2026-05-29T00:15:39.000Z,2026-06-01,-0.319149,-0.065778,0.002888,-0.068667,-0.094236,0.008009,-0.102245,-0.139905,-0.004428,-0.135477
DELL,0001571996-26-000013,2026-04-21T00:20:27.000Z,2026-04-22,-0.333333,-0.011693,-0.000628,-0.011066,0.00615,-0.00455,0.010699,-0.041882,-0.011083,-0.030799
DG,0001104659-26-102689,2026-08-28T10:58:44.000Z,2026-08-31,0.6,0.034241,-0.008009,0.04225,0.035582,0.003345,0.032237,0.008836,-0.010337,0.019173
DG,0001104659-26-101918,2026-08-27T10:57:04.000Z,2026-08-28,-0.344538,0.03141,-0.006249,0.037659,0.065099,-0.009969,0.075067,0.083978,-0.007081,0.091059
DG,0001104659-26-069198,2026-06-02T10:54:17.000Z,2026-06-03,-0.47541,-0.01494,0.009608,-0.024548,0.016462,-0.002579,0.019041,0.046341,-0.004746,0.051087
DGX,0000947871-26-000922,2026-10-07T00:30:58.000Z,2026-10-08,-0.2,0.000217,0.003659,-0.003442,,,,,,
DGX,0001022079-26-000067,2026-07-23T14:46:37.000Z,2026-07-24,-0.04918,0.017467,0.007936,0.009531,0.0323,0.01061,0.02169,0.022602,0.007518,0.015084
DGX,0001022079-26-000052,2026-05-22T00:48:35.000Z,2026-05-26,-0.714286,0.005755,-0.000163,0.005918,0.010473,0.005025,0.005448,0.001452,0.008845,-0.007394
DGX,0001104659-26-057938,2026-05-09T00:15:23.000Z,2026-05-11,-0.333333,0.001949,0.000149,0.001801,-0.009852,-0.000834,-0.009018,0.000158,-0.003038,0.003196
DGX,0001104659-26-054141,2026-05-02T00:15:25.000Z,2026-05-04,-0.411765,-0.003447,0.007294,-0.01074,-0.003447,0.010479,-0.013926,-0.008825,0.009716,-0.018541
DGX,0001022079-26-000040,2026-04-21T14:48:47.000Z,2026-04-22,-0.130435,-0.021912,-0.000628,-0.021284,-0.036127,-0.00455,-0.031578,-0.071961,-0.011083,-0.060877
DHI,0000882184-26-000108,2026-09-15T21:09:53.000Z,2026-09-16,-0.333333,0.014893,0.004965,0.009928,0.006723,0.005892,0.000831,0.013375,-0.00113,0.014505
DHI,0000882184-26-000092,2026-07-21T15:54:47.000Z,2026-07-22,-0.28,-0.002807,-0.003956,0.001149,0.035995,0.012083,0.023912,0.032557,0.0153,0.017256
DHI,0000882184-26-000087,2026-05-12T13:45:26.000Z,2026-05-13,-0.5,-0.009735,0.004399,-0.014134,-0.023023,0.002292,-0.025315,0.007319,0.007758,-0.000439
DHI,0000882184-26-000062,2026-04-21T16:11:57.000Z,2026-04-22,-0.236364,0.018861,-0.000628,0.019489,-0.011478,-0.00455,-0.006928,-0.059126,-0.011083,-0.048043
DHR,0001193125-26-330652,2026-08-03T20:27:19.000Z,2026-08-04,-0.041916,0.025054,-0.002081,0.027135,0.051237,0.000165,0.051073,0.064996,0.001963,0.063033
DHR,0000313616-26-000163,2026-07-20T21:55:01.000Z,2026-07-21,-0.08,0.000726,-0.000161,0.000887,0.069773,0.003808,0.065965,0.111949,0.023215,0.088734
DHR,0001193125-26-255555,2026-06-03T20:30:18.000Z,2026-06-04,-0.666667,-0.012538,-0.009468,-0.00307,0.009484,-0.002575,0.012058,-0.031344,-0.001107,-0.030237
DHR,0000313616-26-000127,2026-05-07T20:36:15.000Z,2026-05-08,-0.75,-0.027109,-0.002433,-0.024676,-0.030206,-0.007545,-0.02266,-0.054043,-0.013152,-0.040891
DHR,0001193125-26-191608,2026-04-29T20:14:44.000Z,2026-04-30,-0.684211,-0.021235,-0.002823,-0.018411,-0.024141,-0.00182,-0.022321,-0.018385,0.00129,-0.019675
DHR,0000313616-26-000109,2026-04-20T21:44:45.000Z,2026-04-21,0.0,-0.053973,-0.000183,-0.05379,-0.088876,-0.002797,-0.086079,-0.079984,-0.008983,-0.071
DHR,0001193125-26-160383,2026-04-17T12:28:34.000Z,2026-04-20,-0.428571,-0.004911,-0.006155,0.001244,-0.086598,-0.006962,-0.079637,-0.076113,-0.010689,-0.065423
DIS,0001744489-26-000056,2026-08-05T10:30:54.000Z,2026-08-06,0.23741,0.002197,0.00705,-0.004853,-0.010986,0.009173,-0.020159,0.001146,0.018773,-0.017626
DIS,0001744489-26-000036,2026-05-06T10:40:14.000Z,2026-05-07,0.272727,-0.00589,0.00101,-0.0069,-0.023008,-0.001337,-0.021671,-0.029818,-0.001975,-0.027843
DLR,0001193125-26-415815,2026-10-07T01:19:48.000Z,2026-10-08,-0.28,0.0117,0.003659,0.008041,,,,,,
DLR,0001193125-26-415814,2026-10-07T01:18:39.000Z,2026-10-08,-0.777778,0.0117,0.003659,0.008041,,,,,,
DLR,0001193125-26-414921,2026-10-06T15:12:38.000Z,2026-10-07,-0.142857,-0.024381,0.006856,-0.031236,,,,,,
DLR,0001193125-26-357083,2026-08-20T00:58:42.000Z,2026-08-21,-0.5,-0.010859,0.00094,-0.0118,0.014741,0.001965,0.012776,-0.027017,-0.004583,-0.022434
DLR,0001104659-26-086270,2026-07-24T00:18:24.000Z,2026-07-27,-0.295522,-0.013179,0.010683,-0.023862,-0.013128,0.000796,-0.013924,-0.023192,0.009844,-0.033035
DLR,0001193125-26-292577,2026-07-02T00:16:39.000Z,2026-07-06,-0.6,0.006909,-0.000502,0.007411,0.032412,-0.005357,0.037769,0.024295,-0.001896,0.02619
DLR,0001193125-26-288761,2026-06-30T01:25:42.000Z,2026-07-01,0.127273,-0.017128,0.008354,-0.025482,-0.008054,0.008203,-0.016257,0.017071,0.002918,0.014153
DLR,0001193125-26-276844,2026-06-22T17:17:15.000Z,2026-06-23,-0.285714,-0.010154,0.006955,-0.017109,-0.010256,0.017921,-0.028177,-0.079077,0.017995,-0.097072
DLR,0001104659-26-068907,2026-06-02T00:05:47.000Z,2026-06-03,-0.428571,0.028338,0.009608,0.01873,-0.007357,-0.002579,-0.004778,-0.014823,-0.004746,-0.010077
DLR,0001193125-26-202581,2026-05-04T15:43:01.000Z,2026-05-05,-0.454545,0.015202,0.008677,0.006525,-0.007016,0.004366,-0.011382,-0.007219,0.001754,-0.008973
DLR,0001104659-26-047702,2026-04-24T00:11:27.000Z,2026-04-27,-0.292308,-0.008964,-0.004228,-0.004736,0.023429,0.007371,0.016058,0.011052,-0.00166,0.012712
DLTR,0000935703-26-000116,2026-09-25T20:30:10.000Z,2026-09-28,-0.142857,-0.023444,-0.001568,-0.021877,-0.013705,-0.00347,-0.010234,-0.024392,0.005345,-0.029737
DLTR,0000935703-26-000108,2026-08-27T10:31:24.000Z,2026-08-28,0.150943,-0.01302,-0.006249,-0.006772,0.028458,-0.009969,0.038426,0.024637,-0.007081,0.031718
DLTR,0000935703-26-000101,2026-08-06T20:07:14.000Z,2026-08-07,-0.333333,-0.011688,0.000179,-0.011867,-0.017494,0.004379,-0.021873,-0.011535,0.012525,-0.02406
DLTR,0000935703-26-000075,2026-07-02T11:43:20.000Z,2026-07-06,-0.142857,0.009797,-0.000502,0.0103,-0.004446,-0.005357,0.000911,0.040507,-0.001896,0.042403
DLTR,0000935703-26-000071,2026-06-23T11:37:21.000Z,2026-06-24,-0.5,-0.009552,0.005557,-0.015109,0.027398,0.011861,0.015537,0.015082,0.0144,0.000682
DLTR,0000935703-26-000064,2026-05-28T10:31:08.000Z,2026-05-29,0.010753,-0.043714,0.000853,-0.044567,-0.033837,-0.000925,-0.032912,-0.065613,-0.001623,-0.06399
DLTR,0000935703-26-000059,2026-05-07T20:19:17.000Z,2026-05-08,-0.333333,-0.044779,-0.002433,-0.042346,-0.078947,-0.007545,-0.071402,-0.049448,-0.013152,-0.036296
DOC,0001628280-26-052608,2026-08-04T20:19:14.000Z,2026-08-05,-0.448819,-0.031666,-0.005057,-0.026609,-0.040844,0.00197,-0.042815,-0.051859,0.006071,-0.05793
DOC,0001628280-26-030561,2026-05-05T20:16:40.000Z,2026-05-06,-0.461988,0.008205,-0.005314,0.013519,0.013333,-0.006743,0.020077,0.002564,-0.011773,0.014337
DOC,0000765880-26-000002,2026-05-04T20:30:36.000Z,2026-05-05,-0.6,0.181102,0.008677,0.172425,0.189582,0.004366,0.185216,0.198062,0.001754,0.196308
DOV,0000029905-26-000026,2026-07-23T11:00:14.000Z,2026-07-24,-0.111111,0.018051,0.007936,0.010115,-0.020821,0.01061,-0.031431,0.011968,0.007518,0.004451
DOV,0001193125-26-219689,2026-05-12T20:46:54.000Z,2026-05-13,-0.714286,-0.001211,0.004399,-0.005611,-0.017659,0.002292,-0.019951,-0.01696,0.007758,-0.024719
DOV,0000029905-26-000014,2026-04-23T10:58:20.000Z,2026-04-24,-0.181818,0.006451,-0.001822,0.008273,-0.011255,-0.008626,-0.002629,0.004493,0.002731,0.001762
DOW,0001751788-26-000144,2026-07-23T10:59:27.000Z,2026-07-24,-0.268817,-0.036528,0.007936,-0.044464,0.020442,0.01061,0.009832,0.015081,0.007518,0.007563
DOW,0001193125-26-300937,2026-07-10T20:19:44.000Z,2026-07-13,0.0,-0.001976,-0.003751,0.001776,-0.035232,0.004409,-0.039641,0.0,-0.008034,0.008034
DOW,0001751788-26-000131,2026-04-23T10:58:21.000Z,2026-04-24,-0.307692,-0.014485,-0.001822,-0.012663,0.023021,-0.008626,0.031648,0.042163,0.002731,0.039431
DOW,0001193125-26-153769,2026-04-14T10:35:07.000Z,2026-04-15,0.325843,0.027806,0.004765,0.023041,-0.053295,0.019971,-0.073266,-0.000772,0.013661,-0.014433
DPZ,0001286681-26-000034,2026-07-20T14:05:16.000Z,2026-07-21,-0.13253,-0.019949,-0.000161,-0.019788,0.020316,0.003808,0.016509,0.073941,0.023215,0.050726
DPZ,0001286681-26-000029,2026-07-15T00:15:16.000Z,2026-07-16,0.555556,-0.02272,-0.007527,-0.015193,-0.010101,-0.009631,-0.00047,-0.019474,-0.013539,-0.005935
DPZ,0001193125-26-277510,2026-06-23T00:05:13.000Z,2026-06-24,0.540984,-0.007579,0.005557,-0.013137,0.022356,0.011861,0.010494,0.057576,0.0144,0.043176
DPZ,0001286681-26-000026,2026-04-28T00:05:17.000Z,2026-04-29,0.333333,0.021396,0.014595,0.006801,-0.005687,0.005321,-0.011009,-0.023021,0.021751,-0.044771
DPZ,0001286681-26-000024,2026-04-27T14:05:17.000Z,2026-04-28,-0.162791,-0.023938,-0.002693,-0.021245,-0.007901,0.008924,-0.016825,-0.025642,0.010188,-0.03583
DPZ,0001286681-26-000021,2026-04-25T00:05:16.000Z,2026-04-27,-0.777778,0.015389,-0.004228,0.019617,0.012288,0.007371,0.004916,-0.014554,-0.00166,-0.012895
DRI,0000940944-26-000035,2026-09-25T01:20:32.000Z,2026-09-28,-0.6,-0.009694,-0.001568,-0.008127,0.001979,-0.00347,0.00545,0.013704,0.005345,0.008359
DRI,0000940944-26-000032,2026-09-24T15:04:31.000Z,2026-09-25,-0.638554,-0.013667,-0.006655,-0.007012,-0.032541,-0.0153,-0.017241,0.002904,-0.007354,0.010257
DRI,0000940944-26-000016,2026-06-25T15:04:45.000Z,2026-06-26,-0.628319,-0.037526,0.001142,-0.038668,-0.055072,0.003695,-0.058767,-0.04913,0.012349,-0.061479
DTE,0000936340-26-000159,2026-09-28T20:18:40.000Z,2026-09-29,0.328125,-0.004821,-0.007103,0.002282,0.016831,0.000916,0.015915,0.047635,0.01349,0.034145
DTE,0000936340-26-000156,2026-09-08T20:16:54.000Z,2026-09-09,-0.5,-0.012641,-0.006947,-0.005695,-0.036234,0.001141,-0.037375,-0.039394,-0.012328,-0.027066
DTE,0000936340-26-000154,2026-09-04T21:03:19.000Z,2026-09-08,0.0,-0.008742,-0.009463,0.000721,-0.034096,-0.008403,-0.025692,-0.049978,-0.013609,-0.03637
DTE,0000936340-26-000148,2026-07-31T20:17:22.000Z,2026-08-03,-0.298969,0.0,0.01478,-0.01478,-0.012348,0.007126,-0.019474,-0.034857,0.014267,-0.049124
DTE,0000936340-26-000144,2026-07-28T10:48:41.000Z,2026-07-29,0.253886,-0.012681,0.000251,-0.012932,-0.012542,0.009992,-0.022534,-0.026895,0.022839,-0.049734
DTE,0000936340-26-000129,2026-06-22T20:22:54.000Z,2026-06-23,-0.5,0.012803,0.006955,0.005847,0.035123,0.017921,0.017202,0.021315,0.017995,0.00332
DTE,0000936340-26-000126,2026-06-18T20:18:28.000Z,2026-06-22,-0.5,0.016073,-0.00224,0.018313,0.040727,0.01021,0.030517,0.048968,0.017182,0.031787
DTE,0000936340-26-000122,2026-06-05T20:17:06.000Z,2026-06-08,-0.5,0.019845,0.009475,0.010369,0.018727,0.010944,0.007783,0.034449,0.022442,0.012007
DTE,0000936340-26-000119,2026-05-15T20:15:11.000Z,2026-05-18,0.289256,0.012734,-0.005561,0.018295,0.016979,0.009336,0.007643,0.023134,0.021677,0.001457
DTE,0000936340-26-000115,2026-05-12T20:19:26.000Z,2026-05-13,-0.5,0.012676,0.004399,0.008277,-0.004577,0.002292,-0.00687,0.005423,0.007758,-0.002336
DTE,0000936340-26-000083,2026-05-01T20:16:19.000Z,2026-05-04,-0.295455,-0.022013,0.007294,-0.029307,-0.032236,0.010479,-0.042715,-0.029306,0.009716,-0.039021
DTE,0000936340-26-000079,2026-04-30T10:49:02.000Z,2026-05-01,0.28934,-0.013845,-0.006355,-0.00749,-0.042678,0.009573,-0.05225,-0.055044,0.005579,-0.060623
DUK,0001104659-26-110588,2026-09-25T14:30:27.000Z,2026-09-28,0.727273,0.007054,-0.001568,0.008622,0.00291,-0.00347,0.00638,0.003791,0.005345,-0.001553
DUK,0001104659-26-095903,2026-08-14T00:06:33.000Z,2026-08-17,-0.619753,0.003318,-0.004487,0.007805,-0.007202,-0.002847,-0.004355,-0.013028,0.00437,-0.017398
DUK,0001104659-26-091159,2026-08-06T00:31:05.000Z,2026-08-07,0.076923,-0.029315,0.000179,-0.029494,-0.010893,0.004379,-0.015272,0.001278,0.012525,-0.011247
DUK,0001326160-26-000037,2026-08-04T01:47:32.000Z,2026-08-05,-0.232,0.00454,-0.005057,0.009597,-0.017431,0.00197,-0.019402,0.001216,0.006071,-0.004855
DUK,0001104659-26-084653,2026-07-18T00:29:26.000Z,2026-07-20,-0.448276,0.000477,0.00249,-0.002014,0.027096,-0.001485,0.02858,0.023679,0.013676,0.010003
DUK,0001104659-26-080476,2026-07-03T03:56:10.000Z,2026-07-06,-0.68,0.017861,-0.000502,0.018364,-0.005636,-0.005357,-0.000279,0.007065,-0.001896,0.008961
DUK,0001104659-26-060251,2026-05-14T00:15:31.000Z,2026-05-15,-0.866667,0.015626,0.007625,0.008002,0.023646,0.013274,0.010372,0.039024,0.025519,0.013505
DUK,0001326160-26-000022,2026-05-05T03:00:49.000Z,2026-05-06,-0.077844,-0.005337,-0.005314,-2.3e-05,-0.005098,-0.006743,0.001645,-0.013063,-0.011773,-0.00129
DVA,0000927066-26-000105,2026-08-04T20:08:24.000Z,2026-08-05,-0.293103,-0.042504,-0.005057,-0.037447,-0.026498,0.00197,-0.028469,-0.038105,0.006071,-0.044176
DVA,0001206774-26-000316,2026-06-08T20:33:52.000Z,2026-06-09,-0.384615,0.001766,-0.012293,0.014059,0.052828,0.009342,0.043486,0.054443,0.011449,0.042994
DVA,0000927066-26-000060,2026-05-05T20:09:12.000Z,2026-05-06,-0.291339,0.012276,-0.005314,0.017589,0.026047,-0.006743,0.03279,0.021766,-0.011773,0.033539
DVN,0001193125-26-371317,2026-08-28T00:17:32.000Z,2026-08-31,-0.2,0.011132,-0.008009,0.019141,0.005772,0.003345,0.002427,-0.002267,-0.010337,0.00807
DVN,0001193125-26-359267,2026-08-21T00:34:19.000Z,2026-08-24,0.666667,-0.027369,-0.000988,-0.02638,-0.023015,-0.001771,-0.021244,0.005806,-0.011446,0.017252
DVN,0001193125-26-332824,2026-08-05T00:11:54.000Z,2026-08-06,-0.120879,-0.003016,0.00705,-0.010065,0.05312,0.009173,0.043947,0.029691,0.018773,0.010919
DVN,0001193125-26-290829,2026-07-01T01:17:56.000Z,2026-07-02,-0.6,-0.002718,0.000325,-0.003043,0.070175,-0.011237,0.081412,0.043489,-0.001412,0.044901
DVN,0001193125-26-282884,2026-06-26T00:34:24.000Z,2026-06-29,-0.428571,-0.015956,-0.001081,-0.014875,-0.036199,0.011239,-0.047438,0.010002,0.011257,-0.001255
DVN,0001193125-26-259922,2026-06-06T01:10:31.000Z,2026-06-08,0.333333,-0.022405,0.009475,-0.03188,-0.010426,0.010944,-0.02137,-0.027515,0.022442,-0.049957
DVN,0001193125-26-235632,2026-05-22T17:39:12.000Z,2026-05-26,-0.243243,-0.019273,-0.000163,-0.01911,-0.0144,0.005025,-0.019424,0.023926,0.008845,0.01508
DVN,0001193125-26-233515,2026-05-21T16:19:49.000Z,2026-05-22,0.315789,-0.044049,0.003283,-0.047332,-0.065862,0.007078,-0.07294,-0.019271,0.009892,-0.029163
DVN,0001193125-26-211971,2026-05-08T00:16:26.000Z,2026-05-11,0.380282,0.000856,0.000149,0.000707,0.010914,-0.000834,0.011747,0.063129,-0.003038,0.066167
DVN,0001193125-26-206689,2026-05-06T00:58:27.000Z,2026-05-07,-0.0625,0.006621,0.00101,0.005611,0.032222,-0.001337,0.033559,0.042595,-0.001975,0.04457
DVN,0001193125-26-204738,2026-05-05T05:17:54.000Z,2026-05-06,-0.142857,-0.027682,-0.005314,-0.022369,0.00279,-0.006743,0.009533,0.006438,-0.011773,0.018211
DVN,0001193125-26-177153,2026-04-25T00:05:59.000Z,2026-04-27,-0.753846,0.026556,-0.004228,0.030784,0.065768,0.007371,0.058396,0.063485,-0.00166,0.065145
DVN,0001193125-26-151250,2026-04-11T00:07:33.000Z,2026-04-13,-0.235294,-0.042733,0.00427,-0.047004,-0.031521,0.009646,-0.041167,-0.049291,0.02507,-0.074361
DXCM,0001093557-26-000175,2026-09-14T20:33:11.000Z,2026-09-15,0.444444,0.010295,-0.007863,0.018158,0.033545,-0.007122,0.040667,0.035628,-0.001667,0.037294
DXCM,0001093557-26-000167,2026-09-10T20:16:12.000Z,2026-09-11,0.666667,0.019872,0.00012,0.019752,0.051909,-0.013321,0.06523,0.076117,-0.013001,0.089118
DXCM,0001093557-26-000142,2026-07-30T20:03:41.000Z,2026-07-31,-0.206897,0.046255,0.010454,0.035801,-0.009467,0.023077,-0.032544,0.015578,0.025049,-0.009471
DXCM,0001093557-26-000105,2026-05-28T21:15:16.000Z,2026-05-29,-0.75,0.015324,0.000853,0.014471,-0.013154,-0.000925,-0.012229,-0.011934,-0.001623,-0.010311
DXCM,0001093557-26-000085,2026-05-14T23:31:55.000Z,2026-05-15,-0.272727,0.056141,0.007625,0.048517,0.159176,0.013274,0.145902,0.169885,0.025519,0.144366
DXCM,0001093557-26-000072,2026-04-30T20:02:43.000Z,2026-05-01,-0.283019,-0.021353,-0.006355,-0.014997,-0.016137,0.009573,-0.02571,-0.012062,0.005579,-0.017641
EBAY,0001065088-26-000174,2026-08-06T00:07:47.000Z,2026-08-07,0.102362,-0.038132,0.000179,-0.038311,-0.086355,0.004379,-0.090733,-0.078943,0.012525,-0.091468
EBAY,0001065088-26-000135,2026-06-19T00:01:10.000Z,2026-06-22,-0.666667,0.038403,-0.00224,0.040643,0.029159,0.01021,0.018949,0.055841,0.017182,0.03866
EBAY,0001552781-26-000322,2026-05-12T14:02:50.000Z,2026-05-13,0.269231,0.002035,0.004399,-0.002364,0.012565,0.002292,0.010273,0.05265,0.007758,0.044892
EBAY,0001552781-26-000302,2026-05-06T01:30:09.000Z,2026-05-07,0.428571,0.011934,0.00101,0.010924,0.037399,-0.001337,0.038736,0.064086,-0.001975,0.066061
EBAY,0001065088-26-000092,2026-04-30T00:07:05.000Z,2026-05-01,-0.009174,0.050543,-0.006355,0.056898,0.039204,0.009573,0.029632,0.034784,0.005579,0.029205
ECHO,0001415404-26-000048,2026-10-02T15:55:36.000Z,2026-10-05,-0.2,0.018328,0.006354,0.011974,-0.049384,0.005411,-0.054795,,,
ECHO,0001415404-26-000042,2026-08-08T00:20:50.000Z,2026-08-10,0.219048,-0.013124,0.002101,-0.015225,0.028379,0.011707,0.016672,0.037689,0.003686,0.034004
ECHO,0001415404-26-000038,2026-08-03T14:18:12.000Z,2026-08-04,-0.567568,-0.042249,-0.002081,-0.040168,-0.017031,0.000165,-0.017195,-0.03952,0.001963,-0.041483
ECHO,0001415404-26-000035,2026-07-29T00:14:16.000Z,2026-07-30,-0.571429,-0.023685,-0.00127,-0.022415,0.063509,0.024323,0.039186,0.010449,0.016515,-0.006066
ECHO,0001104659-26-080994,2026-07-07T17:01:26.000Z,2026-07-08,-0.2,0.017449,0.006398,0.011052,-0.035106,0.009569,-0.044675,0.003012,0.004141,-0.001129
ECHO,0001415404-26-000030,2026-06-26T00:13:23.000Z,2026-06-29,-0.5,0.006545,-0.001081,0.007626,0.006545,0.011239,-0.004694,-0.029056,0.011257,-0.040313
ECHO,0001415404-26-000027,2026-06-19T01:19:52.000Z,2026-06-22,-0.684211,-0.023308,-0.00224,-0.021068,-0.08656,0.01021,-0.096771,-0.052256,0.017182,-0.069437
ECHO,0001415404-26-000020,2026-06-01T16:21:01.000Z,2026-06-02,-0.714286,-0.021287,-0.004463,-0.016824,-0.058843,-0.004322,-0.054521,-0.054877,0.002786,-0.057662
ECHO,0001415404-26-000013,2026-05-23T00:27:32.000Z,2026-05-26,-0.846154,-0.005361,-0.000163,-0.005198,0.049301,0.005025,0.044277,0.003493,0.008845,-0.005353
ECL,0001628280-26-049933,2026-07-28T12:01:07.000Z,2026-07-29,0.436893,-0.015368,0.000251,-0.01562,-0.015051,0.009992,-0.025043,0.006239,0.022839,-0.0166
ECL,0001104659-26-068276,2026-05-29T20:16:02.000Z,2026-06-01,-0.636364,0.023117,0.002888,0.020228,0.015411,0.008009,0.007402,0.027708,-0.004428,0.032136
ECL,0001104659-26-058710,2026-05-11T20:46:52.000Z,2026-05-12,-0.333333,-0.008264,-0.005352,-0.002912,-0.01621,-0.010937,-0.005273,-0.023719,-0.008793,-0.014926
ECL,0001104659-26-049822,2026-04-28T12:06:00.000Z,2026-04-29,0.454068,0.015549,0.014595,0.000954,-0.003975,0.005321,-0.009296,0.026538,0.021751,0.004788
ECL,0001104659-26-043821,2026-04-15T20:30:13.000Z,2026-04-16,-0.333333,0.020688,0.012363,0.008325,0.00598,0.008954,-0.002974,0.008246,0.008043,0.000202
ED,0001193125-26-383674,2026-09-04T20:15:42.000Z,2026-09-08,-0.4,-0.007204,-0.009463,0.002259,-0.016717,-0.008403,-0.008314,-0.027986,-0.013609,-0.014377
ED,0001047862-26-000143,2026-08-06T21:09:27.000Z,2026-08-07,-0.07177,-0.015558,0.000179,-0.015737,-0.001852,0.004379,-0.006231,0.007594,0.012525,-0.004931
ED,0001193125-26-294715,2026-07-02T20:31:27.000Z,2026-07-06,0.777778,0.00938,-0.000502,0.009882,-0.014919,-0.005357,-0.009562,-0.001072,-0.001896,0.000824
ED,0001193125-26-254760,2026-06-03T13:50:37.000Z,2026-06-04,0.333333,0.020945,-0.009468,0.030413,0.022291,-0.002575,0.024865,0.026518,-0.001107,0.027625
ED,0001193125-26-232621,2026-05-20T20:15:15.000Z,2026-05-21,-0.666667,0.010614,0.008498,0.002116,0.00568,0.011755,-0.006076,-0.01648,0.01736,-0.033841
ED,0001193125-26-214767,2026-05-08T20:34:21.000Z,2026-05-11,-0.333333,0.006497,0.000149,0.006348,0.017111,-0.000834,0.017945,0.011225,-0.003038,0.014263
ED,0001047862-26-000092,2026-05-07T20:28:33.000Z,2026-05-08,0.017751,-0.000941,-0.002433,0.001493,0.006954,-0.007545,0.014499,-0.000635,-0.013152,0.012517
EFX,0001193125-26-323760,2026-07-29T20:15:24.000Z,2026-07-30,-0.2,-0.019929,-0.00127,-0.018659,0.005621,0.024323,-0.018702,-0.00193,0.016515,-0.018446
EFX,0000033185-26-000024,2026-07-21T10:32:31.000Z,2026-07-22,-0.226994,-0.021883,-0.003956,-0.017928,0.040246,0.012083,0.028164,0.097389,0.0153,0.082089
EFX,0001193125-26-272759,2026-06-16T20:46:54.000Z,2026-06-17,0.0,-0.005877,0.003447,-0.009324,-0.014919,0.00124,-0.016159,-0.018794,0.014319,-0.033113
EFX,0001193125-26-220328,2026-05-13T01:52:25.000Z,2026-05-14,-0.75,0.004121,-0.009867,0.013988,0.019718,-0.007509,0.027228,0.034111,0.006807,0.027304
EFX,0001193125-26-177620,2026-04-24T21:05:18.000Z,2026-04-27,-0.666667,0.006683,-0.004228,0.010911,0.019757,0.007371,0.012386,0.009791,-0.00166,0.01145
EFX,0000033185-26-000016,2026-04-21T10:32:01.000Z,2026-04-22,-0.267974,-0.020878,-0.000628,-0.02025,-0.045282,-0.00455,-0.040732,-0.034143,-0.011083,-0.02306
EG,0001095073-26-000035,2026-09-01T00:18:12.000Z,2026-09-02,-0.2,0.021069,0.0072,0.013869,-0.022338,-0.006517,-0.015821,-0.013833,-0.022942,0.00911
EG,0001095073-26-000029,2026-07-30T00:16:46.000Z,2026-07-31,-0.610256,-0.005613,0.010454,-0.016067,-0.002325,0.023077,-0.025402,0.002165,0.025049,-0.022884
EG,0001095073-26-000027,2026-06-03T17:17:03.000Z,2026-06-04,-0.690896,0.046667,-0.009468,0.056134,0.038654,-0.002575,0.041229,0.052426,-0.001107,0.053532
EG,0001095073-26-000023,2026-05-16T00:20:14.000Z,2026-05-18,-0.333333,0.003401,-0.005561,0.008962,0.001771,0.009336,-0.007565,-0.010146,0.021677,-0.031823
EG,0001095073-26-000019,2026-04-30T00:17:01.000Z,2026-05-01,-0.544554,-0.017111,-0.006355,-0.010756,-0.004723,0.009573,-0.014296,-0.005798,0.005579,-0.011377
EG,0001095073-26-000017,2026-04-14T00:17:17.000Z,2026-04-15,0.333333,-0.003472,0.004765,-0.008237,0.014554,0.019971,-0.005417,-0.001765,0.013661,-0.015426
EIX,0000827052-26-000061,2026-07-30T22:03:22.000Z,2026-07-31,-0.131222,-0.026032,0.010454,-0.036487,-0.068829,0.023077,-0.091906,-0.06474,0.025049,-0.08979
EIX,0000827052-26-000058,2026-07-30T20:07:33.000Z,2026-07-31,-0.04918,-0.026032,0.010454,-0.036487,-0.068829,0.023077,-0.091906,-0.06474,0.025049,-0.08979
EIX,0000827052-26-000047,2026-05-05T20:07:13.000Z,2026-05-06,0.0,-0.003343,-0.005314,0.001971,0.025872,-0.006743,0.032615,0.026453,-0.011773,0.038227
EIX,0000827052-26-000044,2026-04-28T22:13:09.000Z,2026-04-29,-0.19802,0.022814,0.014595,0.008219,0.015602,0.005321,0.01028,0.012658,0.021751,-0.009092
EIX,0000827052-26-000041,2026-04-28T20:08:47.000Z,2026-04-29,-0.254386,0.022814,0.014595,0.008219,0.015602,0.005321,0.01028,0.012658,0.021751,-0.009092
EIX,0000827052-26-000031,2026-04-24T20:06:12.000Z,2026-04-27,-0.428571,-0.009188,-0.004228,-0.00496,0.013417,0.007371,0.006046,0.006271,-0.00166,0.00793
EIX,0000827052-26-000028,2026-04-23T20:10:18.000Z,2026-04-24,0.714286,-0.004211,-0.001822,-0.002389,-0.01336,-0.008626,-0.004734,0.014813,0.002731,0.012081
EL,0001001250-26-000045,2026-09-08T20:18:36.000Z,2026-09-09,0.0,-0.023286,-0.006947,-0.01634,-0.005568,0.001141,-0.00671,-0.032095,-0.012328,-0.019767
EL,0001001250-26-000038,2026-08-19T12:02:43.000Z,2026-08-20,-0.292553,0.060218,0.005829,0.054389,0.090484,0.005715,0.084768,0.104628,0.004712,0.099916
EL,0001001250-26-000033,2026-07-24T20:16:30.000Z,2026-07-27,0.0,0.01863,0.010683,0.007947,0.020192,0.000796,0.019396,0.017789,0.009844,0.007945
EL,0001001250-26-000017,2026-05-01T12:08:12.000Z,2026-05-04,-0.283388,0.018689,0.007294,0.011395,0.048691,0.010479,0.038211,0.01746,0.009716,0.007744
ELV,0001156039-26-000063,2026-09-10T14:00:47.000Z,2026-09-11,-0.473684,0.013183,0.00012,0.013063,-0.014712,-0.013321,-0.00139,-0.018557,-0.013001,-0.005556
ELV,0001156039-26-000058,2026-07-15T14:01:33.000Z,2026-07-16,-0.013699,0.000697,-0.007527,0.008224,0.055223,-0.009631,0.064854,0.017326,-0.013539,0.030865
ELV,0001156039-26-000049,2026-06-10T14:01:35.000Z,2026-06-11,-0.473684,0.01225,0.007831,0.004419,-0.003457,0.010001,-0.013459,-0.026755,-0.002776,-0.023979
ELV,0001156039-26-000046,2026-05-14T00:07:56.000Z,2026-05-15,-0.666667,0.00354,0.007625,-0.004085,0.00899,0.013274,-0.004284,0.005119,0.025519,-0.0204
ELV,0001156039-26-000039,2026-04-22T14:02:28.000Z,2026-04-23,-0.134831,-0.004418,-0.001856,-0.002562,0.047503,-0.007985,0.055489,0.087008,0.003756,0.083252
EME,0000105634-26-000115,2026-07-31T20:27:00.000Z,2026-08-03,-0.428571,0.003009,0.01478,-0.011771,-0.010998,0.007126,-0.018124,-0.009897,0.014267,-0.024164
EME,0000105634-26-000112,2026-07-30T13:03:52.000Z,2026-07-31,-0.085714,0.025068,0.010454,0.014614,0.031012,0.023077,0.007935,0.024416,0.025049,-0.000633
EME,0000105634-26-000085,2026-06-04T20:15:18.000Z,2026-06-05,-0.6,0.007768,-0.002379,0.010147,-0.049814,-0.005524,-0.04429,0.006863,0.016479,-0.009616
EME,0000105634-26-000048,2026-04-29T12:05:36.000Z,2026-04-30,-0.416667,0.013267,-0.002823,0.016091,0.046654,-0.00182,0.048474,0.036325,0.00129,0.035035
EMR,0000032604-26-000042,2026-08-04T20:05:37.000Z,2026-08-05,-0.555556,-0.034222,-0.005057,-0.029165,-0.023143,0.00197,-0.025113,0.008186,0.006071,0.002115
EMR,0000032604-26-000034,2026-05-05T20:06:11.000Z,2026-05-06,-0.258427,-0.046625,-0.005314,-0.041311,-0.057842,-0.006743,-0.051099,-0.069126,-0.011773,-0.057353
EOG,0001193125-26-400333,2026-09-24T17:14:54.000Z,2026-09-25,0.473684,0.001995,-0.006655,0.00865,-0.018454,-0.0153,-0.003154,0.007339,-0.007354,0.014692
EOG,0000821189-26-000147,2026-08-05T00:19:54.000Z,2026-08-06,-0.27451,-0.010719,0.00705,-0.017769,0.052863,0.009173,0.04369,0.038253,0.018773,0.01948
EOG,0000821189-26-000140,2026-07-10T00:17:33.000Z,2026-07-13,0.6,-0.011461,-0.003751,-0.007709,-0.008237,0.004409,-0.012647,0.018101,-0.008034,0.026135
EOG,0000821189-26-000107,2026-05-22T01:16:07.000Z,2026-05-26,-0.428571,-0.01395,-0.000163,-0.013787,-0.020705,0.005025,-0.025729,0.017474,0.008845,0.008629
EOG,0000821189-26-000102,2026-05-06T00:18:04.000Z,2026-05-07,-0.313725,-0.00657,0.00101,-0.00758,0.024754,-0.001337,0.02609,0.038964,-0.001975,0.040939
EOG,0000821189-26-000078,2026-04-10T00:31:14.000Z,2026-04-13,0.333333,-0.024606,0.00427,-0.028876,-0.013501,0.009646,-0.023147,-0.049629,0.02507,-0.074698
EQIX,0001104659-26-092009,2026-08-06T20:12:32.000Z,2026-08-07,-0.466667,0.000729,0.000179,0.00055,0.025465,0.004379,0.021086,0.057049,0.012525,0.044524
EQIX,0001101239-26-000148,2026-07-29T20:20:05.000Z,2026-07-30,-0.4,-0.026968,-0.00127,-0.025698,0.003819,0.024323,-0.020504,0.005088,0.016515,-0.011427
EQIX,0001101239-26-000145,2026-07-29T20:13:28.000Z,2026-07-30,-0.094017,-0.026968,-0.00127,-0.025698,0.003819,0.024323,-0.020504,0.005088,0.016515,-0.011427
EQIX,0001101239-26-000131,2026-07-14T20:30:32.000Z,2026-07-15,0.2,-0.013162,0.01,-0.023162,-0.005173,-0.002387,-0.002786,0.006004,-0.000527,0.006531
EQIX,0001101239-26-000109,2026-05-15T20:46:43.000Z,2026-05-18,-0.666667,-0.013354,-0.005561,-0.007793,0.019888,0.009336,0.010552,0.019141,0.021677,-0.002536
EQIX,0001101239-26-000095,2026-05-11T20:28:32.000Z,2026-05-12,0.0,-0.0031,-0.005352,0.002252,-0.019609,-0.010937,-0.008672,-0.029797,-0.008793,-0.021005
EQIX,0001104659-26-057167,2026-05-07T20:18:15.000Z,2026-05-08,-0.411765,0.013189,-0.002433,0.015622,0.00485,-0.007545,0.012396,-0.01179,-0.013152,0.001362
EQIX,0001101239-26-000089,2026-04-29T20:11:47.000Z,2026-04-30,-0.07438,0.002032,-0.002823,0.004855,-0.004036,-0.00182,-0.002216,-0.014841,0.00129,-0.016131
EQT,0000033213-26-000041,2026-07-22T00:31:38.000Z,2026-07-23,-0.24,-0.006743,0.007986,-0.014728,-0.032403,0.028046,-0.060449,-0.012737,0.017456,-0.030193
EQT,0000033213-26-000035,2026-07-15T00:15:32.000Z,2026-07-16,0.333333,0.003239,-0.007527,0.010766,0.008097,-0.009631,0.017728,0.080769,-0.013539,0.094308
EQT,0000033213-26-000028,2026-04-22T00:31:35.000Z,2026-04-23,-0.235955,-0.000339,-0.001856,0.001517,0.008315,-0.007985,0.0163,0.019515,0.003756,0.015759
EQT,0001104659-26-043807,2026-04-16T00:15:45.000Z,2026-04-17,-0.666667,-0.025308,0.002829,-0.028137,0.004104,-0.003371,0.007475,0.007353,-0.006033,0.013386
EQT,0000033213-26-000022,2026-04-15T00:21:53.000Z,2026-04-16,-0.333333,0.001541,0.012363,-0.010822,-0.024148,0.008954,-0.033102,0.009248,0.008043,0.001205
ERIE,0001628280-26-051071,2026-07-30T20:20:05.000Z,2026-07-31,-0.111111,-0.021401,0.010454,-0.031856,0.036151,0.023077,0.013074,0.043547,0.025049,0.018497
ERIE,0001628280-26-037267,2026-05-21T20:10:12.000Z,2026-05-22,-0.5,-0.005173,0.003283,-0.008456,-0.026937,0.007078,-0.034015,-0.056282,0.009892,-0.066173
ERIE,0001628280-26-026857,2026-04-23T20:20:02.000Z,2026-04-24,-0.1875,-0.010273,-0.001822,-0.008451,-0.059456,-0.008626,-0.050829,-0.079873,0.002731,-0.082605
ES,0001104659-26-088698,2026-07-30T20:18:59.000Z,2026-07-31,-0.269461,0.005029,0.010454,-0.005426,0.012292,0.023077,-0.010785,0.010337,0.025049,-0.014713
ES,0001104659-26-079426,2026-06-30T21:40:46.000Z,2026-07-01,-0.450549,0.031025,0.008354,0.022671,0.035319,0.008203,0.027115,0.023961,0.002918,0.021043
ES,0001104659-26-056267,2026-05-06T20:20:58.000Z,2026-05-07,-0.450704,-0.007906,0.00101,-0.008916,0.025209,-0.001337,0.026545,0.026402,-0.001975,0.028377
ESS,0000920522-26-000027,2026-09-25T20:06:20.000Z,2026-09-28,0.230769,0.00337,-0.001568,0.004937,-0.003397,-0.00347,7.3e-05,0.005551,0.005345,0.000207
ESS,0000920522-26-000025,2026-09-11T20:23:38.000Z,2026-09-14,0.0,0.00116,-0.005515,0.006675,-0.01788,-0.008558,-0.009322,-0.01574,-0.007269,-0.008471
ESS,0001140361-26-030060,2026-07-29T20:34:25.000Z,2026-07-30,0.006536,0.008089,-0.00127,0.009359,0.018981,0.024323,-0.005342,0.011566,0.016515,-0.004949
ESS,0000920522-26-000019,2026-05-29T20:21:42.000Z,2026-06-01,0.0,0.002311,0.002888,-0.000577,0.027733,0.008009,0.019724,0.018308,-0.004428,0.022736
ESS,0001140361-26-021353,2026-05-14T21:05:35.000Z,2026-05-15,-0.714286,0.019396,0.007625,0.011772,0.029844,0.013274,0.01657,0.036097,0.025519,0.010578
ESS,0001140361-26-017477,2026-04-28T20:35:42.000Z,2026-04-29,-0.068702,-0.006455,0.014595,-0.02105,-0.000944,0.005321,-0.006265,0.008833,0.021751,-0.012918
ETN,0001140361-26-038523,2026-10-05T14:30:45.000Z,2026-10-06,0.555556,-0.030915,-0.007665,-0.02325,-0.034701,0.002787,-0.037488,,,
ETN,0001551182-26-000027,2026-07-31T15:00:30.000Z,2026-08-03,-0.276596,0.014924,0.01478,0.000143,0.022728,0.007126,0.015602,0.017855,0.014267,0.003588
ETN,0000950142-26-001733,2026-06-11T14:40:28.000Z,2026-06-12,-0.303371,0.040037,0.003465,0.036571,0.046629,-0.014304,0.060933,0.113416,-0.009873,0.123289
ETN,0001551182-26-000010,2026-05-05T15:00:23.000Z,2026-05-06,-0.270833,-0.052778,-0.005314,-0.047464,-0.002924,-0.006743,0.003819,-0.031623,-0.011773,-0.019849
ETN,0001140361-26-016399,2026-04-24T00:30:48.000Z,2026-04-27,-0.75,-0.008878,-0.004228,-0.00465,0.038966,0.007371,0.031595,0.013605,-0.00166,0.015264
ETR,0000065984-26-000312,2026-09-02T20:49:03.000Z,2026-09-03,-0.333333,-0.004732,-0.004067,-0.000665,-0.00566,-0.022788,0.017129,-0.022731,-0.021878,-0.000854
ETR,0001193125-26-339472,2026-08-07T14:36:30.000Z,2026-08-10,0.0,0.008708,0.002101,0.006607,0.017967,0.011707,0.00626,0.033297,0.003686,0.029611
ETR,0000065984-26-000279,2026-07-29T12:02:34.000Z,2026-07-30,-0.277311,-0.003795,-0.00127,-0.002525,0.007683,0.024323,-0.01664,-0.014255,0.016515,-0.030771
ETR,0000065984-26-000265,2026-06-23T20:57:53.000Z,2026-06-24,-0.5,0.006016,0.005557,0.000459,0.014299,0.011861,0.002438,-0.015956,0.0144,-0.030356
ETR,0000065984-26-000232,2026-05-12T20:02:28.000Z,2026-05-13,-0.666667,0.004895,0.004399,0.000496,-0.024655,0.002292,-0.026947,-0.003738,0.007758,-0.011497
ETR,0000065984-26-000231,2026-05-12T20:01:22.000Z,2026-05-13,0.090909,0.004895,0.004399,0.000496,-0.024655,0.002292,-0.026947,-0.003738,0.007758,-0.011497
ETR,0001193125-26-211827,2026-05-07T20:01:58.000Z,2026-05-08,-0.733333,0.012367,-0.002433,0.0148,0.006811,-0.007545,0.014356,-0.022941,-0.013152,-0.009789
ETR,0000065984-26-000217,2026-04-29T12:02:15.000Z,2026-04-30,-0.313131,-0.007163,-0.002823,-0.00434,0.000767,-0.00182,0.002587,-0.044769,0.00129,-0.046059
EVRG,0001193125-26-393088,2026-09-17T00:15:30.000Z,2026-09-18,0.333333,-0.006518,0.005038,-0.011556,-0.017047,-0.002109,-0.014938,-0.02181,-0.003817,-0.017993
EVRG,0001193125-26-363625,2026-08-25T00:18:42.000Z,2026-08-26,-0.5,-0.00985,-0.002977,-0.006873,-0.014715,-0.01248,-0.002235,-0.017755,-0.016322,-0.001433
EVRG,0001193125-26-336661,2026-08-06T15:00:18.000Z,2026-08-07,-0.298701,-0.015471,0.000179,-0.01565,-0.00072,0.004379,-0.005098,0.007796,0.012525,-0.004729
EVRG,0001193125-26-292566,2026-07-02T00:15:41.000Z,2026-07-06,0.333333,0.009853,-0.000502,0.010355,-0.011476,-0.005357,-0.006118,0.002087,-0.001896,0.003982
EVRG,0001193125-26-292565,2026-07-02T00:15:35.000Z,2026-07-06,-0.764706,0.009853,-0.000502,0.010355,-0.011476,-0.005357,-0.006118,0.002087,-0.001896,0.003982
EVRG,0001193125-26-210269,2026-05-07T15:00:20.000Z,2026-05-08,-0.305556,0.020176,-0.002433,0.022609,0.008315,-0.007545,0.01586,-0.015652,-0.013152,-0.0025
EW,0001099800-26-000048,2026-08-29T00:15:18.000Z,2026-08-31,0.0,-0.00011,-0.008009,0.007899,-0.010689,0.003345,-0.014034,-0.044408,-0.010337,-0.034071
EW,0001099800-26-000038,2026-07-24T00:29:00.000Z,2026-07-27,0.028986,0.007707,0.010683,-0.002976,0.046724,0.000796,0.045928,0.069605,0.009844,0.059761
EW,0001099800-26-000028,2026-05-09T00:12:34.000Z,2026-05-11,-0.818182,0.033174,0.000149,0.033025,0.054037,-0.000834,0.05487,0.067643,-0.003038,0.070681
EW,0001099800-26-000023,2026-05-05T00:53:21.000Z,2026-05-06,0.2,-0.005288,-0.005314,2.5e-05,-0.072476,-0.006743,-0.065733,-0.021755,-0.011773,-0.009982
EW,0001099800-26-000021,2026-04-24T00:20:22.000Z,2026-04-27,0.115385,-0.014139,-0.004228,-0.009911,0.000479,0.007371,-0.006892,-0.001558,-0.00166,0.000102
EXC,0001109357-26-000084,2026-08-26T00:38:30.000Z,2026-08-27,0.285714,-0.000682,-0.003321,0.002639,-0.002957,-0.017483,0.014525,0.012966,-0.006259,0.019225
EXC,0001109357-26-000077,2026-07-30T14:56:06.000Z,2026-07-31,-0.141935,-0.004147,0.010454,-0.014601,-0.00131,0.023077,-0.024386,-0.004583,0.025049,-0.029633
EXC,0001109357-26-000061,2026-05-06T14:56:54.000Z,2026-05-07,-0.085106,-0.011259,0.00101,-0.012269,0.012835,-0.001337,0.014172,-0.000225,-0.001975,0.00175
EXC,0001109357-26-000053,2026-05-01T00:28:05.000Z,2026-05-04,-0.142857,-0.009226,0.007294,-0.016519,-0.0472,0.010479,-0.05768,-0.05192,0.009716,-0.061636
EXC,0001109357-26-000046,2026-04-16T20:06:35.000Z,2026-04-17,-0.5,-0.013186,0.002829,-0.016015,-0.02467,-0.003371,-0.0213,-0.002127,-0.006033,0.003907
EXE,0001104659-26-114046,2026-10-07T00:11:05.000Z,2026-10-08,-0.6,-0.004108,0.003659,-0.007767,,,,,,
EXE,0001104659-26-108570,2026-09-18T00:11:21.000Z,2026-09-21,-0.428571,-0.007074,-9.4e-05,-0.00698,0.011067,-0.013065,0.024132,-0.026697,-0.015452,-0.011245
EXE,0000895126-26-000053,2026-09-17T00:01:16.000Z,2026-09-18,0.0,0.001829,0.005038,-0.003209,-0.005143,-0.002109,-0.003034,-0.007429,-0.003817,-0.003613
EXE,0001104659-26-108003,2026-09-16T03:04:09.000Z,2026-09-17,-0.052632,-0.00951,-0.004282,-0.005227,-0.014718,0.000835,-0.015552,0.003283,-0.012073,0.015357
EXE,0001104659-26-088451,2026-07-30T15:01:01.000Z,2026-07-31,-0.5,0.0067,0.010454,-0.003754,-0.034138,0.023077,-0.057215,-0.012656,0.025049,-0.037705
EXE,0000895126-26-000046,2026-07-29T00:02:12.000Z,2026-07-30,-0.25,0.01742,-0.00127,0.01869,0.007033,0.024323,-0.01729,-0.004977,0.016515,-0.021493
EXE,0000895126-26-000039,2026-07-27T15:02:07.000Z,2026-07-28,0.111111,0.04451,-0.008959,0.053468,0.062246,-0.010642,0.072887,0.051401,0.014764,0.036637
EXE,0000895126-26-000036,2026-06-26T15:55:31.000Z,2026-06-29,-0.428571,0.041695,-0.001081,0.042776,0.036326,0.011239,0.025087,0.023075,0.011257,0.011818
EXE,0000895126-26-000032,2026-06-05T00:07:00.000Z,2026-06-08,-0.666667,-0.018138,0.009475,-0.027613,-0.036939,0.010944,-0.047883,-0.02787,0.022442,-0.050312
EXE,0000895126-26-000027,2026-04-29T00:01:37.000Z,2026-04-30,-0.491228,-0.019873,-0.002823,-0.017049,-0.023397,-0.00182,-0.021577,-0.046305,0.00129,-0.047595
EXE,0000895126-26-000021,2026-04-11T00:01:10.000Z,2026-04-13,-0.333333,-0.021374,0.00427,-0.025645,-0.004295,0.009646,-0.013942,-0.023624,0.02507,-0.048694
EXPD,0001193125-26-392952,2026-09-16T19:00:55.000Z,2026-09-17,0.6,0.009837,-0.004282,0.01412,-0.008303,0.000835,-0.009138,-0.028665,-0.012073,-0.016592
EXPD,0001193125-26-344693,2026-08-11T20:15:35.000Z,2026-08-12,0.04065,0.013986,0.007478,0.006508,0.0206,-0.000758,0.021358,0.010679,0.003727,0.006952
EXPD,0001193125-26-332198,2026-08-04T16:59:36.000Z,2026-08-05,-0.164179,-0.01571,-0.005057,-0.010654,-0.013285,0.00197,-0.015255,0.016868,0.006071,0.010796
EXPD,0001193125-26-232738,2026-05-20T20:42:20.000Z,2026-05-21,0.127273,0.008207,0.008498,-0.000291,0.027483,0.011755,0.015727,0.005089,0.01736,-0.012271
EXPD,0001193125-26-209000,2026-05-06T20:15:19.000Z,2026-05-07,-0.6,0.031806,0.00101,0.030796,0.016923,-0.001337,0.01826,0.011524,-0.001975,0.013499
EXPD,0001193125-26-206504,2026-05-05T20:23:26.000Z,2026-05-06,0.0,0.004099,-0.005314,0.009413,0.028432,-0.006743,0.035175,0.030151,-0.011773,0.041924
EXPD,0001193125-26-205511,2026-05-05T15:05:58.000Z,2026-05-06,-0.107143,0.004099,-0.005314,0.009413,0.028432,-0.006743,0.035175,0.030151,-0.011773,0.041924
EXPE,0001324424-26-000051,2026-08-06T00:00:16.000Z,2026-08-07,-0.405941,0.010718,0.000179,0.01054,0.047927,0.004379,0.043549,0.070845,0.012525,0.05832
EXPE,0001324424-26-000042,2026-06-23T02:01:18.000Z,2026-06-24,-0.666667,-0.042724,0.005557,-0.048281,0.01194,0.011861,7.8e-05,0.009117,0.0144,-0.005283
EXPE,0001324424-26-000031,2026-05-08T00:02:05.000Z,2026-05-11,-0.511111,9e-05,0.000149,-5.8e-05,-0.019371,-0.000834,-0.018538,-0.029215,-0.003038,-0.026177
EXPE,0001324424-26-000016,2026-04-23T17:00:50.000Z,2026-04-24,0.454545,-0.024737,-0.001822,-0.022916,-0.00346,-0.008626,0.005166,0.001591,0.002731,-0.001141
EXPE,0001104659-26-042073,2026-04-11T00:33:05.000Z,2026-04-13,-0.833333,0.034803,0.00427,0.030532,0.059198,0.009646,0.049552,0.137505,0.02507,0.112435
EXR,0001289490-26-000058,2026-08-24T10:34:28.000Z,2026-08-25,0.866667,-0.005384,0.002192,-0.007576,-0.013529,-0.00427,-0.009259,-0.032788,-0.018417,-0.014371
EXR,0001289490-26-000048,2026-07-28T20:46:03.000Z,2026-07-29,-0.285714,-0.030357,0.000251,-0.030608,-0.020412,0.009992,-0.030404,-0.018384,0.022839,-0.041223
EXR,0001193125-26-296159,2026-07-06T20:02:17.000Z,2026-07-07,-0.7,-0.025316,-0.01091,-0.014406,-0.025519,-0.000967,-0.024552,-0.015095,-0.005177,-0.009918
EXR,0001193125-26-282771,2026-06-25T20:08:25.000Z,2026-06-26,0.2,-0.006367,0.001142,-0.007509,-0.012868,0.003695,-0.016563,-0.020575,0.012349,-0.032924
EXR,0001289490-26-000039,2026-05-15T20:18:05.000Z,2026-05-18,-0.666667,0.007467,-0.005561,0.013029,0.033317,0.009336,0.023981,0.033891,0.021677,0.012214
EXR,0001289490-26-000034,2026-04-28T20:26:02.000Z,2026-04-29,-0.246753,0.019925,0.014595,0.00533,-0.008539,0.005321,-0.013861,0.023625,0.021751,0.001874
F,0000037996-26-000184,2026-10-02T13:16:49.000Z,2026-10-05,-0.325,0.0107,0.006354,0.004345,0.00823,0.005411,0.002819,,,
F,0000037996-26-000155,2026-07-28T20:07:30.000Z,2026-07-29,-0.464115,-0.027487,0.000251,-0.027738,-0.055628,0.009992,-0.06562,-0.075262,0.022839,-0.098101
F,0000037996-26-000151,2026-07-02T13:16:14.000Z,2026-07-06,0.789474,-0.019523,-0.000502,-0.019021,-0.015907,-0.005357,-0.01055,0.001446,-0.001896,0.003342
F,0000037996-26-000093,2026-05-21T10:45:27.000Z,2026-05-22,-0.675676,0.026122,0.003283,0.022839,0.115204,0.007078,0.108126,0.113865,0.009892,0.103973
F,0000037996-26-000090,2026-05-19T20:08:28.000Z,2026-05-20,-0.818182,0.034039,0.003571,0.030468,0.15885,0.015625,0.143225,0.259455,0.019547,0.239909
F,0000037996-26-000084,2026-04-29T20:12:33.000Z,2026-04-30,-0.397959,-0.016556,-0.002823,-0.013733,-0.032285,-0.00182,-0.030465,0.008278,0.00129,0.006988
F,0000037996-26-000081,2026-04-15T20:12:35.000Z,2026-04-16,0.0,0.034566,0.012363,0.022202,0.027331,0.008954,0.018377,0.003215,0.008043,-0.004828
F,0000037996-26-000079,2026-04-15T13:52:44.000Z,2026-04-16,-0.5625,0.034566,0.012363,0.022202,0.027331,0.008954,0.018377,0.003215,0.008043,-0.004828
FANG,0001104659-26-112325,2026-10-01T00:05:28.000Z,2026-10-02,-0.5,-0.003411,0.006073,-0.009484,-0.001787,0.004875,-0.006662,0.040645,0.015319,0.025326
FANG,0001539838-26-000137,2026-08-04T00:06:11.000Z,2026-08-05,-0.479675,0.018585,-0.005057,0.023642,0.068754,0.00197,0.066784,0.078799,0.006071,0.072728
FANG,0001539838-26-000134,2026-07-14T00:03:27.000Z,2026-07-15,-0.6,0.00195,0.01,-0.00805,0.029616,-0.002387,0.032004,0.069878,-0.000527,0.070405
FANG,0001104659-26-074049,2026-06-16T00:21:40.000Z,2026-06-17,-0.818182,-0.010675,0.003447,-0.014122,0.013101,0.00124,0.011861,-0.015797,0.014319,-0.030116
FANG,0001539838-26-000090,2026-05-21T00:03:32.000Z,2026-05-22,-0.25,-0.027801,0.003283,-0.031084,-0.032734,0.007078,-0.039812,-0.00837,0.009892,-0.018262
FANG,0001539838-26-000073,2026-05-05T00:06:21.000Z,2026-05-06,-0.563636,-0.023734,-0.005314,-0.01842,0.005485,-0.006743,0.012228,0.030859,-0.011773,0.042632
FANG,0001539838-26-000070,2026-04-14T00:40:48.000Z,2026-04-15,-0.615385,0.004196,0.004765,-0.000569,-0.01302,0.019971,-0.032991,0.043041,0.013661,0.02938
FANG,0001104659-26-042635,2026-04-14T00:19:42.000Z,2026-04-15,-0.916667,0.004196,0.004765,-0.000569,-0.01302,0.019971,-0.032991,0.043041,0.013661,0.02938
FAST,0000815556-26-000037,2026-07-14T12:01:18.000Z,2026-07-15,0.304348,0.02888,0.01,0.01888,-0.013228,-0.002387,-0.01084,-0.000661,-0.000527,-0.000134
FAST,0000815556-26-000035,2026-06-23T20:05:26.000Z,2026-06-24,-0.714286,0.014267,0.005557,0.00871,0.024643,0.011861,0.012782,0.032209,0.0144,0.017809
FAST,0000815556-26-000033,2026-06-12T20:05:17.000Z,2026-06-15,0.5,-0.001085,-0.000583,-0.000501,-0.004555,-0.013772,0.009217,-0.010846,-0.015953,0.005107
FAST,0000815556-26-000027,2026-04-29T20:05:40.000Z,2026-04-30,0.0,-0.000445,-0.002823,0.002378,-0.013354,-0.00182,-0.011534,-0.012686,0.00129,-0.013977
FAST,0000815556-26-000025,2026-04-24T20:10:37.000Z,2026-04-27,-0.777778,-0.007993,-0.004228,-0.003765,-0.002442,0.007371,-0.009813,-0.003552,-0.00166,-0.001893
FAST,0000815556-26-000019,2026-04-13T12:07:12.000Z,2026-04-14,0.319149,-0.004931,0.000612,-0.005542,0.025997,0.017606,0.008391,0.024204,0.014425,0.00978
FCX,0000831259-26-000043,2026-10-02T12:35:06.000Z,2026-10-05,0.047619,-0.000551,0.006354,-0.006905,-0.02011,0.005411,-0.025522,,,
FCX,0000831259-26-000038,2026-09-08T21:18:34.000Z,2026-09-09,-0.333333,-0.065853,-0.006947,-0.058907,-0.090384,0.001141,-0.091526,-0.091696,-0.012328,-0.079368
FCX,0000831259-26-000033,2026-07-23T12:06:44.000Z,2026-07-24,0.055215,0.001917,0.007936,-0.006019,-0.041693,0.01061,-0.052303,0.000479,0.007518,-0.007038
FCX,0000831259-26-000030,2026-06-10T20:31:21.000Z,2026-06-11,-0.333333,0.031203,0.007831,0.023372,0.057432,0.010001,0.04743,0.035273,-0.002776,0.038049
FCX,0000831259-26-000027,2026-05-20T20:17:13.000Z,2026-05-21,-0.714286,-0.005136,0.008498,-0.013634,0.021184,0.011755,0.009429,0.054566,0.01736,0.037206
FCX,0000831259-26-000021,2026-04-23T12:09:07.000Z,2026-04-24,-0.039773,-0.007862,-0.001822,-0.00604,-0.067486,-0.008626,-0.058859,-0.07371,0.002731,-0.076441
FDS,0001628280-26-063888,2026-09-30T11:01:06.000Z,2026-10-01,-0.128205,-0.041821,0.00285,-0.044672,-0.020172,0.015368,-0.035541,0.032095,0.014306,0.01779
FDS,0001628280-26-063495,2026-09-25T11:01:25.000Z,2026-09-28,0.714286,-0.028767,-0.001568,-0.027199,0.037135,-0.00347,0.040605,0.032764,0.005345,0.027419
FDS,0000950157-26-000966,2026-08-31T20:30:18.000Z,2026-09-01,-0.714286,0.002063,0.004317,-0.002254,-0.011393,0.007356,-0.018749,-0.086007,-0.011649,-0.074358
FDS,0001628280-26-046338,2026-07-01T11:02:03.000Z,2026-07-02,0.148936,0.008437,0.000325,0.008112,-0.009077,-0.011237,0.00216,-0.011916,-0.001412,-0.010503
FDX,0001104659-26-111970,2026-09-29T21:06:55.000Z,2026-09-30,-0.6,0.006945,0.005201,0.001745,0.014171,0.014107,6.4e-05,0.013855,0.012976,0.00088
FDX,0001104659-26-107511,2026-09-14T20:28:40.000Z,2026-09-15,0.0,-0.021216,-0.007863,-0.013353,-0.014955,-0.007122,-0.007833,-0.039966,-0.001667,-0.0383
FDX,0001104659-26-086643,2026-07-24T20:05:24.000Z,2026-07-27,-0.241379,0.005953,0.010683,-0.00473,-0.007208,0.000796,-0.008004,-0.004987,0.009844,-0.014831
FDX,0001048911-26-000108,2026-07-21T20:09:35.000Z,2026-07-22,-0.6,-0.016821,-0.003956,-0.012866,-0.031867,0.012083,-0.04395,-0.038658,0.0153,-0.053958
FDX,0001104659-26-082672,2026-07-10T20:29:07.000Z,2026-07-13,-0.539568,-0.000255,-0.003751,0.003496,0.014216,0.004409,0.009806,-0.023969,-0.008034,-0.015934
FDX,0001104659-26-077558,2026-06-25T12:38:25.000Z,2026-06-26,-0.448276,0.021568,0.001142,0.020426,-0.014567,0.003695,-0.018262,-0.026999,0.012349,-0.039348
FDX,0001048911-26-000050,2026-06-23T20:07:29.000Z,2026-06-24,-0.189189,0.039801,0.005557,0.034243,0.027049,0.011861,0.015188,-0.009279,0.0144,-0.023679
FDX,0001104659-26-071411,2026-06-08T20:34:35.000Z,2026-06-09,-0.066667,-0.037708,-0.012293,-0.025415,0.019743,0.009342,0.010401,0.011997,0.011449,0.000548
FDX,0001104659-26-068519,2026-06-01T10:42:52.000Z,2026-06-02,0.0,-0.013799,-0.004463,-0.009337,0.006079,-0.004322,0.010401,0.008389,0.002786,0.005603
FDX,0001104659-26-065767,2026-05-22T20:33:07.000Z,2026-05-26,-0.2,0.02945,-0.000163,0.029613,0.029375,0.005025,0.02435,0.020722,0.008845,0.011877
FDX,0001104659-26-063198,2026-05-18T20:15:24.000Z,2026-05-19,0.111111,0.031656,0.011418,0.020238,0.051284,0.023837,0.027447,0.098168,0.027674,0.070494
FDX,0001104659-26-060233,2026-05-13T20:06:11.000Z,2026-05-14,-0.244338,-0.011053,-0.009867,-0.001186,-0.013185,-0.007509,-0.005675,0.023501,0.006807,0.016694
FDX,0001104659-26-042617,2026-04-13T20:06:35.000Z,2026-04-14,0.2,-0.014103,0.000612,-0.014714,0.060085,0.017606,0.042479,0.066056,0.014425,0.051631
FDXF,0001104659-26-113295,2026-10-02T20:15:23.000Z,2026-10-05,0.5,0.00466,0.006354,-0.001694,0.036476,0.005411,0.031065,,,
FDXF,0001104659-26-104793,2026-09-02T21:20:26.000Z,2026-09-03,-0.333333,0.017769,-0.004067,0.021835,-0.018869,-0.022788,0.003919,0.008806,-0.021878,0.030684
FDXF,0001628280-26-054314,2026-08-06T20:11:45.000Z,2026-08-07,-0.555556,-0.023556,0.000179,-0.023735,-0.024316,0.004379,-0.028695,0.038201,0.012525,0.025676
FDXF,0001104659-26-078270,2026-06-26T20:15:23.000Z,2026-06-29,0.058824,0.008751,-0.001081,0.009832,0.007482,0.011239,-0.003757,-0.033202,0.011257,-0.044459
FDXF,0001628280-26-045515,2026-06-25T20:15:38.000Z,2026-06-26,-0.32,-0.027292,0.001142,-0.028434,0.012217,0.003695,0.008522,-0.007863,0.012349,-0.020212
FDXF,0001104659-26-068521,2026-06-01T10:46:03.000Z,2026-06-02,-0.145455,-0.008739,-0.004463,-0.004276,0.094561,-0.004322,0.098883,0.229034,0.002786,0.226248
FDXF,0001104659-26-063207,2026-05-18T20:16:57.000Z,2026-05-27,-0.75,0.225166,0.004229,0.220937,-0.009735,0.00651,-0.016245,0.006623,0.004171,0.002452
FDXF,0001104659-26-060223,2026-05-13T20:03:55.000Z,2026-05-27,-0.239787,0.225166,0.004229,0.220937,-0.009735,0.00651,-0.016245,0.006623,0.004171,0.002452
FE,0001031296-26-000122,2026-07-29T01:00:04.000Z,2026-07-30,-0.168627,-0.008212,-0.00127,-0.006942,-0.008828,0.024323,-0.033151,-0.02751,0.016515,-0.044025
FE,0001031296-26-000092,2026-06-01T15:55:01.000Z,2026-06-02,-0.071895,0.004854,-0.004463,0.009317,0.024272,-0.004322,0.028594,0.013019,0.002786,0.010233
FE,0001031296-26-000089,2026-05-21T01:11:05.000Z,2026-05-22,-0.423729,0.007126,0.003283,0.003843,-0.002591,0.007078,-0.00967,-0.020082,0.009892,-0.029974
FE,0001031296-26-000084,2026-04-29T00:24:18.000Z,2026-04-30,-0.157447,-0.012626,-0.002823,-0.009803,-0.034512,-0.00182,-0.032692,-0.039649,0.00129,-0.040939
FFIV,0001048695-26-000063,2026-07-27T20:06:52.000Z,2026-07-28,-0.578947,-0.040921,-0.008959,-0.031962,-0.002206,-0.010642,0.008436,0.021787,0.014764,0.007023
FFIV,0001048695-26-000059,2026-06-23T20:00:22.000Z,2026-06-24,0.692308,0.003197,0.005557,-0.002361,0.066999,0.011861,0.055138,0.102396,0.0144,0.087996
FFIV,0001048695-26-000044,2026-04-28T20:14:27.000Z,2026-04-29,0.8,-0.012951,0.014595,-0.027546,0.005424,0.005321,0.000103,0.03922,0.021751,0.017469
FFIV,0001048695-26-000042,2026-04-28T20:13:25.000Z,2026-04-29,-0.47541,-0.012951,0.014595,-0.027546,0.005424,0.005321,0.000103,0.03922,0.021751,0.017469
FICO,0001193125-26-415732,2026-10-07T00:58:13.000Z,2026-10-08,0.0,-0.024525,0.003659,-0.028184,,,,,,
FICO,0000814547-26-000031,2026-07-30T00:16:20.000Z,2026-07-31,0.238095,-0.069022,0.010454,-0.079477,-0.027979,0.023077,-0.051056,-0.072638,0.025049,-0.097687
FICO,0001193125-26-260817,2026-06-08T17:19:41.000Z,2026-06-09,-0.297297,-0.004081,-0.012293,0.008212,-0.037514,0.009342,-0.046856,-0.031759,0.011449,-0.043208
FICO,0000814547-26-000020,2026-04-29T00:15:32.000Z,2026-04-30,0.219512,0.010244,-0.002823,0.013067,0.040263,-0.00182,0.042083,0.100868,0.00129,0.099578
FIS,0001136893-26-000046,2026-08-04T11:36:37.000Z,2026-08-05,-0.510204,-0.0007,-0.005057,0.004356,-0.007703,0.00197,-0.009674,-0.021475,0.006071,-0.027547
FIS,0001193125-26-276051,2026-06-18T20:59:42.000Z,2026-06-22,0.142857,0.008218,-0.00224,0.010458,0.003712,0.01021,-0.006499,0.025716,0.017182,0.008534
FIS,0001193125-26-269601,2026-06-12T20:47:17.000Z,2026-06-15,-0.6,0.0136,-0.000583,0.014183,-0.019502,-0.013772,-0.00573,-0.024121,-0.015953,-0.008168
FIS,0001136893-26-000038,2026-05-08T11:37:35.000Z,2026-05-11,-0.462069,0.015345,0.000149,0.015196,-0.012984,-0.000834,-0.01215,0.023843,-0.003038,0.026881
FISV,0001193125-26-397250,2026-09-22T12:00:15.000Z,2026-09-23,0.2,0.000653,-0.005939,0.006592,0.001523,-0.00843,0.009953,-0.016757,-0.017061,0.000303
FISV,0000798354-26-000028,2026-08-06T11:15:24.000Z,2026-08-07,0.1,-0.003625,0.000179,-0.003804,-0.016218,0.004379,-0.020597,0.037779,0.012525,0.025254
FISV,0001193125-26-297448,2026-07-07T20:01:09.000Z,2026-07-08,0.384615,0.020751,0.006398,0.014353,0.011462,0.009569,0.001894,-0.004743,0.004141,-0.008884
FISV,0001193125-26-279413,2026-06-23T20:01:27.000Z,2026-06-24,-0.625,-0.013696,0.005557,-0.019253,0.013281,0.011861,0.001419,0.052708,0.0144,0.038308
FISV,0001193125-26-274276,2026-06-17T20:42:09.000Z,2026-06-18,-0.333333,-0.014208,0.000577,-0.014785,0.006895,0.005063,0.001832,0.033222,0.016234,0.016988
FISV,0001193125-26-271750,2026-06-16T10:03:25.000Z,2026-06-17,-0.085714,-0.018659,0.003447,-0.022106,-0.030142,0.00124,-0.031382,-0.025425,0.014319,-0.039745
FISV,0001193125-26-270336,2026-06-15T12:22:06.000Z,2026-06-16,0.205479,-0.021272,-0.016485,-0.004787,-0.053181,-0.012246,-0.040935,-0.032912,-0.008325,-0.024587
FISV,0001193125-26-237041,2026-05-22T20:33:58.000Z,2026-05-26,-0.714286,0.00018,-0.000163,0.000343,0.017083,0.005025,0.012059,0.015285,0.008845,0.00644
FISV,0000798354-26-000014,2026-05-05T11:14:46.000Z,2026-05-06,0.173333,0.012475,-0.005314,0.017789,-0.030654,-0.006743,-0.023911,-0.066655,-0.011773,-0.054882
FITB,0000035527-26-000224,2026-09-24T12:29:49.000Z,2026-09-25,0.0,-0.010173,-0.006655,-0.003518,-0.021108,-0.0153,-0.005808,-0.015496,-0.007354,-0.008142
FITB,0000035527-26-000222,2026-09-23T20:28:26.000Z,2026-09-24,0.0,0.012437,0.004146,0.00829,-0.009522,-0.004126,-0.005396,-0.012265,-0.006119,-0.006146
FITB,0000035527-26-000219,2026-09-14T21:10:21.000Z,2026-09-15,0.035714,-0.041339,-0.007863,-0.033476,-0.032193,-0.007122,-0.025072,-0.034937,-0.001667,-0.03327
FITB,0000035527-26-000209,2026-08-21T12:11:49.000Z,2026-08-24,-0.090909,-0.000182,-0.000988,0.000806,-0.000911,-0.001771,0.00086,-0.020583,-0.011446,-0.009137
FITB,0000035527-26-000197,2026-07-30T21:09:47.000Z,2026-07-31,-0.007299,0.00708,0.010454,-0.003375,0.019469,0.023077,-0.003608,0.010442,0.025049,-0.014607
FITB,0000035527-26-000193,2026-07-17T10:30:18.000Z,2026-07-20,-0.452915,0.00453,0.00249,0.002039,-0.004355,-0.001485,-0.002871,-0.006969,0.013676,-0.020644
FITB,0001193125-26-265928,2026-06-10T20:34:19.000Z,2026-06-11,-0.5,0.024523,0.007831,0.016691,0.000374,0.010001,-0.009627,-0.012729,-0.002776,-0.009953
FITB,0000035527-26-000190,2026-06-09T20:30:24.000Z,2026-06-10,-0.122449,0.014625,0.014297,0.000328,0.006648,0.026342,-0.019694,-0.001329,0.008259,-0.009588
FITB,0001193125-26-255417,2026-06-03T20:05:39.000Z,2026-06-04,0.5,0.004054,-0.009468,0.013522,0.017568,-0.002575,0.020142,0.031274,-0.001107,0.032381
FITB,0000035527-26-000188,2026-05-22T12:31:39.000Z,2026-05-26,-0.238095,0.001405,-0.000163,0.001568,0.002208,0.005025,-0.002817,0.009835,0.008845,0.00099
FITB,0000035527-26-000185,2026-05-08T12:44:27.000Z,2026-05-11,-0.272727,-0.000411,0.000149,-0.00056,-0.019527,-0.000834,-0.018694,-0.014594,-0.003038,-0.011556
FITB,0000035527-26-000172,2026-04-24T12:01:52.000Z,2026-04-27,-0.6,-0.000397,-0.004228,0.003831,0.008543,0.007371,0.001172,-0.018478,-0.00166,-0.016819
FITB,0000035527-26-000136,2026-04-21T12:00:34.000Z,2026-04-22,-0.549296,0.006527,-0.000628,0.007155,-0.004549,-0.00455,1e-06,-0.015229,-0.011083,-0.004146
FITB,0000035527-26-000134,2026-04-17T10:30:29.000Z,2026-04-20,-0.476998,0.002354,-0.006155,0.008509,-0.001765,-0.006962,0.005196,-0.01275,-0.010689,-0.002061
FIX,0001104659-26-089781,2026-08-03T20:01:37.000Z,2026-08-04,0.04878,-0.021882,-0.002081,-0.019801,-0.045786,0.000165,-0.045951,-0.049446,0.001963,-0.05141
FIX,0001104659-26-086255,2026-07-23T20:05:14.000Z,2026-07-24,-0.278689,-0.001834,0.007936,-0.009771,-0.123235,0.01061,-0.133845,-0.002255,0.007518,-0.009773
FIX,0001104659-26-076386,2026-06-22T20:15:30.000Z,2026-06-23,0.833333,0.024318,0.006955,0.017362,-0.028217,0.017921,-0.046137,0.03872,0.017995,0.020725
FIX,0001104659-26-065127,2026-05-21T20:00:32.000Z,2026-05-22,-0.5,0.030253,0.003283,0.02697,0.014714,0.007078,0.007635,-0.022081,0.009892,-0.031973
FIX,0001104659-26-054254,2026-05-01T21:17:34.000Z,2026-05-04,0.060241,0.039795,0.007294,0.032501,0.026465,0.010479,0.015985,0.074542,0.009716,0.064827
FIX,0001104659-26-047679,2026-04-23T20:05:14.000Z,2026-04-24,-0.333333,0.039348,-0.001822,0.04117,-0.001147,-0.008626,0.007479,0.081628,0.002731,0.078897
FLEX,0001193125-26-413173,2026-10-05T16:07:19.000Z,2026-10-06,-0.204082,-0.016807,-0.007665,-0.009142,-0.029494,0.002787,-0.032281,,,
FLEX,0001104659-26-113282,2026-10-03T00:10:24.000Z,2026-10-05,-0.3,0.039568,0.006354,0.033214,-0.0173,0.005411,-0.022712,,,
FLEX,0000866374-26-000036,2026-09-15T14:10:33.000Z,2026-09-16,0.012987,0.01038,0.004965,0.005415,0.034384,0.005892,0.028491,0.040779,-0.00113,0.041908
FLEX,0001193125-26-382492,2026-09-04T05:40:45.000Z,2026-09-08,-0.139535,-0.014259,-0.009463,-0.004796,0.01286,-0.008403,0.021263,-0.055201,-0.013609,-0.041592
FLEX,0000866374-26-000033,2026-08-08T00:06:15.000Z,2026-08-10,-0.777778,0.02264,0.002101,0.020539,0.038429,0.011707,0.026722,0.086048,0.003686,0.082363
FLEX,0000866374-26-000027,2026-07-29T15:16:28.000Z,2026-07-30,0.125,0.016442,-0.00127,0.017712,0.132249,0.024323,0.107926,0.09597,0.016515,0.079455
FLEX,0000866374-26-000026,2026-07-29T15:15:54.000Z,2026-07-30,-0.483871,0.016442,-0.00127,0.017712,0.132249,0.024323,0.107926,0.09597,0.016515,0.079455
FLEX,0000866374-26-000016,2026-06-13T00:05:08.000Z,2026-06-15,0.466667,-0.015347,-0.000583,-0.014763,-0.010789,-0.013772,0.002983,0.017625,-0.015953,0.033578
FLEX,0001104659-26-069463,2026-06-03T00:05:59.000Z,2026-06-04,-0.833333,-0.047583,-0.009468,-0.038116,-0.077111,-0.002575,-0.074536,-0.047144,-0.001107,-0.046038
FLEX,0000866374-26-000009,2026-05-06T00:09:49.000Z,2026-05-07,-0.349754,0.068867,0.00101,0.067857,0.050222,-0.001337,0.051558,0.079618,-0.001975,0.081593
FLEX,0001104659-26-054529,2026-05-04T17:17:09.000Z,2026-05-05,-0.212121,0.39689,0.008677,0.388213,0.474028,0.004366,0.469662,0.448315,0.001754,0.446562
FOX,0001193125-26-415558,2026-10-07T00:07:10.000Z,2026-10-08,-0.78125,-0.016149,0.003659,-0.019808,,,,,,
FOX,0001193125-26-385979,2026-09-09T17:17:16.000Z,2026-09-10,-0.55,0.006717,0.00808,-0.001363,0.03927,0.002559,0.036711,0.006373,-0.000603,0.006975
FOX,0001628280-26-053892,2026-08-06T16:05:58.000Z,2026-08-07,-0.590909,-0.012274,0.000179,-0.012453,-0.018587,0.004379,-0.022965,0.076802,0.012525,0.064277
FOX,0001193125-26-290605,2026-07-01T00:26:23.000Z,2026-07-02,-0.333333,-0.013054,0.000325,-0.013378,-0.051622,-0.011237,-0.040385,-0.035799,-0.001412,-0.034387
FOX,0001193125-26-271101,2026-06-16T00:15:16.000Z,2026-06-17,-0.518519,0.004708,0.003447,0.001261,-0.046651,0.00124,-0.047891,-0.050075,0.014319,-0.064394
FOX,0001193125-26-270285,2026-06-15T15:13:08.000Z,2026-06-16,-0.135135,-0.025443,-0.016485,-0.008958,-0.062982,-0.012246,-0.050737,-0.053806,-0.008325,-0.045481
FOX,0001628280-26-042499,2026-06-12T00:02:47.000Z,2026-06-15,0.0,-0.040136,-0.000583,-0.039553,-0.060154,-0.013772,-0.046382,-0.108197,-0.015953,-0.092244
FOX,0001628280-26-033145,2026-05-11T16:08:54.000Z,2026-05-12,-0.555556,0.0,-0.005352,0.005352,-0.026904,-0.010937,-0.015968,-0.023205,-0.008793,-0.014412
FOXA,0001193125-26-415558,2026-10-07T00:07:10.000Z,2026-10-08,-0.78125,-0.013214,0.003659,-0.016873,,,,,,
FOXA,0001193125-26-385979,2026-09-09T17:17:16.000Z,2026-09-10,-0.55,0.01166,0.00808,0.00358,0.036668,0.002559,0.034109,-0.003068,-0.000603,-0.002466
FOXA,0001628280-26-053892,2026-08-06T16:05:58.000Z,2026-08-07,-0.590909,-0.009527,0.000179,-0.009705,-0.015305,0.004379,-0.019684,0.078245,0.012525,0.06572
FOXA,0001193125-26-290605,2026-07-01T00:26:23.000Z,2026-07-02,-0.333333,-0.0108,0.000325,-0.011125,-0.05471,-0.011237,-0.043473,-0.041785,-0.001412,-0.040372
FOXA,0001193125-26-271101,2026-06-16T00:15:16.000Z,2026-06-17,-0.518519,0.017732,0.003447,0.014285,-0.049299,0.00124,-0.050539,-0.047935,0.014319,-0.062254
FOXA,0001193125-26-270285,2026-06-15T15:13:08.000Z,2026-06-16,-0.135135,-0.019488,-0.016485,-0.003003,-0.056362,-0.012246,-0.044117,-0.048529,-0.008325,-0.040204
FOXA,0001628280-26-042499,2026-06-12T00:02:47.000Z,2026-06-15,0.0,-0.044193,-0.000583,-0.04361,-0.046202,-0.013772,-0.032429,-0.109021,-0.015953,-0.093068
FOXA,0001628280-26-033145,2026-05-11T16:08:54.000Z,2026-05-12,-0.555556,0.004686,-0.005352,0.010038,-0.019801,-0.010937,-0.008864,-0.024335,-0.008793,-0.015542
FRT,0001193125-26-344547,2026-08-11T20:01:31.000Z,2026-08-12,-0.630435,0.014333,0.007478,0.006855,0.006911,-0.000758,0.007669,0.002986,0.003727,-0.000741
FRT,0000034903-26-000040,2026-07-31T11:33:30.000Z,2026-08-03,0.1375,-0.006713,0.01478,-0.021493,-0.046421,0.007126,-0.053547,-0.05273,0.014267,-0.066997
FRT,0000034903-26-000031,2026-05-06T20:34:49.000Z,2026-05-07,-0.2,8.6e-05,0.00101,-0.000923,-0.001037,-0.001337,0.000299,-0.015994,-0.001975,-0.014019
FRT,0000034903-26-000025,2026-05-01T11:32:03.000Z,2026-05-04,0.152318,0.007163,0.007294,-0.00013,0.010483,0.010479,4e-06,0.008299,0.009716,-0.001417
FRT,0001193125-26-156973,2026-04-15T20:02:11.000Z,2026-04-16,-0.75,0.022628,0.012363,0.010265,0.009905,0.008954,0.000951,0.013268,0.008043,0.005225
FSLR,0001274494-26-000169,2026-07-30T20:04:00.000Z,2026-07-31,-0.323077,0.102829,0.010454,0.092375,0.122115,0.023077,0.099038,0.184903,0.025049,0.159853
FSLR,0001274494-26-000138,2026-05-15T20:02:54.000Z,2026-05-18,-0.5,-0.051061,-0.005561,-0.0455,0.065229,0.009336,0.055893,0.15541,0.021677,0.133733
FSLR,0001274494-26-000108,2026-04-30T20:04:23.000Z,2026-05-01,-0.290323,-0.001512,-0.006355,0.004844,0.02971,0.009573,0.020138,0.038921,0.005579,0.033342
FTNT,0001262039-26-000018,2026-07-29T20:08:34.000Z,2026-07-30,-0.030303,0.049919,-0.00127,0.051189,0.091021,0.024323,0.066698,0.03799,0.016515,0.021475
FTNT,0001262039-26-000015,2026-06-16T20:32:04.000Z,2026-06-17,-0.6,0.004093,0.003447,0.000646,0.02678,0.00124,0.025539,0.040169,0.014319,0.02585
FTNT,0001262039-26-000010,2026-05-06T20:10:29.000Z,2026-05-07,-0.028571,0.056497,0.00101,0.055487,0.054645,-0.001337,0.055981,0.128647,-0.001975,0.130622
FTV,0001104659-26-106735,2026-09-10T20:31:49.000Z,2026-09-11,0.0,0.009142,0.00012,0.009022,0.011154,-0.013321,0.024475,0.005668,-0.013001,0.018669
FTV,0001659166-26-000033,2026-07-29T11:33:10.000Z,2026-07-30,-0.348485,0.012483,-0.00127,0.013753,0.034713,0.024323,0.01039,0.040869,0.016515,0.024353
FTV,0001104659-26-072965,2026-06-11T20:30:48.000Z,2026-06-12,-0.6,0.002328,0.003465,-0.001137,0.008979,-0.014304,0.023283,0.02645,-0.009873,0.036323
FTV,0001104659-26-061244,2026-05-14T20:32:00.000Z,2026-05-15,-0.6,0.004939,0.007625,-0.002686,0.005279,0.013274,-0.007995,0.006982,0.025519,-0.018537
FTV,0001659166-26-000012,2026-04-30T11:34:22.000Z,2026-05-01,-0.333333,0.017788,-0.006355,0.024143,0.023209,0.009573,0.013636,0.023717,0.005579,0.018137
GD,0001193125-26-340490,2026-08-08T01:11:06.000Z,2026-08-10,0.5,-0.010304,0.002101,-0.012404,-0.007602,0.011707,-0.019309,-0.012198,0.003686,-0.015883
GD,0001193125-26-332899,2026-08-05T00:25:20.000Z,2026-08-06,0.0,0.013258,0.00705,0.006209,0.012845,0.009173,0.003672,0.01561,0.018773,-0.003162
GD,0000040533-26-000029,2026-07-29T16:01:20.000Z,2026-07-30,-0.4,0.003192,-0.00127,0.004462,0.009314,0.024323,-0.015009,0.01235,0.016515,-0.004166
GD,0000040533-26-000014,2026-05-12T00:56:27.000Z,2026-05-13,-0.666667,-0.002168,0.004399,-0.006567,0.005127,0.002292,0.002834,-0.004716,0.007758,-0.012475
GD,0000040533-26-000010,2026-04-29T15:58:25.000Z,2026-04-30,-0.272727,0.004473,-0.002823,0.007296,0.014116,-0.00182,0.015935,0.010049,0.00129,0.008759
GDDY,0001609711-26-000092,2026-08-04T01:41:45.000Z,2026-08-05,-0.142857,-0.015473,-0.005057,-0.010417,-0.003051,0.00197,-0.005021,0.000545,0.006071,-0.005527
GDDY,0001609711-26-000087,2026-07-31T00:10:41.000Z,2026-08-03,-0.12,0.007236,0.01478,-0.007545,0.021481,0.007126,0.014355,0.03437,0.014267,0.020103
GDDY,0001609711-26-000058,2026-06-06T01:00:27.000Z,2026-06-08,-0.733333,0.010781,0.009475,0.001305,-0.068525,0.010944,-0.07947,-0.039777,0.022442,-0.062219
GDDY,0001609711-26-000035,2026-05-01T00:11:04.000Z,2026-05-04,-0.058824,-0.008949,0.007294,-0.016243,0.016652,0.010479,0.006172,-0.002265,0.009716,-0.011981
GE,0000040545-26-000059,2026-09-22T12:14:13.000Z,2026-09-23,0.857143,-6.3e-05,-0.005939,0.005877,-0.004878,-0.00843,0.003552,-0.023483,-0.017061,-0.006423
GE,0000950142-26-002501,2026-09-08T11:46:35.000Z,2026-09-09,0.552239,-0.003903,-0.006947,0.003044,-0.024153,0.001141,-0.025295,-0.038473,-0.012328,-0.026145
GE,0000040545-26-000047,2026-07-16T10:32:37.000Z,2026-07-17,-0.253968,-0.021586,-0.004675,-0.016912,-0.021902,-0.002299,-0.019602,0.014047,0.001193,0.012854
GE,0000040545-26-000042,2026-06-25T20:05:40.000Z,2026-06-26,-0.333333,0.012764,0.001142,0.011622,0.016098,0.003695,0.012403,0.027512,0.012349,0.015163
GE,0000040545-26-000039,2026-06-11T10:33:47.000Z,2026-06-12,0.818182,0.020758,0.003465,0.017292,0.064808,-0.014304,0.079112,0.059111,-0.009873,0.068984
GE,0000040545-26-000032,2026-05-07T20:15:33.000Z,2026-05-08,-0.666667,0.012182,-0.002433,0.014616,-0.008211,-0.007545,-0.000666,-0.052566,-0.013152,-0.039414
GE,0000040545-26-000026,2026-04-21T10:29:00.000Z,2026-04-22,-0.272727,0.021897,-0.000628,0.022525,0.029932,-0.00455,0.034482,0.026349,-0.011083,0.037433
GEHC,0001932393-26-000053,2026-09-22T20:07:33.000Z,2026-09-23,0.714286,0.004388,-0.005939,0.010327,0.01044,-0.00843,0.01887,-0.010894,-0.017061,0.006166
GEHC,0001932393-26-000050,2026-08-18T13:03:25.000Z,2026-08-19,0.454545,-0.007505,-0.006906,-0.000599,-0.005763,-0.000244,-0.005519,-0.017556,0.000727,-0.018283
GEHC,0001932393-26-000047,2026-07-29T10:27:49.000Z,2026-07-30,0.567568,-0.027452,-0.00127,-0.026182,0.004575,0.024323,-0.019748,0.00529,0.016515,-0.011225
GEHC,0001932393-26-000045,2026-07-29T10:25:46.000Z,2026-07-30,0.018182,-0.027452,-0.00127,-0.026182,0.004575,0.024323,-0.019748,0.00529,0.016515,-0.011225
GEHC,0001932393-26-000039,2026-07-23T20:17:30.000Z,2026-07-24,0.0,0.008914,0.007936,0.000977,0.18686,0.01061,0.17625,0.122813,0.007518,0.115295
GEHC,0001932393-26-000034,2026-05-11T20:51:39.000Z,2026-05-12,-0.333333,-0.006422,-0.005352,-0.001069,-0.024563,-0.010937,-0.013626,-0.011398,-0.008793,-0.002606
GEHC,0001932393-26-000030,2026-04-29T10:25:24.000Z,2026-04-30,0.026549,0.003123,-0.002823,0.005946,0.003287,-0.00182,0.005107,0.008218,0.00129,0.006928
GEN,0000849399-26-000071,2026-09-29T00:20:51.000Z,2026-09-30,0.411765,0.010445,0.005201,0.005244,0.011807,0.014107,-0.002299,0.016803,0.012976,0.003827
GEN,0000849399-26-000053,2026-09-12T00:27:10.000Z,2026-09-14,-0.714286,-0.005731,-0.005515,-0.000216,-0.038204,-0.008558,-0.029647,-0.071952,-0.007269,-0.064683
GEN,0000849399-26-000028,2026-08-07T00:06:05.000Z,2026-08-10,-0.338462,-0.00956,0.002101,-0.01166,0.00956,0.011707,-0.002148,-0.06006,0.003686,-0.063746
GEN,0000849399-26-000014,2026-05-08T00:00:39.000Z,2026-05-11,-0.373333,-0.016071,0.000149,-0.01622,0.034821,-0.000834,0.035655,0.09243,-0.003038,0.095469
GEV,0001996810-26-000153,2026-08-27T20:20:31.000Z,2026-08-28,-0.142857,-0.014694,-0.006249,-0.008445,0.010977,-0.009969,0.020945,0.032919,-0.007081,0.04
GEV,0001996810-26-000147,2026-07-22T10:25:18.000Z,2026-07-23,-0.035294,-0.015943,0.007986,-0.023928,-0.085154,0.028046,-0.1132,-0.047722,0.017456,-0.065178
GEV,0001996810-26-000115,2026-05-22T21:17:47.000Z,2026-05-26,-0.666667,-0.03604,-0.000163,-0.035877,-0.095425,0.005025,-0.10045,-0.094164,0.008845,-0.10301
GEV,0001996810-26-000063,2026-04-22T10:25:21.000Z,2026-04-23,-0.023256,-0.000296,-0.001856,0.00156,-0.052717,-0.007985,-0.044732,-0.057476,0.003756,-0.061232
GILD,0000882095-26-000028,2026-08-04T20:03:26.000Z,2026-08-05,-0.239437,-0.006831,-0.005057,-0.001774,0.009866,0.00197,0.007896,0.031193,0.006071,0.025122
GILD,0001104659-26-064518,2026-05-20T20:15:36.000Z,2026-05-21,0.2,0.029579,0.008498,0.021081,0.024445,0.011755,0.012689,0.030115,0.01736,0.012755
GILD,0000882095-26-000022,2026-05-07T20:03:01.000Z,2026-05-08,-0.158879,0.016676,-0.002433,0.019109,0.013097,-0.007545,0.020642,-0.013325,-0.013152,-0.000173
GILD,0000882095-26-000008,2026-05-04T20:05:56.000Z,2026-05-05,-0.818182,0.021127,0.008677,0.01245,-0.016107,0.004366,-0.020473,0.010938,0.001754,0.009184
GILD,0001104659-26-049874,2026-04-28T12:56:25.000Z,2026-04-29,0.283019,0.015523,0.014595,0.000928,0.029882,0.005321,0.024561,0.057901,0.021751,0.036151
GIS,0001628280-26-064413,2026-10-02T19:25:17.000Z,2026-10-05,-0.75,0.015783,0.006354,0.009428,0.028725,0.005411,0.023313,,,
GIS,0001628280-26-063892,2026-09-30T15:33:56.000Z,2026-10-01,0.7,0.010736,0.00285,0.007885,0.016104,0.015368,0.000735,0.02905,0.014306,0.014744
GIS,0001628280-26-063141,2026-09-23T15:01:47.000Z,2026-09-24,-0.242105,-0.034166,0.004146,-0.038313,-0.028998,-0.004126,-0.024872,-0.090726,-0.006119,-0.084607
GIS,0001628280-26-046337,2026-07-01T15:01:47.000Z,2026-07-02,-0.366234,-0.038595,0.000325,-0.038919,-0.033005,-0.011237,-0.021768,-0.019245,-0.001412,-0.017833
GIS,0001628280-26-031456,2026-05-07T01:17:07.000Z,2026-05-08,0.411765,-0.025375,-0.002433,-0.022942,-0.030853,-0.007545,-0.023308,-0.048731,-0.013152,-0.035579
GIS,0001628280-26-029930,2026-05-05T01:11:04.000Z,2026-05-06,0.0,0.018249,-0.005314,0.023563,-0.036213,-0.006743,-0.02947,-0.041631,-0.011773,-0.029858
GIS,0000040704-26-000004,2026-04-16T19:31:31.000Z,2026-04-17,-0.333333,-0.006197,0.002829,-0.009026,-0.008732,-0.003371,-0.005362,-0.01493,-0.006033,-0.008896
GL,0000320335-26-000218,2026-08-07T20:33:18.000Z,2026-08-10,0.0,-0.012114,0.002101,-0.014215,-0.014133,0.011707,-0.02584,-0.021008,0.003686,-0.024694
GL,0000320335-26-000203,2026-07-22T20:34:35.000Z,2026-07-23,-0.028571,0.014029,0.007986,0.006043,0.047288,0.028046,0.019242,0.069558,0.017456,0.052102
GL,0000320335-26-000198,2026-06-29T21:26:20.000Z,2026-06-30,-0.928571,0.007779,0.003828,0.003952,-0.0077,0.012815,-0.020514,-0.007195,0.001315,-0.008511
GL,0000320335-26-000160,2026-05-04T16:57:41.000Z,2026-05-05,-0.714286,0.001622,0.008677,-0.007055,-0.019852,0.004366,-0.024218,0.004996,0.001754,0.003242
GL,0000320335-26-000143,2026-04-22T20:44:37.000Z,2026-04-23,-0.09375,-0.009158,-0.001856,-0.007301,-0.008443,-0.007985,-0.000458,0.002143,0.003756,-0.001613
GLW,0001193125-26-389321,2026-09-11T20:25:56.000Z,2026-09-14,-0.428571,-0.000209,-0.005515,0.005306,0.029248,-0.008558,0.037806,0.107103,-0.007269,0.114372
GLW,0001206774-26-000517,2026-09-04T20:31:39.000Z,2026-09-08,0.0,0.015064,-0.009463,0.024527,0.002651,-0.008403,0.011055,-0.134912,-0.013609,-0.121303
GLW,0000024741-26-000253,2026-07-28T11:03:07.000Z,2026-07-29,-0.142857,0.090044,0.000251,0.089793,0.182104,0.009992,0.172112,0.2632,0.022839,0.240361
GLW,0001206774-26-000285,2026-05-15T20:31:37.000Z,2026-05-18,-0.333333,-0.015234,-0.005561,-0.009673,0.074713,0.009336,0.065377,0.098684,0.021677,0.077007
GLW,0001206774-26-000273,2026-05-06T11:43:11.000Z,2026-05-07,-0.016949,0.02489,0.00101,0.02388,0.086842,-0.001337,0.088179,0.141886,-0.001975,0.143861
GLW,0001206774-26-000266,2026-05-04T21:29:10.000Z,2026-05-05,0.5,0.120111,0.008677,0.111435,0.153239,0.004366,0.148873,0.222949,0.001754,0.221195
GLW,0001206774-26-000265,2026-05-04T21:01:00.000Z,2026-05-05,-0.666667,0.120111,0.008677,0.111435,0.153239,0.004366,0.148873,0.222949,0.001754,0.221195
GLW,0000024741-26-000198,2026-04-28T11:02:49.000Z,2026-04-29,-0.217949,0.081238,0.014595,0.066643,0.053061,0.005321,0.04774,0.195326,0.021751,0.173575
GM,0001193125-26-344698,2026-08-11T20:15:54.000Z,2026-08-12,-0.777778,-0.004265,0.007478,-0.011742,-0.027547,-0.000758,-0.026789,-0.020747,0.003727,-0.024474
GM,0001467858-26-000049,2026-07-21T11:14:57.000Z,2026-07-22,-0.415094,-0.017777,-0.003956,-0.013821,0.059783,0.012083,0.0477,0.088518,0.0153,0.073218
GM,0001467858-26-000044,2026-06-04T20:05:30.000Z,2026-06-05,-0.818182,0.020217,-0.002379,0.022596,-0.033005,-0.005524,-0.027481,-0.007429,0.016479,-0.023908
GM,0001193125-26-239340,2026-05-26T20:15:50.000Z,2026-05-27,-0.333333,0.002734,0.004229,-0.001495,-0.017118,0.00651,-0.023629,-0.028769,0.004171,-0.032939
GM,0001467858-26-000033,2026-04-28T11:25:30.000Z,2026-04-29,-0.333333,0.003524,0.014595,-0.011071,-0.012007,0.005321,-0.017329,0.027147,0.021751,0.005396
GNRC,0001437749-26-030550,2026-09-17T00:24:26.000Z,2026-09-18,-0.333333,-0.011955,0.005038,-0.016993,-0.038662,-0.002109,-0.036553,0.003374,-0.003817,0.007191
GNRC,0001437749-26-024731,2026-07-29T14:03:42.000Z,2026-07-30,-0.266055,0.027096,-0.00127,0.028366,0.139232,0.024323,0.114909,0.100412,0.016515,0.083896
GNRC,0001437749-26-020488,2026-06-13T00:27:19.000Z,2026-06-15,-0.6,-0.016438,-0.000583,-0.015855,0.033506,-0.013772,0.047278,0.016438,-0.015953,0.032392
GNRC,0001437749-26-013726,2026-04-29T15:00:11.000Z,2026-04-30,-0.20354,0.000424,-0.002823,0.003248,0.017166,-0.00182,0.018986,0.029009,0.00129,0.027719
GOOG,0001193125-26-342390,2026-08-10T20:10:48.000Z,2026-08-11,-0.333333,-0.001837,0.002433,-0.00427,0.001574,0.010429,-0.008854,-0.005015,-0.003447,-0.001568
GOOG,0001652044-26-000066,2026-07-22T20:01:36.000Z,2026-07-23,0.076923,0.002356,0.007986,-0.00563,0.044795,0.028046,0.016749,0.048187,0.017456,0.030731
GOOG,0001193125-26-267578,2026-06-11T20:17:04.000Z,2026-06-12,-0.833333,0.024989,0.003465,0.021523,0.011001,-0.014304,0.025305,-0.026189,-0.009873,-0.016316
GOOG,0001193125-26-259830,2026-06-05T20:52:38.000Z,2026-06-08,-0.52,0.003101,0.009475,-0.006374,-0.012764,0.010944,-0.023708,0.016446,0.022442,-0.005996
GOOG,0001652044-26-000059,2026-06-05T20:40:20.000Z,2026-06-08,-0.2,0.003101,0.009475,-0.006374,-0.012764,0.010944,-0.023708,0.016446,0.022442,-0.005996
GOOG,0001193125-26-257724,2026-06-04T21:07:39.000Z,2026-06-05,-0.37931,-0.011955,-0.002379,-0.009576,-0.03343,-0.005524,-0.027906,-0.020189,0.016479,-0.036668
GOOG,0001193125-26-234488,2026-05-21T20:25:10.000Z,2026-05-22,-0.333333,0.014392,0.003283,0.011109,0.017766,0.007078,0.010687,-0.017924,0.009892,-0.027816
GOOG,0001193125-26-216986,2026-05-11T20:45:29.000Z,2026-05-12,-0.333333,0.039654,-0.005352,0.045006,0.024751,-0.010937,0.035688,0.002814,-0.008793,0.011607
GOOG,0001652044-26-000043,2026-04-29T20:01:35.000Z,2026-04-30,0.115385,0.003351,-0.002823,0.006175,0.0061,-0.00182,0.00792,0.034979,0.00129,0.033689
GOOG,0001652044-26-000034,2026-04-10T20:16:53.000Z,2026-04-13,-0.636364,0.035619,0.00427,0.031349,0.04248,0.009646,0.032834,0.050719,0.02507,0.025649
GOOGL,0001193125-26-342390,2026-08-10T20:10:48.000Z,2026-08-11,-0.333333,-0.000756,0.002433,-0.003189,0.006108,0.010429,-0.004321,0.001164,-0.003447,0.004611
GOOGL,0001652044-26-000066,2026-07-22T20:01:36.000Z,2026-07-23,0.076923,0.006453,0.007986,-0.001533,0.050427,0.028046,0.02238,0.050269,0.017456,0.032813
GOOGL,0001193125-26-267578,2026-06-11T20:17:04.000Z,2026-06-12,-0.833333,0.026885,0.003465,0.02342,0.011427,-0.014304,0.025731,-0.027802,-0.009873,-0.017929
GOOGL,0001193125-26-259830,2026-06-05T20:52:38.000Z,2026-06-08,-0.52,0.002615,0.009475,-0.006861,-0.015249,0.010944,-0.026193,0.016625,0.022442,-0.005817
GOOGL,0001652044-26-000059,2026-06-05T20:40:20.000Z,2026-06-08,-0.2,0.002615,0.009475,-0.006861,-0.015249,0.010944,-0.026193,0.016625,0.022442,-0.005817
GOOGL,0001193125-26-257724,2026-06-04T21:07:39.000Z,2026-06-05,-0.37931,-0.013576,-0.002379,-0.011196,-0.032391,-0.005524,-0.026867,-0.023431,0.016479,-0.03991
GOOGL,0001193125-26-234488,2026-05-21T20:25:10.000Z,2026-05-22,-0.333333,0.015432,0.003283,0.012149,0.018696,0.007078,0.011618,-0.017234,0.009892,-0.027125
GOOGL,0001193125-26-216986,2026-05-11T20:45:29.000Z,2026-05-12,-0.333333,0.039422,-0.005352,0.044774,0.024345,-0.010937,0.035282,0.0008,-0.008793,0.009593
GOOGL,0001652044-26-000043,2026-04-29T20:01:35.000Z,2026-04-30,0.115385,0.002313,-0.002823,0.005136,0.009434,-0.00182,0.011253,0.034278,0.00129,0.032987
GOOGL,0001652044-26-000034,2026-04-10T20:16:53.000Z,2026-04-13,-0.636364,0.036102,0.00427,0.031832,0.045781,0.009646,0.036135,0.050139,0.02507,0.025069
GPC,0001193125-26-385959,2026-09-09T16:41:55.000Z,2026-09-10,0.407407,-0.003578,0.00808,-0.011658,-0.023479,0.002559,-0.026039,-0.024448,-0.000603,-0.023846
GPC,0000040987-26-000035,2026-08-12T00:32:01.000Z,2026-08-13,0.5,-0.002364,0.000845,-0.003209,-0.025563,-0.012715,-0.012849,-0.017954,-0.011206,-0.006747
GPC,0000040987-26-000031,2026-07-21T15:34:06.000Z,2026-07-22,-0.164557,-0.002658,-0.003956,0.001297,0.060896,0.012083,0.048813,0.079837,0.0153,0.064537
GPC,0000040987-26-000021,2026-04-29T00:36:22.000Z,2026-04-30,-0.333333,-0.02089,-0.002823,-0.018066,-0.027418,-0.00182,-0.025598,-0.018465,0.00129,-0.019755
GPC,0000040987-26-000015,2026-04-21T15:21:23.000Z,2026-04-22,-0.084337,-0.017451,-0.000628,-0.016823,-0.046358,-0.00455,-0.041808,-0.075711,-0.011083,-0.064628
GPN,0001123360-26-000082,2026-08-05T10:59:21.000Z,2026-08-06,-0.413043,-0.017904,0.00705,-0.024954,-0.020869,0.009173,-0.030042,0.081423,0.018773,0.062651
GPN,0001104659-26-056781,2026-05-07T13:17:42.000Z,2026-05-08,0.0,-0.00607,-0.002433,-0.003637,-0.031507,-0.007545,-0.023962,-0.023269,-0.013152,-0.010117
GPN,0001123360-26-000070,2026-05-06T11:04:14.000Z,2026-05-07,-0.450549,-0.013404,0.00101,-0.014414,-0.021674,-0.001337,-0.020337,-0.039926,-0.001975,-0.037951
GPN,0001104659-26-054479,2026-05-04T12:00:26.000Z,2026-05-05,-0.714286,0.002303,0.008677,-0.006374,-0.00403,0.004366,-0.008396,-0.012379,0.001754,-0.014133
GRMN,0001193125-26-322113,2026-07-29T11:00:17.000Z,2026-07-30,0.230769,-0.01267,-0.00127,-0.0114,0.032969,0.024323,0.008646,0.014519,0.016515,-0.001997
GRMN,0001193125-26-261987,2026-06-08T21:00:15.000Z,2026-06-09,-0.619048,-0.025773,-0.012293,-0.01348,0.001051,0.009342,-0.008291,-0.007775,0.011449,-0.019224
GRMN,0001193125-26-188907,2026-04-29T11:00:18.000Z,2026-04-30,0.3125,-0.034722,-0.002823,-0.031898,-0.0657,-0.00182,-0.063881,-0.036792,0.00129,-0.038082
GS,0001193125-26-344912,2026-08-12T00:50:15.000Z,2026-08-13,-0.2,-0.003079,0.000845,-0.003923,-0.002072,-0.012715,0.010643,-0.039017,-0.011206,-0.027811
GS,0001193125-26-318147,2026-07-28T00:27:40.000Z,2026-07-29,0.0,0.044976,0.000251,0.044725,0.047219,0.009992,0.037227,0.081193,0.022839,0.058354
GS,0001193125-26-310408,2026-07-22T00:35:18.000Z,2026-07-23,0.6,-0.012552,0.007986,-0.020538,-0.038503,0.028046,-0.066549,-0.046393,0.017456,-0.06385
GS,0001193125-26-308384,2026-07-20T16:07:58.000Z,2026-07-21,-0.2,0.011644,-0.000161,0.011805,-0.022412,0.003808,-0.02622,-0.048104,0.023215,-0.07132
GS,0000886982-26-000294,2026-07-14T15:30:40.000Z,2026-07-15,-0.232323,-0.049138,0.01,-0.059137,-0.084231,-0.002387,-0.081844,-0.046759,-0.000527,-0.046232
GS,0001193125-26-281123,2026-06-25T00:28:37.000Z,2026-06-26,0.272727,0.000588,0.001142,-0.000554,0.0,0.003695,-0.003695,0.034994,0.012349,0.022645
GS,0001193125-26-255626,2026-06-04T00:43:35.000Z,2026-06-05,0.6,0.006085,-0.002379,0.008464,-0.035998,-0.005524,-0.030474,0.023174,0.016479,0.006695
GS,0001193125-26-219511,2026-05-13T00:18:15.000Z,2026-05-14,-0.111111,-0.021146,-0.009867,-0.01128,-0.041508,-0.007509,-0.033999,0.019825,0.006807,0.013018
GS,0001193125-26-199988,2026-05-01T19:00:17.000Z,2026-05-04,-0.4,0.017293,0.007294,0.009999,0.02502,0.010479,0.014541,0.046044,0.009716,0.036328
GS,0001193125-26-164058,2026-04-21T00:22:51.000Z,2026-04-22,0.6,-0.003787,-0.000628,-0.003159,0.003177,-0.00455,0.007727,-0.031278,-0.011083,-0.020195
GS,0000886982-26-000096,2026-04-13T15:40:26.000Z,2026-04-14,-0.166667,-0.011147,0.000612,-0.011759,0.017941,0.017606,0.000335,0.018601,0.014425,0.004176
GWW,0000277135-26-000076,2026-08-04T12:03:38.000Z,2026-08-05,-0.333333,-0.001938,-0.005057,0.003119,0.011605,0.00197,0.009635,0.017398,0.006071,0.011327
GWW,0001104659-26-089478,2026-08-03T12:03:00.000Z,2026-08-04,0.111111,-0.011827,-0.002081,-0.009745,-0.017609,0.000165,-0.017774,0.003101,0.001963,0.001138
GWW,0000277135-26-000056,2026-05-07T22:05:34.000Z,2026-05-08,-0.326733,-0.004167,-0.002433,-0.001733,0.017568,-0.007545,0.025113,0.033503,-0.013152,0.046656
GWW,0000277135-26-000033,2026-05-01T13:17:06.000Z,2026-05-04,-0.666667,-0.006444,0.007294,-0.013738,0.080515,0.010479,0.070036,0.075673,0.009716,0.065958
HAL,0000045012-26-000064,2026-09-16T20:05:18.000Z,2026-09-17,0.0,-0.01146,-0.004282,-0.007178,-0.034675,0.000835,-0.03551,-0.03732,-0.012073,-0.025247
HAL,0000045012-26-000057,2026-07-21T10:53:24.000Z,2026-07-22,-0.088889,-0.009688,-0.003956,-0.005733,-0.027248,0.012083,-0.039331,-0.055707,0.0153,-0.071007
HAL,0000045012-26-000055,2026-06-29T11:44:37.000Z,2026-06-30,0.0,-0.027688,0.003828,-0.031516,-0.027982,0.012815,-0.040797,0.030044,0.001315,0.028729
HAL,0000045012-26-000045,2026-05-20T20:24:08.000Z,2026-05-21,-0.857143,-0.011678,0.008498,-0.020176,-0.056244,0.011755,-0.067999,-0.074118,0.01736,-0.091478
HAL,0000045012-26-000036,2026-04-21T10:50:56.000Z,2026-04-22,-0.322581,0.013807,-0.000628,0.014435,0.02608,-0.00455,0.03063,0.069036,-0.011083,0.080119
HAS,0000046080-26-000047,2026-07-27T21:04:38.000Z,2026-07-28,-0.411765,-0.012144,-0.008959,-0.003186,-0.024912,-0.010642,-0.01427,-0.050135,0.014764,-0.064899
HAS,0000046080-26-000044,2026-07-21T10:31:24.000Z,2026-07-22,-0.612565,-0.01898,-0.003956,-0.015025,0.017632,0.012083,0.00555,0.068845,0.0153,0.053545
HAS,0000046080-26-000034,2026-06-15T20:16:41.000Z,2026-06-16,-0.714286,-0.017538,-0.016485,-0.001053,-0.006709,-0.012246,0.005537,-0.019774,-0.008325,-0.011449
HAS,0000046080-26-000029,2026-05-20T10:31:29.000Z,2026-05-21,-0.459854,-0.021981,0.008498,-0.030479,-0.023202,0.011755,-0.034957,-0.043406,0.01736,-0.060766
HAS,0000046080-26-000016,2026-04-23T11:00:35.000Z,2026-04-24,-0.416667,-0.004102,-0.001822,-0.00228,-0.011149,-0.008626,-0.002522,0.001998,0.002731,-0.000733
HBAN,0000049196-26-000081,2026-09-25T00:05:22.000Z,2026-09-28,0.333333,-0.001961,-0.001568,-0.000393,-0.00719,-0.00347,-0.003719,-0.000654,0.005345,-0.005998
HBAN,0000049196-26-000079,2026-09-19T00:06:07.000Z,2026-09-21,0.0,-0.021821,-9.4e-05,-0.021727,-0.045511,-0.013065,-0.032446,-0.046135,-0.015452,-0.030683
HBAN,0000049196-26-000077,2026-09-16T14:02:15.000Z,2026-09-17,0.082707,0.0,-0.004282,0.004282,-0.011965,0.000835,-0.012799,-0.035894,-0.012073,-0.023821
HBAN,0000049196-26-000073,2026-09-10T16:00:38.000Z,2026-09-11,0.2,-0.005338,0.00012,-0.005458,-0.061685,-0.013321,-0.048363,-0.048806,-0.013001,-0.035805
HBAN,0000049196-26-000062,2026-07-24T00:06:57.000Z,2026-07-27,0.0,0.008158,0.010683,-0.002524,-0.004662,0.000796,-0.005458,0.011655,0.009844,0.001811
HBAN,0000049196-26-000060,2026-07-23T14:16:20.000Z,2026-07-24,-0.488152,-0.011521,0.007936,-0.019457,-0.029954,0.01061,-0.040564,-0.018433,0.007518,-0.025951
HBAN,0000049196-26-000056,2026-06-26T00:15:27.000Z,2026-06-29,0.0,-0.00505,-0.001081,-0.003969,0.002245,0.011239,-0.008994,0.010662,0.011257,-0.000595
HBAN,0000049196-26-000050,2026-06-09T00:05:59.000Z,2026-06-10,0.266272,0.021971,0.014297,0.007675,0.021971,0.026342,-0.004371,0.009629,0.008259,0.001371
HBAN,0000049196-26-000048,2026-05-28T00:07:05.000Z,2026-05-29,0.206897,-0.032396,0.000853,-0.033249,-0.026284,-0.000925,-0.025358,0.00978,-0.001623,0.011403
HBAN,0000049196-26-000038,2026-04-24T16:04:09.000Z,2026-04-27,-0.6,0.00121,-0.004228,0.005438,0.013914,0.007371,0.006543,-0.022384,-0.00166,-0.020724
HBAN,0000049196-26-000035,2026-04-24T00:20:18.000Z,2026-04-27,0.0,0.00121,-0.004228,0.005438,0.013914,0.007371,0.006543,-0.022384,-0.00166,-0.020724
HBAN,0000049196-26-000032,2026-04-23T14:31:14.000Z,2026-04-24,-0.5125,0.007927,-0.001822,0.009749,-0.005488,-0.008626,0.003139,0.014024,0.002731,0.011293
HCA,0001193125-26-323731,2026-07-29T20:10:06.000Z,2026-07-30,0.0,0.017181,-0.00127,0.018451,0.012481,0.024323,-0.011842,0.033098,0.016515,0.016583
HCA,0001193125-26-315151,2026-07-24T11:45:42.000Z,2026-07-27,-0.419355,0.073328,0.010683,0.062645,0.015836,0.000796,0.01504,0.043607,0.009844,0.033763
HCA,0001193125-26-302539,2026-07-14T11:40:57.000Z,2026-07-15,-0.402299,0.018187,0.01,0.008187,-0.022252,-0.002387,-0.019864,-0.018424,-0.000527,-0.017897
HCA,0001193125-26-275086,2026-06-18T13:12:19.000Z,2026-06-22,0.333333,0.02634,-0.00224,0.02858,0.026393,0.01021,0.016183,0.040691,0.017182,0.023509
HCA,0001193125-26-197278,2026-04-30T20:10:19.000Z,2026-05-01,-0.75,-0.013646,-0.006355,-0.007291,-0.008405,0.009573,-0.017977,0.004849,0.005579,-0.000731
HCA,0001193125-26-187155,2026-04-28T20:20:43.000Z,2026-04-29,-0.75,-0.000759,0.014595,-0.015354,-0.01748,0.005321,-0.022802,-0.012259,0.021751,-0.03401
HCA,0001193125-26-182265,2026-04-27T20:41:04.000Z,2026-04-28,-0.666667,0.006622,-0.002693,0.009315,0.002709,0.008924,-0.006215,-0.007247,0.010188,-0.017435
HCA,0001193125-26-174933,2026-04-24T11:11:37.000Z,2026-04-27,-0.518987,-0.03107,-0.004228,-0.026842,-0.025394,0.007371,-0.032765,-0.041703,-0.00166,-0.040044
HD,0000354950-26-000148,2026-08-21T20:13:40.000Z,2026-08-24,0.5,0.001334,-0.000988,0.002322,-0.026139,-0.001771,-0.024368,-0.02845,-0.011446,-0.017004
HD,0000354950-26-000145,2026-08-18T10:10:33.000Z,2026-08-19,-0.266667,-0.028493,-0.006906,-0.021586,-0.019953,-0.000244,-0.01971,-0.027447,0.000727,-0.028174
HD,0000354950-26-000141,2026-08-12T13:06:16.000Z,2026-08-13,-0.066667,-0.008311,0.000845,-0.009156,-0.012321,-0.012715,0.000394,-0.0211,-0.011206,-0.009894
HD,0000354950-26-000105,2026-05-26T13:19:39.000Z,2026-05-27,-0.727273,0.010571,0.004229,0.006342,-0.022526,0.00651,-0.029037,-0.015353,0.004171,-0.019524
HD,0000354950-26-000101,2026-05-19T10:06:14.000Z,2026-05-20,-0.16129,0.010303,0.003571,0.006732,-0.000129,0.015625,-0.015754,0.034226,0.019547,0.01468
HIG,0000874766-26-000067,2026-09-30T11:00:56.000Z,2026-10-01,0.586207,0.002465,0.00285,-0.000385,0.008351,0.015368,-0.007018,0.029744,0.014306,0.015438
HIG,0000874766-26-000064,2026-09-25T20:18:34.000Z,2026-09-28,-0.384615,-0.001507,-0.001568,6e-05,-0.00238,-0.00347,0.00109,0.001349,0.005345,-0.003996
HIG,0000874766-26-000062,2026-08-11T20:15:51.000Z,2026-08-12,0.363636,0.002692,0.007478,-0.004786,-0.005311,-0.000758,-0.004553,0.000655,0.003727,-0.003072
HIG,0000874766-26-000059,2026-07-23T20:06:45.000Z,2026-07-24,-0.410698,-0.002775,0.007936,-0.010712,0.036647,0.01061,0.026037,0.00982,0.007518,0.002302
HIG,0000874766-26-000050,2026-07-15T20:24:34.000Z,2026-07-16,0.5,0.026418,-0.007527,0.033945,0.039005,-0.009631,0.048636,0.040468,-0.013539,0.054007
HIG,0000874766-26-000043,2026-06-03T11:04:11.000Z,2026-06-04,0.178571,0.037776,-0.009468,0.047243,0.01288,-0.002575,0.015455,0.008403,-0.001107,0.00951
HIG,0000874766-26-000041,2026-05-21T20:17:53.000Z,2026-05-22,-0.714286,-0.004852,0.003283,-0.008135,-0.051831,0.007078,-0.058909,-0.065063,0.009892,-0.074954
HIG,0000874766-26-000036,2026-04-23T20:06:01.000Z,2026-04-24,-0.447124,0.016809,-0.001822,0.018631,0.016289,-0.008626,0.024915,0.010115,0.002731,0.007384
HII,0001501585-26-000045,2026-07-30T11:23:32.000Z,2026-07-31,-0.259259,-0.001532,0.010454,-0.011986,-0.026804,0.023077,-0.049881,-0.006035,0.025049,-0.031084
HII,0001501585-26-000027,2026-05-05T11:20:57.000Z,2026-05-06,-0.300971,-0.015084,-0.005314,-0.00977,-0.005602,-0.006743,0.001141,0.045941,-0.011773,0.057714
HII,0001501585-26-000022,2026-05-01T20:46:34.000Z,2026-05-04,-0.666667,-0.102485,0.007294,-0.109779,-0.133885,0.010479,-0.144365,-0.125547,0.009716,-0.135263
HLT,0001585689-26-000042,2026-07-28T10:01:06.000Z,2026-07-29,-0.145631,0.000932,0.000251,0.000681,-0.022939,0.009992,-0.032931,0.008828,0.022839,-0.014011
HLT,0001585689-26-000037,2026-05-18T20:48:53.000Z,2026-05-19,-0.714286,0.026887,0.011418,0.01547,0.018514,0.023837,-0.005322,0.068127,0.027674,0.040453
HLT,0001193125-26-217102,2026-05-11T21:10:23.000Z,2026-05-12,-0.875,-0.006888,-0.005352,-0.001536,0.008292,-0.010937,0.019228,0.005804,-0.008793,0.014597
HLT,0001193125-26-205180,2026-05-05T12:30:09.000Z,2026-05-06,0.5,-0.003764,-0.005314,0.00155,-0.0186,-0.006743,-0.011857,-0.031414,-0.011773,-0.019641
HLT,0001585689-26-000031,2026-04-28T10:02:08.000Z,2026-04-29,-0.128713,0.030429,0.014595,0.015834,-0.00992,0.005321,-0.015242,0.022289,0.021751,0.000539
HON,0000773840-26-000130,2026-08-19T16:16:48.000Z,2026-08-20,0.673469,-0.011085,0.005829,-0.016914,-0.012092,0.005715,-0.017808,0.009481,0.004712,0.004769
HON,0000773840-26-000120,2026-07-23T14:01:36.000Z,2026-07-24,-0.364486,0.010693,0.007936,0.002757,-0.008349,0.01061,-0.018959,-0.000411,0.007518,-0.007929
HON,0000773840-26-000084,2026-06-29T14:41:22.000Z,2026-06-30,-0.380734,-0.009602,0.003828,-0.01343,0.032515,0.012815,0.0197,-0.015811,0.001315,-0.017126
HON,0000773840-26-000080,2026-06-15T15:04:28.000Z,2026-06-16,-0.369863,-0.003835,-0.016485,0.01265,-0.006013,-0.012246,0.006232,-0.00902,-0.008325,-0.000695
HON,0000773840-26-000072,2026-06-06T00:31:39.000Z,2026-06-08,-0.184211,0.018414,0.009475,0.008938,0.034561,0.010944,0.023617,0.073702,0.022442,0.05126
HON,0000773840-26-000068,2026-06-02T04:12:40.000Z,2026-06-03,0.083333,-0.025172,0.009608,-0.034781,-0.05133,-0.002579,-0.048752,-0.077846,-0.004746,-0.073101
HON,0001193125-26-242011,2026-05-28T00:36:23.000Z,2026-05-29,-0.75,-0.005549,0.000853,-0.006403,-0.061381,-0.000925,-0.060455,-0.100437,-0.001623,-0.098814
HON,0000773840-26-000058,2026-04-23T17:59:08.000Z,2026-04-24,-0.402802,-0.005254,-0.001822,-0.003432,-0.013463,-0.008626,-0.004837,-0.003143,0.002731,-0.005874
HON,0000773840-26-000055,2026-04-23T14:03:02.000Z,2026-04-24,-0.385417,-0.005254,-0.001822,-0.003432,-0.013463,-0.008626,-0.004837,-0.003143,0.002731,-0.005874
HONA,0002089271-26-000020,2026-08-05T20:07:29.000Z,2026-08-06,-0.169231,0.076948,0.00705,0.069898,0.060459,0.009173,0.051285,0.085256,0.018773,0.066483
HONA,0001628280-26-045874,2026-06-29T10:59:57.000Z,2026-06-30,-0.288889,0.028089,0.003828,0.024262,0.075176,0.012815,0.062362,0.014791,0.001315,0.013476
HONA,0001628280-26-045348,2026-06-25T11:00:39.000Z,2026-06-26,-0.6,-0.00371,0.001142,-0.004852,0.028415,0.003695,0.02472,0.075517,0.012349,0.063168
HONA,0001628280-26-043193,2026-06-15T20:15:36.000Z,2026-06-16,-0.021429,0.0,-0.016485,0.016485,-0.033043,-0.012246,-0.020798,-0.092425,-0.008325,-0.0841
HOOD,0001783879-26-000113,2026-07-30T00:05:14.000Z,2026-07-31,-0.36,0.043669,0.010454,0.033215,0.072089,0.023077,0.049012,0.07775,0.025049,0.0527
HOOD,0001783879-26-000083,2026-06-27T00:06:50.000Z,2026-06-29,0.333333,-0.015221,-0.001081,-0.01414,0.107041,0.011239,0.095802,0.108711,0.011257,0.097453
HOOD,0001783879-26-000077,2026-06-26T01:25:27.000Z,2026-06-29,-0.5,-0.015221,-0.001081,-0.01414,0.107041,0.011239,0.095802,0.108711,0.011257,0.097453
HOOD,0001783879-26-000074,2026-06-23T14:04:43.000Z,2026-06-24,-0.125,-0.038276,0.005557,-0.043833,0.047742,0.011861,0.03588,0.117913,0.0144,0.103513
HOOD,0001783879-26-000071,2026-06-16T14:00:44.000Z,2026-06-17,-0.684211,0.028042,0.003447,0.024595,-0.018536,0.00124,-0.019777,-0.111502,0.014319,-0.125821
HOOD,0001783879-26-000068,2026-06-04T00:06:22.000Z,2026-06-05,-0.6,0.031163,-0.002379,0.033542,0.047169,-0.005524,0.052693,0.129987,0.016479,0.113508
HOOD,0001783879-26-000065,2026-05-09T01:10:23.000Z,2026-05-11,0.0,-0.031072,0.000149,-0.031221,-0.00099,-0.000834,-0.000157,-0.044937,-0.003038,-0.041899
HOOD,0001783879-26-000061,2026-04-29T00:05:17.000Z,2026-04-30,-0.333333,0.010564,-0.002823,0.013387,0.056798,-0.00182,0.058618,0.046508,0.00129,0.045218
HPE,0001645590-26-000084,2026-09-30T15:49:26.000Z,2026-10-01,0.44,0.073552,0.00285,0.070702,0.09136,0.015368,0.075991,0.099412,0.014306,0.085106
HPE,0001645590-26-000078,2026-09-03T00:06:52.000Z,2026-09-04,-0.24183,0.0775,-0.00963,0.08713,0.061923,-0.025883,0.087806,0.065577,-0.018372,0.083949
HPE,0001645590-26-000074,2026-08-05T00:15:38.000Z,2026-08-06,0.0,0.015068,0.00705,0.008018,0.037192,0.009173,0.028019,0.14095,0.018773,0.122177
HPE,0001645590-26-000072,2026-07-24T15:47:39.000Z,2026-07-27,0.655172,-0.053953,0.010683,-0.064636,-0.021789,0.000796,-0.022585,0.04254,0.009844,0.032696
HPE,0001645590-26-000052,2026-06-02T00:09:22.000Z,2026-06-03,-0.262626,-0.026473,0.009608,-0.036082,-0.095739,-0.002579,-0.09316,-0.175159,-0.004746,-0.170413
HPE,0001645590-26-000045,2026-05-14T15:28:34.000Z,2026-05-15,-0.5,-0.003021,0.007625,-0.010646,0.021148,0.013274,0.007874,0.135348,0.025519,0.109829
HPE,0001645590-26-000040,2026-05-05T00:05:14.000Z,2026-05-06,0.0,-0.022061,-0.005314,-0.016747,0.016464,-0.006743,0.023207,0.055976,-0.011773,0.067749
HPQ,0001140361-26-037170,2026-09-21T14:08:34.000Z,2026-09-22,-0.6,0.003745,-0.007084,0.010829,-0.023096,-0.008912,-0.014184,-0.040886,-0.016986,-0.0239
HPQ,0000047217-26-000048,2026-08-27T00:17:31.000Z,2026-08-28,-0.375796,-0.016383,-0.006249,-0.010134,0.048165,-0.009969,0.058134,0.069463,-0.007081,0.076544
HPQ,0000047217-26-000041,2026-06-27T00:23:57.000Z,2026-06-29,-0.555556,-0.030919,-0.001081,-0.029838,-0.03136,0.011239,-0.042599,0.014134,0.011257,0.002877
HPQ,0000047217-26-000027,2026-05-28T00:17:25.000Z,2026-05-29,-0.430556,0.085059,0.000853,0.084206,-0.036982,-0.000925,-0.036057,-0.053994,-0.001623,-0.052371
HPQ,0000047217-26-000019,2026-04-22T01:07:21.000Z,2026-04-23,-0.666667,-0.017378,-0.001856,-0.015522,-0.020357,-0.007985,-0.012372,0.03575,0.003756,0.031994
HRL,0001104659-26-112101,2026-09-30T14:45:32.000Z,2026-10-01,0.206612,0.014529,0.00285,0.011679,-0.004008,0.015368,-0.019376,-0.027054,0.014306,-0.04136
HRL,0000048465-26-000053,2026-08-27T01:42:37.000Z,2026-08-28,-0.51087,0.012981,-0.006249,0.01923,0.022253,-0.009969,0.032222,-0.001391,-0.007081,0.00569
HRL,0000048465-26-000049,2026-08-25T00:52:26.000Z,2026-08-26,-0.230769,-0.102488,-0.002977,-0.099511,-0.078448,-0.01248,-0.065968,-0.070013,-0.016322,-0.053691
HRL,0000048465-26-000047,2026-07-28T15:00:20.000Z,2026-07-29,0.6,-0.016667,0.000251,-0.016918,-0.022093,0.009992,-0.032085,-0.022093,0.022839,-0.044932
HRL,0000048465-26-000044,2026-06-13T00:09:40.000Z,2026-06-15,-0.428571,0.002848,-0.000583,0.003431,-0.017087,-0.013772,-0.003315,0.005696,-0.015953,0.021649
HRL,0000048465-26-000024,2026-05-28T01:41:28.000Z,2026-05-29,-0.196721,0.005166,0.000853,0.004312,-0.004305,-0.000925,-0.003379,0.016789,-0.001623,0.018412
HSIC,0001193125-26-397208,2026-09-22T14:35:26.000Z,2026-09-23,-0.9,0.005644,-0.005939,0.011583,0.011052,-0.00843,0.019482,-0.012698,-0.017061,0.004362
HSIC,0001000228-26-000043,2026-08-04T14:13:53.000Z,2026-08-05,-0.495327,-0.01518,-0.005057,-0.010124,-0.016854,0.00197,-0.018825,0.012836,0.006071,0.006765
HSIC,0001193125-26-324857,2026-07-30T15:00:08.000Z,2026-07-31,-0.052632,0.008863,0.010454,-0.001591,0.044781,0.023077,0.021704,0.027755,0.025049,0.002706
HSIC,0001193125-26-235496,2026-05-22T16:00:11.000Z,2026-05-26,-0.194444,0.023951,-0.000163,0.024114,0.036265,0.005025,0.031241,0.028958,0.008845,0.020113
HSIC,0001000228-26-000021,2026-05-05T14:14:49.000Z,2026-05-06,-0.333333,-0.026781,-0.005314,-0.021467,-0.047626,-0.006743,-0.040883,-0.041276,-0.011773,-0.029502
HST,0001070750-26-000122,2026-08-05T20:38:03.000Z,2026-08-06,-0.121495,-0.003849,0.00705,-0.010899,-0.046621,0.009173,-0.055794,-0.026946,0.018773,-0.045719
HST,0001070750-26-000109,2026-05-28T20:06:40.000Z,2026-05-29,-0.6,0.008703,0.000853,0.00785,0.037859,-0.000925,0.038785,0.071366,-0.001623,0.07299
HST,0001070750-26-000086,2026-05-22T14:37:15.000Z,2026-05-26,-0.6,0.01601,-0.000163,0.016173,-0.005625,0.005025,-0.01065,0.023366,0.008845,0.014521
HST,0001070750-26-000077,2026-05-06T20:37:21.000Z,2026-05-07,-0.133333,0.027688,0.00101,0.026678,0.004153,-0.001337,0.00549,-0.005999,-0.001975,-0.004024
HSY,0001628280-26-060131,2026-09-03T00:31:40.000Z,2026-09-04,0.73913,0.000693,-0.00963,0.010323,0.006873,-0.025883,0.032756,0.003061,-0.018372,0.021433
HSY,0001628280-26-050769,2026-07-30T14:48:34.000Z,2026-07-31,0.009009,0.014967,0.010454,0.004513,0.025878,0.023077,0.002801,0.041702,0.025049,0.016653
HSY,0001628280-26-041894,2026-06-10T00:11:16.000Z,2026-06-11,0.75,0.004534,0.007831,-0.003297,0.00929,0.010001,-0.000711,-0.045399,-0.002776,-0.042623
HSY,0001628280-26-038847,2026-05-29T00:26:39.000Z,2026-06-01,0.888889,-0.012393,0.002888,-0.015281,-0.019796,0.008009,-0.027805,-0.056331,-0.004428,-0.051903
HSY,0001628280-26-032947,2026-05-09T00:31:06.000Z,2026-05-11,-0.666667,0.014163,0.000149,0.014014,0.00576,-0.000834,0.006594,0.021001,-0.003038,0.024039
HSY,0001628280-26-028569,2026-04-30T14:47:24.000Z,2026-05-01,0.078431,-0.00181,-0.006355,0.004546,0.022321,0.009573,0.012748,0.019743,0.005579,0.014164
HSY,0001628280-26-025076,2026-04-15T00:21:14.000Z,2026-04-16,0.333333,0.006637,0.012363,-0.005727,-0.013848,0.008954,-0.022802,0.003867,0.008043,-0.004176
HUBB,0001628280-26-049934,2026-07-28T12:02:27.000Z,2026-07-29,-0.482014,0.027616,0.000251,0.027365,0.032714,0.009992,0.022722,0.114153,0.022839,0.091314
HUBB,0001193125-26-263819,2026-06-09T20:25:44.000Z,2026-06-10,0.090909,0.0037,0.014297,-0.010597,0.047349,0.026342,0.021007,0.088282,0.008259,0.080024
HUBB,0001193125-26-261758,2026-06-08T20:14:08.000Z,2026-06-09,-0.57037,-0.03881,-0.012293,-0.026517,-0.019693,0.009342,-0.029035,0.03326,0.011449,0.021811
HUBB,0001193125-26-227142,2026-05-15T21:00:16.000Z,2026-05-18,-0.621622,-0.019899,-0.005561,-0.014338,-0.021004,0.009336,-0.03034,0.015248,0.021677,-0.006429
HUBB,0001193125-26-209139,2026-05-06T20:30:53.000Z,2026-05-07,-0.866667,-0.000933,0.00101,-0.001943,-0.014319,-0.001337,-0.012983,-0.022331,-0.001975,-0.020356
HUBB,0001193125-26-204099,2026-05-04T20:30:21.000Z,2026-05-05,-0.458564,-0.010772,0.008677,-0.019448,-0.029992,0.004366,-0.034357,-0.042988,0.001754,-0.044742
HUBB,0001628280-26-028600,2026-04-30T12:03:57.000Z,2026-05-01,-0.415385,0.014889,-0.006355,0.021244,-0.011978,0.009573,-0.021551,-0.031174,0.005579,-0.036754
HUM,0000049071-26-000052,2026-09-01T11:30:06.000Z,2026-09-02,-0.333333,0.013841,0.0072,0.006641,0.005287,-0.006517,0.011804,-0.000599,-0.022942,0.022344
HUM,0000049071-26-000047,2026-07-29T11:00:20.000Z,2026-07-30,0.666667,-0.007637,-0.00127,-0.006367,-0.012273,0.024323,-0.036596,0.001582,0.016515,-0.014934
HUM,0000049071-26-000045,2026-07-29T10:19:53.000Z,2026-07-30,-0.054893,-0.007637,-0.00127,-0.006367,-0.012273,0.024323,-0.036596,0.001582,0.016515,-0.014934
HUM,0000049071-26-000027,2026-06-01T10:37:55.000Z,2026-06-02,-0.333333,0.020755,-0.004463,0.025218,0.091,-0.004322,0.095322,0.131825,0.002786,0.129039
HUM,0000049071-26-000025,2026-05-19T20:30:11.000Z,2026-05-20,-0.714286,-0.001381,0.003571,-0.004952,-0.007925,0.015625,-0.02355,0.015127,0.019547,-0.00442
HUM,0000049071-26-000021,2026-04-29T10:06:00.000Z,2026-04-30,0.030162,-0.011885,-0.002823,-0.009061,0.013069,-0.00182,0.014889,0.04517,0.00129,0.04388
HUM,0000049071-26-000015,2026-04-20T20:31:18.000Z,2026-04-21,-0.8,0.000184,-0.000183,0.000367,-0.009799,-0.002797,-0.007002,0.056864,-0.008983,0.065847
HUM,0000049071-26-000013,2026-04-10T20:32:11.000Z,2026-04-13,0.428571,-0.01019,0.00427,-0.014461,0.012763,0.009646,0.003117,0.061091,0.02507,0.036021
HWM,0001104659-26-091610,2026-08-06T15:00:35.000Z,2026-08-07,-0.235772,0.006492,0.000179,0.006313,-0.000887,0.004379,-0.005266,0.025898,0.012525,0.013373
HWM,0001104659-26-067497,2026-05-29T00:12:15.000Z,2026-06-01,-0.342593,-0.018785,0.002888,-0.021674,-0.024225,0.008009,-0.032234,-0.035105,-0.004428,-0.030677
HWM,0001104659-26-066305,2026-05-27T00:30:51.000Z,2026-05-28,-0.6,-0.00631,0.000698,-0.007008,-0.035284,0.004586,-0.03987,-0.040633,0.009156,-0.049789
HWM,0001104659-26-056645,2026-05-07T15:00:25.000Z,2026-05-08,-0.410714,0.011162,-0.002433,0.013595,0.009388,-0.007545,0.016933,-0.037736,-0.013152,-0.024584
IBKR,0001381197-26-000135,2026-07-31T21:14:26.000Z,2026-08-03,0.0,0.010028,0.01478,-0.004752,-0.019715,0.007126,-0.026841,0.033162,0.014267,0.018895
IBKR,0001381197-26-000130,2026-07-31T21:02:54.000Z,2026-08-03,0.0,0.010028,0.01478,-0.004752,-0.019715,0.007126,-0.026841,0.033162,0.014267,0.018895
IBKR,0001381197-26-000118,2026-07-22T00:11:00.000Z,2026-07-23,0.047619,-0.000218,0.007986,-0.008203,-0.009263,0.028046,-0.037309,-0.013949,0.017456,-0.031406
IBKR,0001381197-26-000085,2026-04-30T00:01:16.000Z,2026-05-01,-0.75,0.01566,-0.006355,0.022015,0.08178,0.009573,0.072207,0.049217,0.005579,0.043638
IBKR,0001381197-26-000078,2026-04-22T00:02:51.000Z,2026-04-23,0.047619,0.009486,-0.001856,0.011342,0.020948,-0.007985,0.028934,0.047431,0.003756,0.043675
IBM,0000051143-26-000086,2026-10-02T00:18:19.000Z,2026-10-05,0.714286,-0.001309,0.006354,-0.007663,0.022701,0.005411,0.017289,,,
IBM,0001104659-26-097089,2026-08-15T00:05:21.000Z,2026-08-17,0.5,0.016692,-0.004487,0.021179,0.021149,-0.002847,0.023996,0.00957,0.00437,0.0052
IBM,0000051143-26-000077,2026-07-23T00:10:24.000Z,2026-07-24,0.016393,0.009758,0.007936,0.001821,0.057192,0.01061,0.046582,0.044166,0.007518,0.036649
IBM,0000051143-26-000070,2026-07-14T15:01:52.000Z,2026-07-15,-0.152941,0.037169,0.01,0.027169,0.008523,-0.002387,0.01091,-0.02571,-0.000527,-0.025183
IBM,0000051143-26-000061,2026-06-24T00:18:27.000Z,2026-06-25,-0.5,0.051729,0.005449,0.04628,0.088822,0.005293,0.083529,0.120997,0.018378,0.10262
IBM,0000051143-26-000047,2026-05-28T14:49:17.000Z,2026-05-29,0.111111,0.075957,0.000853,0.075104,0.026293,-0.000925,0.027218,-0.043519,-0.001623,-0.041896
IBM,0000051143-26-000043,2026-05-02T00:18:17.000Z,2026-05-04,-0.375,-0.001961,0.007294,-0.009255,0.007975,0.010479,-0.002505,-0.018671,0.009716,-0.028387
IBM,0000051143-26-000036,2026-04-23T00:10:35.000Z,2026-04-24,-0.043478,-0.016941,-0.001822,-0.015119,-0.021036,-0.008626,-0.01241,0.000948,0.002731,-0.001783
ICE,0001104659-26-103230,2026-08-28T20:30:33.000Z,2026-08-31,0.0,-0.006845,-0.008009,0.001164,0.024207,0.003345,0.020862,-0.018295,-0.010337,-0.007958
ICE,0001193125-26-359930,2026-08-21T11:30:15.000Z,2026-08-24,-0.894737,-0.007424,-0.000988,-0.006435,-0.010737,-0.001771,-0.008966,-0.01405,-0.011446,-0.002604
ICE,0001193125-26-359229,2026-08-20T20:22:57.000Z,2026-08-21,-0.2,0.010791,0.00094,0.00985,0.004155,0.001965,0.00219,0.006698,-0.004583,0.011281
ICE,0001193125-26-324909,2026-07-30T11:32:52.000Z,2026-07-31,-0.106719,-0.00446,0.010454,-0.014914,-0.017314,0.023077,-0.040391,-0.014297,0.025049,-0.039346
ICE,0001104659-26-088462,2026-07-30T11:30:31.000Z,2026-07-31,0.117647,-0.00446,0.010454,-0.014914,-0.017314,0.023077,-0.040391,-0.014297,0.025049,-0.039346
ICE,0001104659-26-063863,2026-05-19T20:31:01.000Z,2026-05-20,-0.818182,-0.001319,0.003571,-0.00489,-0.006922,0.015625,-0.022547,-0.022348,0.019547,-0.041895
ICE,0001104659-26-052145,2026-04-30T11:30:33.000Z,2026-05-01,0.0,0.010921,-0.006355,0.017276,-0.008724,0.009573,-0.018296,0.006915,0.005579,0.001335
IDXX,0001104659-26-090033,2026-08-04T10:32:59.000Z,2026-08-05,0.34375,0.008926,-0.005057,0.013983,0.018776,0.00197,0.016806,-0.024283,0.006071,-0.030354
IDXX,0000874716-26-000110,2026-05-15T20:00:10.000Z,2026-05-18,-0.68,0.001283,-0.005561,0.006844,0.013339,0.009336,0.004003,0.020924,0.021677,-0.000753
IDXX,0001104659-26-055203,2026-05-05T10:31:53.000Z,2026-05-06,0.291667,-0.012137,-0.005314,-0.006823,-0.081539,-0.006743,-0.074796,-0.087271,-0.011773,-0.075498
IEX,0001193125-26-381880,2026-09-03T20:06:42.000Z,2026-09-04,-0.6,0.008581,-0.00963,0.018211,-0.01019,-0.025883,0.015693,-0.007151,-0.018372,0.011221
IEX,0001193125-26-354040,2026-08-17T20:06:22.000Z,2026-08-18,-0.428571,0.001238,0.009224,-0.007986,0.000982,0.007591,-0.006609,-0.016613,0.007786,-0.024398
IEX,0000832101-26-000019,2026-07-29T11:01:30.000Z,2026-07-30,-0.343284,-0.014202,-0.00127,-0.012932,0.017624,0.024323,-0.006699,-0.000257,0.016515,-0.016772
IEX,0000832101-26-000012,2026-05-08T17:36:45.000Z,2026-05-11,-0.6,-0.000748,0.000149,-0.000896,-0.012196,-0.000834,-0.011362,-0.025139,-0.003038,-0.022101
IEX,0000832101-26-000007,2026-04-29T11:01:10.000Z,2026-04-30,-0.2,-0.013404,-0.002823,-0.01058,-0.009594,-0.00182,-0.007774,-0.013679,0.00129,-0.014969
IFF,0000051253-26-000032,2026-08-04T20:40:10.000Z,2026-08-05,-0.662921,-0.039968,-0.005057,-0.034911,-0.033837,0.00197,-0.035807,-0.047916,0.006071,-0.053988
IFF,0000051253-26-000028,2026-08-04T20:24:34.000Z,2026-08-05,-0.333333,-0.039968,-0.005057,-0.034911,-0.033837,0.00197,-0.035807,-0.047916,0.006071,-0.053988
IFF,0001140361-26-026107,2026-06-23T20:39:50.000Z,2026-06-24,-0.833333,-0.009891,0.005557,-0.015448,0.008836,0.011861,-0.003026,0.070157,0.0144,0.055757
IFF,0001193125-26-249963,2026-06-01T13:00:02.000Z,2026-06-02,-0.007519,0.004369,-0.004463,0.008832,-0.00314,-0.004322,0.001182,0.034681,0.002786,0.031895
IFF,0000051253-26-000015,2026-05-05T20:17:59.000Z,2026-05-06,-0.571429,-0.056312,-0.005314,-0.050999,-0.050404,-0.006743,-0.043661,-0.065718,-0.011773,-0.053945
IFF,0001140361-26-018910,2026-05-04T21:06:58.000Z,2026-05-05,-0.714286,0.171824,0.008677,0.163148,0.145259,0.004366,0.140894,0.108803,0.001754,0.10705
INCY,0000879169-26-000058,2026-09-01T00:29:25.000Z,2026-09-02,0.333333,-0.006443,0.0072,-0.013643,-0.034386,-0.006517,-0.027869,-0.04308,-0.022942,-0.020138
INCY,0000879169-26-000053,2026-07-28T15:02:34.000Z,2026-07-29,0.061947,-0.032337,0.000251,-0.032588,-0.068214,0.009992,-0.078206,-0.057435,0.022839,-0.080274
INCY,0000879169-26-000048,2026-07-07T00:06:20.000Z,2026-07-08,0.090909,0.010745,0.006398,0.004348,-0.02584,0.009569,-0.035409,-0.018506,0.004141,-0.022647
INCY,0000879169-26-000046,2026-06-22T15:00:40.000Z,2026-06-23,0.0,0.038889,0.006955,0.031933,0.089559,0.017921,0.071639,0.085824,0.017995,0.067829
INCY,0000879169-26-000043,2026-06-10T00:06:50.000Z,2026-06-11,-0.666667,0.006492,0.007831,-0.00134,-0.074933,0.010001,-0.084934,-0.089122,-0.002776,-0.086346
INCY,0000879169-26-000040,2026-06-08T15:05:51.000Z,2026-06-09,0.02439,0.020924,-0.012293,0.033217,0.051342,0.009342,0.042,-0.033711,0.011449,-0.04516
INCY,0000879169-26-000023,2026-04-28T15:03:17.000Z,2026-04-29,0.142857,-0.038648,0.014595,-0.053243,-0.019778,0.005321,-0.025099,0.007568,0.021751,-0.014183
INTC,0001193125-26-346806,2026-08-12T20:05:07.000Z,2026-08-13,-0.30303,-0.019702,0.000845,-0.020546,-0.075268,-0.012715,-0.062553,-0.118879,-0.011206,-0.107673
INTC,0000050863-26-000155,2026-07-23T20:09:00.000Z,2026-07-24,-0.260606,-0.007041,0.007936,-0.014977,-0.113085,0.01061,-0.123695,-0.022964,0.007518,-0.030481
INTC,0000050863-26-000118,2026-05-15T20:13:15.000Z,2026-05-18,-0.833333,0.024314,-0.005561,0.029875,0.095498,0.009336,0.086162,0.141906,0.021677,0.120229
INTC,0001193125-26-197845,2026-04-30T21:16:06.000Z,2026-05-01,0.0,-0.038547,-0.006355,-0.032191,0.134411,0.009573,0.124838,0.253965,0.005579,0.248386
INTC,0000050863-26-000083,2026-04-24T20:15:20.000Z,2026-04-27,0.2,-0.00553,-0.004228,-0.001302,0.11166,0.007371,0.104289,0.126956,-0.00166,0.128616
INTC,0000050863-26-000077,2026-04-23T20:07:02.000Z,2026-04-24,-0.369697,0.029683,-0.001822,0.031504,0.147928,-0.008626,0.156555,0.20693,0.002731,0.204199
INTU,0000896878-26-000029,2026-08-26T00:02:29.000Z,2026-08-27,-0.284848,0.028908,-0.003321,0.032229,-0.008822,-0.017483,0.008661,-0.010632,-0.006259,-0.004373
INTU,0001193125-26-267866,2026-06-12T01:07:01.000Z,2026-06-15,0.0,-0.002768,-0.000583,-0.002185,-0.052419,-0.013772,-0.038646,-0.084182,-0.015953,-0.068229
INTU,0000896878-26-000024,2026-05-21T00:05:49.000Z,2026-05-22,-0.258621,-0.048728,0.003283,-0.052011,-0.021692,0.007078,-0.02877,0.105707,0.009892,0.095816
INTU,0000896878-26-000020,2026-04-29T00:08:13.000Z,2026-04-30,0.333333,0.02713,-0.002823,0.029954,0.025277,-0.00182,0.027096,0.047053,0.00129,0.045763
INVH,0001687229-26-000048,2026-09-10T00:30:08.000Z,2026-09-11,-0.111111,0.001816,0.00012,0.001695,-0.011983,-0.013321,0.001338,-0.022876,-0.013001,-0.009875
INVH,0001687229-26-000041,2026-07-30T00:10:17.000Z,2026-07-31,-0.291667,0.025909,0.010454,0.015454,0.026245,0.023077,0.003168,0.021871,0.025049,-0.003178
INVH,0001193125-26-298582,2026-07-09T00:30:53.000Z,2026-07-10,-0.73913,0.01723,-0.000315,0.017545,0.007432,-0.005796,0.013228,0.017568,-0.003257,0.020825
INVH,0001193125-26-296211,2026-07-07T00:16:12.000Z,2026-07-08,0.0,-0.008775,0.006398,-0.015172,0.0162,0.009569,0.006631,0.006412,0.004141,0.002271
INVH,0001687229-26-000037,2026-06-01T14:45:10.000Z,2026-06-02,0.179487,0.00381,-0.004463,0.008273,0.040526,-0.004322,0.044849,0.032213,0.002786,0.029427
INVH,0001193125-26-214709,2026-05-09T00:23:57.000Z,2026-05-11,-0.263158,-0.015906,0.000149,-0.016055,-0.015214,-0.000834,-0.014381,-0.005878,-0.003038,-0.00284
INVH,0001687229-26-000030,2026-04-30T00:10:40.000Z,2026-05-01,-0.253731,0.000701,-0.006355,0.007056,0.007361,0.009573,-0.002212,0.00701,0.005579,0.001431
IP,0000051434-26-000115,2026-07-30T15:19:18.000Z,2026-07-31,-0.421965,0.015185,0.010454,0.00473,0.034778,0.023077,0.011701,0.018369,0.025049,-0.006681
IP,0000051434-26-000112,2026-07-18T00:10:28.000Z,2026-07-20,0.714286,0.002759,0.00249,0.000268,0.045793,-0.001485,0.047278,0.169931,0.013676,0.156255
IP,0000051434-26-000075,2026-05-12T01:09:47.000Z,2026-05-13,-0.666667,-0.011882,0.004399,-0.016282,-0.049406,0.002292,-0.051698,-0.034396,0.007758,-0.042155
IP,0000051434-26-000067,2026-04-30T15:16:01.000Z,2026-05-01,-0.442623,-0.017632,-0.006355,-0.011277,0.055416,0.009573,0.045843,0.039987,0.005579,0.034408
IQV,0001193125-26-399616,2026-09-23T21:03:03.000Z,2026-09-24,-0.333333,-0.016908,0.004146,-0.021054,-0.021926,-0.004126,-0.0178,-0.051996,-0.006119,-0.045877
IQV,0001193125-26-386633,2026-09-09T21:21:44.000Z,2026-09-10,0.407407,0.017373,0.00808,0.009293,0.048076,0.002559,0.045517,0.047182,-0.000603,0.047785
IQV,0001628280-26-049923,2026-07-28T11:03:16.000Z,2026-07-29,-0.27907,-0.039465,0.000251,-0.039716,-0.05736,0.009992,-0.067352,-0.046494,0.022839,-0.069333
IQV,0001193125-26-267763,2026-06-11T20:46:50.000Z,2026-06-12,-0.333333,-0.016918,0.003465,-0.020384,-0.059462,-0.014304,-0.045158,-0.075223,-0.009873,-0.06535
IQV,0001193125-26-257730,2026-06-04T21:08:13.000Z,2026-06-05,0.294118,0.001308,-0.002379,0.003687,-0.006977,-0.005524,-0.001454,-0.010848,0.016479,-0.027326
IQV,0001193125-26-255635,2026-06-03T20:45:12.000Z,2026-06-04,0.5,-0.018354,-0.009468,-0.008886,-0.003371,-0.002575,-0.000796,-0.031143,-0.001107,-0.030036
IQV,0001193125-26-212463,2026-05-07T21:24:37.000Z,2026-05-08,0.176471,-0.028874,-0.002433,-0.02644,-0.035421,-0.007545,-0.027875,-0.053662,-0.013152,-0.04051
IQV,0001628280-26-030118,2026-05-05T11:03:40.000Z,2026-05-06,-0.235955,0.012297,-0.005314,0.017611,-0.016547,-0.006743,-0.009804,-0.023177,-0.011773,-0.011403
IQV,0001193125-26-173771,2026-04-23T20:20:58.000Z,2026-04-24,0.125,0.009613,-0.001822,0.011435,-0.034631,-0.008626,-0.026005,-0.027791,0.002731,-0.030523
IR,0001628280-26-051068,2026-07-30T20:16:30.000Z,2026-07-31,-0.60396,0.05277,0.010454,0.042316,0.079396,0.023077,0.056319,0.043056,0.025049,0.018007
IR,0001140361-26-025458,2026-06-16T20:45:32.000Z,2026-06-17,-0.5,0.010899,0.003447,0.007452,-0.005579,0.00124,-0.00682,0.060075,0.014319,0.045756
IR,0001628280-26-027949,2026-04-28T20:19:58.000Z,2026-04-29,-0.571429,0.030984,0.014595,0.016389,-0.024529,0.005321,-0.02985,0.015363,0.021751,-0.006388
IRM,0001020569-26-000068,2026-08-05T14:47:30.000Z,2026-08-06,-0.08209,-0.006641,0.00705,-0.013691,0.003526,0.009173,-0.005648,0.038209,0.018773,0.019437
IRM,0001104659-26-078307,2026-06-27T00:41:34.000Z,2026-06-29,-0.2,-0.02816,-0.001081,-0.027079,-0.098561,0.011239,-0.1098,-0.10941,0.011257,-0.120667
IRM,0001020569-26-000055,2026-05-13T00:42:49.000Z,2026-05-14,-0.25,-0.020978,-0.009867,-0.011112,-0.033112,-0.007509,-0.025602,-0.003288,0.006807,-0.010095
IRM,0001020569-26-000036,2026-04-30T14:49:15.000Z,2026-05-01,0.004762,0.008098,-0.006355,0.014454,0.038289,0.009573,0.028716,0.012973,0.005579,0.007393
ISRG,0001035267-26-000063,2026-07-27T20:08:21.000Z,2026-07-28,-0.4,-0.024046,-0.008959,-0.015088,-0.023411,-0.010642,-0.012769,0.017883,0.014764,0.003119
ISRG,0001035267-26-000047,2026-07-16T20:05:17.000Z,2026-07-17,0.012048,0.022436,-0.004675,0.027111,-0.013694,-0.002299,-0.011394,-0.022929,0.001193,-0.024122
ISRG,0001035267-26-000042,2026-05-28T20:35:49.000Z,2026-05-29,0.913043,-0.029154,0.000853,-0.030007,-0.040858,-0.000925,-0.039933,-0.006076,-0.001623,-0.004453
ISRG,0001035267-26-000035,2026-05-04T20:05:32.000Z,2026-05-05,-0.931034,0.000775,0.008677,-0.007901,-0.002924,0.004366,-0.00729,-0.043223,0.001754,-0.044977
ISRG,0001035267-26-000029,2026-04-21T20:09:36.000Z,2026-04-22,0.014493,-0.009925,-0.000628,-0.009297,-0.026116,-0.00455,-0.021566,-0.061598,-0.011083,-0.050515
IT,0000749251-26-000243,2026-08-04T14:01:36.000Z,2026-08-05,-0.458824,-0.00853,-0.005057,-0.003473,0.036264,0.00197,0.034294,-0.037283,0.006071,-0.043355
IT,0000749251-26-000198,2026-06-03T00:22:32.000Z,2026-06-04,-0.6,-0.005156,-0.009468,0.004312,-0.045308,-0.002575,-0.042734,-0.09741,-0.001107,-0.096303
IT,0000749251-26-000165,2026-05-05T14:02:03.000Z,2026-05-06,-0.421053,0.044555,-0.005314,0.049869,0.018206,-0.006743,0.024949,-0.043628,-0.011773,-0.031855
ITW,0001193125-26-349149,2026-08-13T20:05:32.000Z,2026-08-14,-0.333333,-0.012138,-0.00889,-0.003248,-0.022558,-0.004365,-0.018192,-0.029297,-0.005973,-0.023325
ITW,0000049826-26-000047,2026-07-28T13:21:11.000Z,2026-07-29,0.150685,-0.02992,0.000251,-0.030171,-0.013541,0.009992,-0.023533,0.016652,0.022839,-0.006187
ITW,0000049826-26-000033,2026-05-22T20:03:12.000Z,2026-05-26,0.428571,-0.000479,-0.000163,-0.000316,-0.0125,0.005025,-0.017524,-0.007308,0.008845,-0.016153
ITW,0000049826-26-000030,2026-05-12T20:09:13.000Z,2026-05-13,-0.75,0.002679,0.004399,-0.00172,-0.002559,0.002292,-0.004851,0.002679,0.007758,-0.00508
ITW,0000049826-26-000025,2026-04-30T13:14:47.000Z,2026-05-01,0.254237,-0.014953,-0.006355,-0.008598,0.019767,0.009573,0.010195,-0.002779,0.005579,-0.008359
IVZ,0000914208-26-000350,2026-09-10T20:19:02.000Z,2026-09-11,0.555556,-0.023854,0.00012,-0.023974,-0.068154,-0.013321,-0.054832,-0.054213,-0.013001,-0.041212
IVZ,0000914208-26-000347,2026-08-31T21:01:44.000Z,2026-09-01,0.846154,-0.00844,0.004317,-0.012757,0.033761,0.007356,0.026405,0.003126,-0.011649,0.014775
IVZ,0000914208-26-000252,2026-08-11T10:58:16.000Z,2026-08-12,0.111111,0.025999,0.007478,0.018521,0.039564,-0.000758,0.040322,0.028073,0.003727,0.024346
IVZ,0000914208-26-000229,2026-07-28T10:58:44.000Z,2026-07-29,0.113402,0.048094,0.000251,0.047843,0.101176,0.009992,0.091184,0.140363,0.022839,0.117524
IVZ,0000914208-26-000207,2026-07-10T12:01:42.000Z,2026-07-13,0.555556,0.01162,-0.003751,0.015371,0.066901,0.004409,0.062492,0.044366,-0.008034,0.052401
IVZ,0000914208-26-000202,2026-06-09T20:20:53.000Z,2026-06-10,0.555556,0.030226,0.014297,0.015929,0.059723,0.026342,0.033381,0.048434,0.008259,0.040176
IVZ,0000914208-26-000196,2026-05-22T20:19:29.000Z,2026-05-26,-0.8,-0.002889,-0.000163,-0.002726,0.027808,0.005025,0.022783,-0.003973,0.008845,-0.012818
IVZ,0000914208-26-000191,2026-05-11T20:22:35.000Z,2026-05-12,0.555556,-0.010218,-0.005352,-0.004866,-0.03693,-0.010937,-0.025994,-0.060013,-0.008793,-0.05122
IVZ,0000914208-26-000102,2026-04-28T10:56:56.000Z,2026-04-29,-0.09434,0.022231,0.014595,0.007636,0.015601,0.005321,0.010279,0.066693,0.021751,0.044942
IVZ,0000914208-26-000097,2026-04-10T12:04:02.000Z,2026-04-13,0.111111,0.017284,0.00427,0.013014,-0.011934,0.009646,-0.02158,0.026749,0.02507,0.001679
J,0001193125-26-352551,2026-08-14T21:01:18.000Z,2026-08-17,0.0,-0.005361,-0.004487,-0.000874,0.030008,-0.002847,0.032854,0.058134,0.00437,0.053764
J,0001628280-26-052563,2026-08-04T20:10:15.000Z,2026-08-05,-0.435294,-0.004424,-0.005057,0.000633,0.018387,0.00197,0.016416,0.004839,0.006071,-0.001233
J,0001628280-26-030521,2026-05-05T20:09:51.000Z,2026-05-06,-0.644444,-0.030485,-0.005314,-0.025171,-0.075817,-0.006743,-0.069074,-0.152819,-0.011773,-0.141046
J,0001628280-26-028137,2026-04-29T12:56:01.000Z,2026-04-30,-0.6,-0.003786,-0.002823,-0.000963,0.055173,-0.00182,0.056993,-0.051387,0.00129,-0.052677
JBHT,0001437749-26-023629,2026-07-15T20:26:22.000Z,2026-07-16,0.290323,-0.023458,-0.007527,-0.015931,-0.017258,-0.009631,-0.007627,-0.030294,-0.013539,-0.016755
JBHT,0001437749-26-013243,2026-04-24T13:38:34.000Z,2026-04-27,-0.6,0.004517,-0.004228,0.008745,0.005477,0.007371,-0.001895,-0.04725,-0.00166,-0.04559
JBHT,0001437749-26-012396,2026-04-15T20:19:19.000Z,2026-04-16,0.230769,0.028365,0.012363,0.016002,0.053583,0.008954,0.044629,0.064577,0.008043,0.056534
JBL,0001628280-26-063890,2026-09-30T11:32:16.000Z,2026-10-01,-0.326087,0.015411,0.00285,0.01256,0.031355,0.015368,0.015987,-0.002101,0.014306,-0.016407
JBL,0001628280-26-043719,2026-06-17T11:32:41.000Z,2026-06-18,-0.258427,0.014413,0.000577,0.013836,-0.000215,0.005063,-0.005278,-0.03571,0.016234,-0.051944
JBL,0001193125-26-170734,2026-04-22T21:00:37.000Z,2026-04-23,-0.411765,0.009216,-0.001856,0.011073,-0.022745,-0.007985,-0.01476,-0.003072,0.003756,-0.006828
JCI,0000833444-26-000098,2026-09-30T11:07:14.000Z,2026-10-01,0.0,0.029452,0.00285,0.026602,0.046056,0.015368,0.030688,0.014693,0.014306,0.000388
JCI,0000833444-26-000083,2026-07-29T10:57:16.000Z,2026-07-30,-0.521739,0.019322,-0.00127,0.020592,0.067695,0.024323,0.043372,0.074159,0.016515,0.057644
JCI,0000833444-26-000064,2026-06-03T21:04:39.000Z,2026-06-04,0.259259,-0.025441,-0.009468,-0.015973,0.002375,-0.002575,0.004949,-0.022999,-0.001107,-0.021892
JCI,0000833444-26-000058,2026-05-13T20:39:55.000Z,2026-05-14,-0.130435,-0.013445,-0.009867,-0.003579,-0.066262,-0.007509,-0.058753,-0.065917,0.006807,-0.072725
JCI,0000833444-26-000047,2026-05-06T10:57:08.000Z,2026-05-07,-0.5,0.001939,0.00101,0.000929,0.012855,-0.001337,0.014191,0.041508,-0.001975,0.043483
JCI,0000833444-26-000040,2026-05-04T21:15:53.000Z,2026-05-05,0.0,-0.011601,0.008677,-0.020277,-0.036597,0.004366,-0.040963,-0.026101,0.001754,-0.027855
JKHY,0000779152-26-000060,2026-08-24T20:59:31.000Z,2026-08-25,0.652174,-0.007084,0.002192,-0.009276,-0.022405,-0.00427,-0.018135,-0.031794,-0.018417,-0.013376
JKHY,0000779152-26-000057,2026-08-18T20:38:48.000Z,2026-08-19,0.5,0.012388,-0.006906,0.019294,0.045689,-0.000244,0.045932,0.057218,0.000727,0.056491
JKHY,0000779152-26-000052,2026-08-11T21:24:02.000Z,2026-08-12,0.538462,0.023308,0.007478,0.01583,-0.01602,-0.000758,-0.015261,0.07058,0.003727,0.066853
JKHY,0000779152-26-000036,2026-06-04T13:04:38.000Z,2026-06-05,0.777778,-0.028745,-0.002379,-0.026366,-0.019368,-0.005524,-0.013844,-0.014449,0.016479,-0.030928
JKHY,0000779152-26-000027,2026-05-12T15:20:03.000Z,2026-05-13,0.571429,-0.052323,0.004399,-0.056722,-0.016404,0.002292,-0.018696,-0.011384,0.007758,-0.019142
JKHY,0000779152-26-000021,2026-05-05T20:21:12.000Z,2026-05-06,0.392857,0.022047,-0.005314,0.02736,0.005389,-0.006743,0.012132,-0.010148,-0.011773,0.001625
JKHY,0000779152-26-000018,2026-04-28T21:22:45.000Z,2026-04-29,0.333333,0.0,0.014595,-0.014595,-0.008,0.005321,-0.013321,-0.070699,0.021751,-0.09245
JNJ,0000200406-26-000167,2026-08-04T12:48:52.000Z,2026-08-05,0.755102,-0.002368,-0.005057,0.002689,0.016383,0.00197,0.014412,0.012695,0.006071,0.006623
JNJ,0000200406-26-000163,2026-07-29T21:25:05.000Z,2026-07-30,0.300813,0.002072,-0.00127,0.003342,-0.003479,0.024323,-0.027802,0.004534,0.016515,-0.011981
JNJ,0000200406-26-000155,2026-07-28T00:15:31.000Z,2026-07-29,-0.538462,-0.036568,0.000251,-0.036819,-0.041878,0.009992,-0.051871,-0.029902,0.022839,-0.052741
JNJ,0000200406-26-000146,2026-07-15T11:49:04.000Z,2026-07-16,-0.031447,0.012281,-0.007527,0.019808,0.00256,-0.009631,0.012191,0.037204,-0.013539,0.050743
JNJ,0000200406-26-000089,2026-04-27T21:33:52.000Z,2026-04-28,-0.714286,-0.001932,-0.002693,0.000762,-0.002634,0.008924,-0.011558,-0.009834,0.010188,-0.020022
JNJ,0000200406-26-000076,2026-04-14T11:35:25.000Z,2026-04-15,0.034483,-0.017304,0.004765,-0.022069,-0.033435,0.019971,-0.053406,-0.052667,0.013661,-0.066328
JPM,0001193125-26-314128,2026-07-24T00:15:21.000Z,2026-07-27,-0.333333,0.003116,0.010683,-0.007566,-0.01502,0.000796,-0.015816,-0.009994,0.009844,-0.019838
JPM,0000019617-26-000288,2026-07-24T00:15:21.000Z,2026-07-27,0.2,0.003116,0.010683,-0.007566,-0.01502,0.000796,-0.015816,-0.009994,0.009844,-0.019838
JPM,0001628280-26-048086,2026-07-14T17:52:21.000Z,2026-07-15,0.181818,-0.010839,0.01,-0.020838,-0.023176,-0.002387,-0.020789,0.003747,-0.000527,0.004274
JPM,0001628280-26-048078,2026-07-14T14:30:38.000Z,2026-07-15,-0.136691,-0.010839,0.01,-0.020838,-0.023176,-0.002387,-0.020789,0.003747,-0.000527,0.004274
JPM,0000019617-26-000241,2026-06-25T15:59:33.000Z,2026-06-26,0.466667,0.001033,0.001142,-0.000109,0.015256,0.003695,0.011561,0.030972,0.012349,0.018623
JPM,0001628280-26-045169,2026-06-25T00:07:40.000Z,2026-06-26,-0.837838,0.001033,0.001142,-0.000109,0.015256,0.003695,0.011561,0.030972,0.012349,0.018623
JPM,0001628280-26-045167,2026-06-25T00:06:40.000Z,2026-06-26,0.0,0.001033,0.001142,-0.000109,0.015256,0.003695,0.011561,0.030972,0.012349,0.018623
JPM,0001193125-26-253533,2026-06-03T00:15:25.000Z,2026-06-04,-0.333333,0.00476,-0.009468,0.014228,0.005822,-0.002575,0.008397,0.008363,-0.001107,0.00947
JPM,0001193125-26-242018,2026-05-28T00:39:34.000Z,2026-05-29,0.0,-0.009121,0.000853,-0.009974,0.005145,-0.000925,0.006071,0.043634,-0.001623,0.045257
JPM,0000019617-26-000228,2026-05-22T00:15:13.000Z,2026-05-26,-0.777778,-0.02432,-0.000163,-0.024157,-0.024223,0.005025,-0.029247,-0.018843,0.008845,-0.027689
JPM,0001193125-26-211978,2026-05-08T00:16:48.000Z,2026-05-11,-0.692308,0.016267,0.000149,0.016118,-0.0003,-0.000834,0.000534,0.002433,-0.003038,0.005472
JPM,0000019617-26-000119,2026-04-25T00:16:13.000Z,2026-04-27,0.428571,-0.000578,-0.004228,0.00365,0.005134,0.007371,-0.002237,-0.012772,-0.00166,-0.011112
JPM,0001193125-26-173739,2026-04-24T00:15:28.000Z,2026-04-27,-0.333333,-0.000578,-0.004228,0.00365,0.005134,0.007371,-0.002237,-0.012772,-0.00166,-0.011112
JPM,0001628280-26-025013,2026-04-14T18:05:26.000Z,2026-04-15,-0.259259,0.01314,0.004765,0.008375,0.036152,0.019971,0.016181,0.023175,0.013661,0.009514
JPM,0001628280-26-024990,2026-04-14T14:32:42.000Z,2026-04-15,-0.338843,0.01314,0.004765,0.008375,0.036152,0.019971,0.016181,0.023175,0.013661,0.009514
KDP,0001193125-26-409799,2026-10-01T11:11:27.000Z,2026-10-02,0.157895,0.017122,0.006073,0.011049,0.005598,0.004875,0.000722,0.029141,0.015319,0.013821
KDP,0001418135-26-000060,2026-09-28T20:35:44.000Z,2026-09-29,0.0,-0.022237,-0.007103,-0.015134,-0.02127,0.000916,-0.022186,0.003223,0.01349,-0.010267
KDP,0001418135-26-000058,2026-09-16T20:47:38.000Z,2026-09-17,0.714286,-0.014954,-0.004282,-0.010671,0.002545,0.000835,0.001711,-0.017499,-0.012073,-0.005426
KDP,0001418135-26-000055,2026-09-01T11:33:02.000Z,2026-09-02,0.319149,0.008899,0.0072,0.001698,-0.001227,-0.006517,0.00529,-0.034673,-0.022942,-0.011731
KDP,0001418135-26-000053,2026-08-12T12:08:30.000Z,2026-08-13,0.2,0.010283,0.000845,0.009438,-0.010604,-0.012715,0.002111,0.017352,-0.011206,0.028558
KDP,0001418135-26-000048,2026-08-06T11:02:13.000Z,2026-08-07,-0.5,-0.023659,0.000179,-0.023838,-0.014995,0.004379,-0.019374,0.047651,0.012525,0.035126
KDP,0001418135-26-000045,2026-06-25T20:11:01.000Z,2026-06-26,0.5,0.002994,0.001142,0.001852,-0.000898,0.003695,-0.004593,-0.049401,0.012349,-0.06175
KDP,0000950142-26-001848,2026-06-23T12:01:58.000Z,2026-06-24,0.066667,0.035669,0.005557,0.030111,0.074478,0.011861,0.062617,0.070309,0.0144,0.055909
KDP,0001418135-26-000041,2026-06-18T20:18:32.000Z,2026-06-22,-0.25,0.0,-0.00224,0.00224,0.05345,0.01021,0.043239,0.092926,0.017182,0.075744
KDP,0000950142-26-001475,2026-05-22T20:23:50.000Z,2026-05-26,-0.777778,0.018612,-0.000163,0.018776,0.016244,0.005025,0.011219,0.027411,0.008845,0.018566
KDP,0001418135-26-000030,2026-05-20T20:16:16.000Z,2026-05-21,0.714286,0.011814,0.008498,0.003316,0.045865,0.011755,0.03411,0.043433,0.01736,0.026073
KDP,0001418135-26-000020,2026-04-23T11:01:48.000Z,2026-04-24,-0.270833,-0.036619,-0.001822,-0.034797,-0.009925,-0.008626,-0.001298,-0.004449,0.002731,-0.00718
KEY,0001628280-26-063618,2026-09-25T21:04:18.000Z,2026-09-28,0.333333,-0.013725,-0.001568,-0.012158,-0.017157,-0.00347,-0.013687,-0.010784,0.005345,-0.016129
KEY,0001628280-26-061680,2026-09-14T11:56:54.000Z,2026-09-15,-0.25,-0.045161,-0.007863,-0.037299,-0.041014,-0.007122,-0.033892,-0.056221,-0.001667,-0.054554
KEY,0001628280-26-057141,2026-08-14T20:20:20.000Z,2026-08-17,-0.882353,-0.010851,-0.004487,-0.006364,-0.051649,-0.002847,-0.048803,-0.050781,0.00437,-0.055151
KEY,0000091576-26-000017,2026-07-21T10:31:09.000Z,2026-07-22,-0.546512,-0.016876,-0.003956,-0.01292,-0.025963,0.012083,-0.038046,-0.040242,0.0153,-0.055543
KEY,0001193125-26-265823,2026-06-10T20:08:12.000Z,2026-06-11,0.0,0.01657,0.007831,0.008738,0.018809,0.010001,0.008807,0.011644,-0.002776,0.01442
KEY,0001628280-26-040502,2026-06-03T21:12:51.000Z,2026-06-04,-0.428977,0.004153,-0.009468,0.013621,0.019843,-0.002575,0.022418,0.030457,-0.001107,0.031564
KEY,0001628280-26-039245,2026-05-29T21:12:12.000Z,2026-06-01,0.321429,0.023436,0.002888,0.020547,0.047113,0.008009,0.039104,0.052911,-0.004428,0.057339
KEY,0001628280-26-035060,2026-05-14T20:02:04.000Z,2026-05-15,-0.428571,0.001426,0.007625,-0.006199,0.017585,0.013274,0.004312,0.024715,0.025519,-0.000804
KEY,0000091576-26-000013,2026-04-16T10:32:20.000Z,2026-04-17,-0.489614,0.01789,0.002829,0.015061,0.011009,-0.003371,0.01438,-0.007798,-0.006033,-0.001765
KEYS,0001601046-26-000032,2026-08-26T20:12:10.000Z,2026-08-27,0.9,-0.017955,-0.003321,-0.014633,-0.020103,-0.017483,-0.002621,-0.009821,-0.006259,-0.003563
KEYS,0001601046-26-000029,2026-08-18T20:09:53.000Z,2026-08-19,-0.125,-0.009203,-0.006906,-0.002297,-0.027516,-0.000244,-0.027272,0.007575,0.000727,0.006848
KEYS,0001601046-26-000019,2026-05-19T20:08:49.000Z,2026-05-20,0.015873,-0.013243,0.003571,-0.016813,0.039932,0.015625,0.024307,-0.008624,0.019547,-0.02817
KEYS,0001601046-26-000017,2026-04-23T12:43:38.000Z,2026-04-24,-0.866667,-0.018215,-0.001822,-0.016393,-0.033145,-0.008626,-0.024519,0.015708,0.002731,0.012976
KHC,0001637459-26-000067,2026-10-07T01:20:44.000Z,2026-10-08,0.2,-0.014235,0.003659,-0.017894,,,,,,
KHC,0001637459-26-000057,2026-08-26T16:03:49.000Z,2026-08-27,0.4,0.022682,-0.003321,0.026003,0.029447,-0.017483,0.046929,0.01154,-0.006259,0.017799
KHC,0001637459-26-000052,2026-08-05T15:01:49.000Z,2026-08-06,-0.452915,0.014423,0.00705,0.007373,-0.01242,0.009173,-0.021593,0.016827,0.018773,-0.001946
KHC,0001637459-26-000047,2026-07-28T00:37:31.000Z,2026-07-29,-0.076923,-0.044895,0.000251,-0.045146,-0.043447,0.009992,-0.053439,-0.068429,0.022839,-0.091268
KHC,0001637459-26-000037,2026-06-18T16:01:50.000Z,2026-06-22,0.2,0.019973,-0.00224,0.022213,0.065365,0.01021,0.055155,0.098048,0.017182,0.080867
KHC,0001193125-26-262099,2026-06-09T01:25:35.000Z,2026-06-10,-0.333333,0.007069,0.014297,-0.007228,-0.002495,0.026342,-0.028837,-0.035343,0.008259,-0.043602
KHC,0001193125-26-234627,2026-05-22T00:44:33.000Z,2026-05-26,-0.478261,0.022222,-0.000163,0.022385,0.006709,0.005025,0.001684,-0.021803,0.008845,-0.030648
KHC,0001637459-26-000028,2026-05-20T00:21:51.000Z,2026-05-21,-0.714286,0.01062,0.008498,0.002122,0.035684,0.011755,0.023929,0.019966,0.01736,0.002606
KHC,0001193125-26-219918,2026-05-13T01:31:34.000Z,2026-05-14,-0.333333,-0.016731,-0.009867,-0.006864,-0.001287,-0.007509,0.006222,0.009867,0.006807,0.00306
KHC,0001193125-26-210459,2026-05-07T16:27:01.000Z,2026-05-08,-0.212121,-0.029215,-0.002433,-0.026782,-0.032554,-0.007545,-0.025009,-0.043406,-0.013152,-0.030254
KHC,0001637459-26-000020,2026-05-06T15:01:20.000Z,2026-05-07,-0.394872,0.013536,0.00101,0.012526,-0.011421,-0.001337,-0.010085,-0.013959,-0.001975,-0.011984
KIM,0001193125-26-331498,2026-08-04T10:55:09.000Z,2026-08-05,-0.113636,-0.017692,-0.005057,-0.012635,-0.030559,0.00197,-0.032529,-0.027744,0.006071,-0.033816
KIM,0001140361-26-025223,2026-06-15T20:19:59.000Z,2026-06-16,-0.518519,-0.024303,-0.016485,-0.007818,-0.016335,-0.012246,-0.004089,0.012749,-0.008325,0.021074
KIM,0001140361-26-024883,2026-06-11T12:40:41.000Z,2026-06-12,-0.508197,-0.021613,0.003465,-0.025079,-0.054805,-0.014304,-0.040501,-0.047086,-0.009873,-0.037213
KIM,0001140361-26-022535,2026-05-22T12:00:58.000Z,2026-05-26,-0.666667,-0.00489,-0.000163,-0.004727,-0.018745,0.005025,-0.02377,-0.033822,0.008845,-0.042668
KIM,0001193125-26-193907,2026-04-30T10:54:59.000Z,2026-05-01,-0.179487,0.000856,-0.006355,0.007211,0.017964,0.009573,0.008391,0.004277,0.005579,-0.001302
KKR,0001140361-26-034930,2026-08-31T10:31:08.000Z,2026-09-01,0.0,0.000188,0.004317,-0.004129,0.012405,0.007356,0.005049,-0.021803,-0.011649,-0.010154
KKR,0001140361-26-034520,2026-08-27T01:02:46.000Z,2026-08-28,-0.588235,0.009569,-0.006249,0.015818,-0.020703,-0.009969,-0.010734,-0.008741,-0.007081,-0.00166
KKR,0001140361-26-030498,2026-07-31T20:15:38.000Z,2026-08-03,-0.666667,0.015484,0.01478,0.000704,-0.030124,0.007126,-0.03725,-0.023768,0.014267,-0.038035
KKR,0001404912-26-000022,2026-07-30T10:55:03.000Z,2026-07-31,-0.147929,0.050577,0.010454,0.040122,0.041605,0.023077,0.018528,0.013605,0.025049,-0.011444
KKR,0001140361-26-023322,2026-05-29T20:16:25.000Z,2026-06-01,-0.666667,-0.005894,0.002888,-0.008783,0.004736,0.008009,-0.003273,-0.018945,-0.004428,-0.014517
KKR,0001140361-26-023137,2026-05-28T20:15:25.000Z,2026-05-29,-0.6,-0.009694,0.000853,-0.010547,-0.056389,-0.000925,-0.055464,-0.026475,-0.001623,-0.024852
KKR,0001404912-26-000011,2026-05-05T10:50:36.000Z,2026-05-06,-0.164557,-0.004465,-0.005314,0.000849,-0.013196,-0.006743,-0.006453,-0.033337,-0.011773,-0.021564
KKR,0001140361-26-016769,2026-04-24T21:17:49.000Z,2026-04-27,-0.6,0.006951,-0.004228,0.011179,0.036147,0.007371,0.028776,0.026117,-0.00166,0.027777
KLAC,0001193125-26-338242,2026-08-06T20:30:31.000Z,2026-08-07,0.555556,-0.027106,0.000179,-0.027285,0.051184,0.004379,0.046805,0.028318,0.012525,0.015793
KLAC,0000319201-26-000024,2026-07-28T20:08:02.000Z,2026-07-29,-0.350649,0.05958,0.000251,0.059329,0.0738,0.009992,0.063808,0.132852,0.022839,0.110013
KLAC,0001193125-26-269375,2026-06-12T20:05:07.000Z,2026-06-15,-0.555556,-0.074448,-0.000583,-0.073865,0.012245,-0.013772,0.026018,-0.046525,-0.015953,-0.030572
KLAC,0001193125-26-212093,2026-05-07T20:27:37.000Z,2026-05-08,-0.321429,-0.01284,-0.002433,-0.010407,-0.010422,-0.007545,-0.002876,-0.034705,-0.013152,-0.021553
KLAC,0000319201-26-000014,2026-04-29T20:06:15.000Z,2026-04-30,-0.386667,-0.013763,-0.002823,-0.010939,-0.009969,-0.00182,-0.00815,0.00737,0.00129,0.00608
KMB,0001104659-26-112571,2026-10-01T11:07:15.000Z,2026-10-02,0.5,0.011128,0.006073,0.005055,0.022467,0.004875,0.017592,0.03794,0.015319,0.022621
KMB,0001104659-26-111354,2026-09-28T20:08:32.000Z,2026-09-29,-0.458861,-0.015759,-0.007103,-0.008656,-0.046772,0.000916,-0.047688,-0.022427,0.01349,-0.035917
KMB,0001628280-26-052113,2026-08-04T10:33:40.000Z,2026-08-05,-0.061728,-0.033016,-0.005057,-0.027959,-0.038712,0.00197,-0.040682,-0.030613,0.006071,-0.036685
KMB,0001628280-26-035124,2026-05-14T20:16:55.000Z,2026-05-15,-0.666667,0.006569,0.007625,-0.001056,0.017099,0.013274,0.003826,0.033677,0.025519,0.008158
KMB,0001628280-26-030566,2026-05-05T20:16:50.000Z,2026-05-06,0.6,0.00373,-0.005314,0.009044,-0.034681,-0.006743,-0.027938,-0.021676,-0.011773,-0.009902
KMB,0001628280-26-027718,2026-04-28T10:33:35.000Z,2026-04-29,0.088235,0.024246,0.014595,0.009651,-0.004683,0.005321,-0.010004,0.032154,0.021751,0.010403
KMI,0001506307-26-000123,2026-09-25T21:36:43.000Z,2026-09-28,0.0,-0.005877,-0.001568,-0.004309,-0.003265,-0.00347,0.000206,0.025465,0.005345,0.02012
KMI,0001506307-26-000115,2026-09-03T21:37:32.000Z,2026-09-04,0.0,0.018471,-0.00963,0.028101,-0.014331,-0.025883,0.011552,-0.014013,-0.018372,0.004359
KMI,0001506307-26-000111,2026-08-07T21:31:49.000Z,2026-08-10,0.0,0.002867,0.002101,0.000767,0.021982,0.011707,0.010274,0.029946,0.003686,0.02626
KMI,0001104659-26-089797,2026-08-03T20:13:14.000Z,2026-08-04,-0.833333,-0.008285,-0.002081,-0.006204,-0.01689,0.000165,-0.017054,0.003187,0.001963,0.001224
KMI,0001506307-26-000063,2026-07-22T20:09:59.000Z,2026-07-23,0.2,0.002746,0.007986,-0.005239,-0.035398,0.028046,-0.063444,-0.033872,0.017456,-0.051329
KMI,0001506307-26-000049,2026-05-28T20:02:36.000Z,2026-05-29,-0.5,-0.0074,0.000853,-0.008254,0.009331,-0.000925,0.010256,0.019305,-0.001623,0.020928
KMI,0001506307-26-000043,2026-05-19T16:07:03.000Z,2026-05-20,-0.6,-0.002679,0.003571,-0.00625,-0.021435,0.015625,-0.03706,-0.050015,0.019547,-0.069562
KMI,0001506307-26-000041,2026-05-14T21:32:25.000Z,2026-05-15,0.0,0.00446,0.007625,-0.003164,-0.001189,0.013274,-0.014463,0.004758,0.025519,-0.020761
KMI,0001506307-26-000037,2026-04-24T21:31:56.000Z,2026-04-27,0.0,0.027141,-0.004228,0.031369,0.062035,0.007371,0.054664,0.058811,-0.00166,0.060471
KMI,0001506307-26-000033,2026-04-22T20:12:02.000Z,2026-04-23,0.194444,0.000315,-0.001856,0.002171,0.001891,-0.007985,0.009876,0.035928,0.003756,0.032172
KO,0001628280-26-049922,2026-07-28T10:58:13.000Z,2026-07-29,-0.373239,-0.006623,0.000251,-0.006874,-0.024921,0.009992,-0.034913,-0.025258,0.022839,-0.048097
KO,0001628280-26-048466,2026-07-16T20:20:56.000Z,2026-07-17,-0.666667,0.006866,-0.004675,0.011541,0.007847,-0.002299,0.010146,0.00846,0.001193,0.007267
KO,0001552781-26-000366,2026-06-25T20:19:25.000Z,2026-06-26,0.882353,0.000242,0.001142,-0.0009,-0.016217,0.003695,-0.019912,0.003994,0.012349,-0.008355
KO,0001628280-26-029230,2026-05-01T18:01:51.000Z,2026-05-04,-0.833333,0.003709,0.007294,-0.003585,0.003069,0.010479,-0.00741,0.006011,0.009716,-0.003705
KO,0001628280-26-027723,2026-04-28T11:00:30.000Z,2026-04-29,-0.339286,-0.001395,0.014595,-0.015989,-0.008622,0.005321,-0.013943,0.004564,0.021751,-0.017186
KR,0001104659-26-113599,2026-10-05T18:55:07.000Z,2026-10-06,0.0,0.014381,-0.007665,0.022046,0.046052,0.002787,0.043265,,,
KR,0001104659-26-106890,2026-09-11T14:59:48.000Z,2026-09-14,-0.099099,0.022,-0.005515,0.027514,-0.002627,-0.008558,0.005931,-0.02003,-0.007269,-0.012761
KR,0001104659-26-104763,2026-09-03T00:48:38.000Z,2026-09-04,0.714286,-0.023724,-0.00963,-0.014094,-0.027991,-0.025883,-0.002108,0.039597,-0.018372,0.057969
KR,0001104659-26-079552,2026-07-01T15:09:12.000Z,2026-07-02,-0.111111,0.000515,0.000325,0.000191,0.018894,-0.011237,0.030131,0.039849,-0.001412,0.041261
KR,0001104659-26-078272,2026-06-27T00:15:26.000Z,2026-06-29,-0.4,-0.006797,-0.001081,-0.005716,0.041316,0.011239,0.030077,0.04704,0.011257,0.035783
KR,0001104659-26-075395,2026-06-18T14:52:56.000Z,2026-06-22,-0.28,0.023135,-0.00224,0.025375,0.036047,0.01021,0.025837,0.00269,0.017182,-0.014491
KR,0001104659-26-066818,2026-05-27T22:38:46.000Z,2026-05-28,0.0,-0.02372,0.000698,-0.024417,-0.032988,0.004586,-0.037573,-0.022306,0.009156,-0.031462
KVUE,0001944048-26-000141,2026-08-06T14:48:04.000Z,2026-08-07,0.006897,-0.0104,0.000179,-0.010579,-0.001999,0.004379,-0.006377,0.009569,0.012525,-0.002956
KVUE,0001944048-26-000102,2026-05-23T00:57:53.000Z,2026-05-26,-0.714286,0.011435,-0.000163,0.011598,-0.012007,0.005025,-0.017031,-0.00972,0.008845,-0.018565
KVUE,0001944048-26-000097,2026-05-07T14:32:39.000Z,2026-05-08,-0.014925,-0.023877,-0.002433,-0.021444,-0.010965,-0.007545,-0.003419,-0.015567,-0.013152,-0.002415
KVUE,0000950157-26-000493,2026-04-15T17:06:38.000Z,2026-04-16,-0.272727,0.008591,0.012363,-0.003772,-0.009164,0.008954,-0.018118,0.001718,0.008043,-0.006325
L,0000060086-26-000045,2026-08-03T10:06:10.000Z,2026-08-04,-0.265306,-0.002069,-0.002081,1.2e-05,-0.00388,0.000165,-0.004045,-0.024401,0.001963,-0.026364
L,0000060086-26-000037,2026-05-12T20:16:44.000Z,2026-05-13,-0.6,0.010761,0.004399,0.006362,0.037759,0.002292,0.035467,0.045158,0.007758,0.037399
L,0000060086-26-000029,2026-05-04T10:04:48.000Z,2026-05-05,-0.617834,-0.008475,0.008677,-0.017152,-0.015915,0.004366,-0.020281,-0.016951,0.001754,-0.018704
LDOS,0001193125-26-413208,2026-10-05T16:21:50.000Z,2026-10-06,-0.626667,-0.026909,-0.007665,-0.019244,0.041649,0.002787,0.038862,,,
LDOS,0001336920-26-000265,2026-10-01T17:10:24.000Z,2026-10-02,0.733333,0.014524,0.006073,0.008451,-0.035587,0.004875,-0.040462,0.032359,0.015319,0.01704
LDOS,0001336920-26-000243,2026-08-04T01:42:19.000Z,2026-08-05,-0.597484,0.066299,-0.005057,0.071355,0.096571,0.00197,0.0946,0.106662,0.006071,0.10059
LDOS,0001336920-26-000177,2026-05-07T00:05:11.000Z,2026-05-08,-0.75,-0.018676,-0.002433,-0.016243,-0.045654,-0.007545,-0.038108,-0.049343,-0.013152,-0.036191
LDOS,0001336920-26-000167,2026-05-05T02:47:00.000Z,2026-05-06,-0.472,-0.026983,-0.005314,-0.021669,-0.053521,-0.006743,-0.046778,-0.07954,-0.011773,-0.067767
LDOS,0001193125-26-155884,2026-04-15T14:17:27.000Z,2026-04-16,-0.442857,-0.008308,0.012363,-0.020672,-0.020899,0.008954,-0.029853,-0.056688,0.008043,-0.064732
LEN,0001628280-26-062287,2026-09-17T00:42:59.000Z,2026-09-18,-0.410256,0.021588,0.005038,0.016551,0.066597,-0.002109,0.068706,0.07484,-0.003817,0.078656
LEN,0001193125-26-268580,2026-06-12T17:00:21.000Z,2026-06-15,0.472222,0.000334,-0.000583,0.000917,-0.000223,-0.013772,0.01355,-0.026741,-0.015953,-0.010787
LEN,0001628280-26-042551,2026-06-12T00:48:58.000Z,2026-06-15,-0.369863,0.000334,-0.000583,0.000917,-0.000223,-0.013772,0.01355,-0.026741,-0.015953,-0.010787
LEN,0001628280-26-041334,2026-06-06T01:59:25.000Z,2026-06-08,0.818182,0.020057,0.009475,0.010582,0.046396,0.010944,0.035452,-0.01091,0.022442,-0.033352
LEN,0001628280-26-024894,2026-04-14T00:16:01.000Z,2026-04-15,-0.714286,0.004071,0.004765,-0.000694,0.064224,0.019971,0.044254,0.073618,0.013661,0.059956
LH,0000920148-26-000207,2026-09-30T12:32:56.000Z,2026-10-01,0.777778,0.012771,0.00285,0.00992,0.023342,0.015368,0.007974,0.031517,0.014306,0.017211
LH,0000920148-26-000205,2026-09-22T20:43:38.000Z,2026-09-23,-0.68,0.01635,-0.005939,0.022289,0.018389,-0.00843,0.026819,0.013586,-0.017061,0.030647
LH,0000920148-26-000201,2026-09-10T20:47:55.000Z,2026-09-11,0.552846,0.012101,0.00012,0.011981,0.041632,-0.013321,0.054953,0.029434,-0.013001,0.042435
LH,0000920148-26-000189,2026-08-28T12:33:13.000Z,2026-08-31,0.777778,-0.015181,-0.008009,-0.007171,-0.003487,0.003345,-0.006832,-0.023447,-0.010337,-0.01311
LH,0000920148-26-000185,2026-08-17T12:03:09.000Z,2026-08-18,0.666667,0.025638,0.009224,0.016414,0.043951,0.007591,0.036359,0.04811,0.007786,0.040324
LH,0000920148-26-000182,2026-08-14T12:55:14.000Z,2026-08-17,0.2,-0.003588,-0.004487,0.000899,0.029288,-0.002847,0.032135,0.049483,0.00437,0.045113
LH,0000920148-26-000162,2026-07-30T10:53:18.000Z,2026-07-31,-0.151515,-0.005757,0.010454,-0.016211,0.015394,0.023077,-0.007682,0.032244,0.025049,0.007195
LH,0000920148-26-000157,2026-07-10T11:31:41.000Z,2026-07-13,0.777778,-0.003614,-0.003751,0.000137,0.019011,0.004409,0.014602,0.017349,-0.008034,0.025383
LH,0000920148-26-000150,2026-06-30T20:20:07.000Z,2026-07-01,0.777778,0.01092,0.008354,0.002566,-7.1e-05,0.008203,-0.008274,-0.022016,0.002918,-0.024934
LH,0000920148-26-000147,2026-05-27T12:04:15.000Z,2026-05-28,0.777778,-0.007518,0.000698,-0.008216,-0.016525,0.004586,-0.021111,-0.004045,0.009156,-0.013201
LH,0000920148-26-000143,2026-05-26T20:01:56.000Z,2026-05-27,-0.666667,0.017425,0.004229,0.013196,-0.00261,0.00651,-0.009121,0.005349,0.004171,0.001179
LH,0000920148-26-000135,2026-04-30T10:57:12.000Z,2026-05-01,-0.114286,-0.011062,-0.006355,-0.004706,0.0043,0.009573,-0.005273,-0.006723,0.005579,-0.012302
LH,0000920148-26-000131,2026-04-09T10:54:28.000Z,2026-04-10,0.8,0.012455,0.012465,-9e-06,0.022228,0.017735,0.004493,0.037366,0.03511,0.002256
LHX,0000202058-26-000066,2026-08-17T11:30:40.000Z,2026-08-18,0.103448,-0.008693,0.009224,-0.017917,-0.045825,0.007591,-0.053416,-0.062138,0.007786,-0.069923
LHX,0000202058-26-000054,2026-07-29T20:08:15.000Z,2026-07-30,-0.272727,0.018978,-0.00127,0.020248,0.049283,0.024323,0.02496,0.06484,0.016515,0.048325
LHX,0000202058-26-000047,2026-07-24T20:06:26.000Z,2026-07-27,0.0,0.005668,0.010683,-0.005015,-0.10406,0.000796,-0.104856,-0.084421,0.009844,-0.094265
LHX,0000202058-26-000037,2026-05-12T21:06:45.000Z,2026-05-13,-0.5,0.008822,0.004399,0.004423,0.020431,0.002292,0.018139,0.013839,0.007758,0.006081
LHX,0000202058-26-000032,2026-04-30T10:56:47.000Z,2026-05-01,-0.348837,-0.015158,-0.006355,-0.008802,-0.035645,0.009573,-0.045217,-0.043814,0.005579,-0.049393
LHX,0000202058-26-000024,2026-04-23T10:03:37.000Z,2026-04-24,-0.6875,0.009291,-0.001822,0.011113,0.012252,-0.008626,0.020878,-0.013039,0.002731,-0.01577
LII,0001069202-26-000091,2026-09-18T20:54:33.000Z,2026-09-21,-0.333333,0.02211,-9.4e-05,0.022204,0.011385,-0.013065,0.02445,0.013117,-0.015452,0.028569
LII,0001069202-26-000085,2026-07-29T10:51:31.000Z,2026-07-30,-0.107692,-0.003761,-0.00127,-0.002491,0.070164,0.024323,0.045841,0.04379,0.016515,0.027274
LII,0001069202-26-000076,2026-05-28T18:58:38.000Z,2026-05-29,-0.6,-0.010734,0.000853,-0.011587,0.026167,-0.000925,0.027092,0.012486,-0.001623,0.014109
LII,0001069202-26-000052,2026-04-29T10:52:46.000Z,2026-04-30,-0.171429,-0.016003,-0.002823,-0.01318,-0.023724,-0.00182,-0.021905,-0.01548,0.00129,-0.01677
LIN,0001654954-26-007052,2026-07-31T15:24:29.000Z,2026-08-03,0.076923,0.0087,0.01478,-0.00608,0.020085,0.007126,0.012959,0.024976,0.014267,0.010709
LIN,0001193125-26-325127,2026-07-30T18:07:52.000Z,2026-07-31,-0.777778,0.004348,0.010454,-0.006106,0.026485,0.023077,0.003408,0.024248,0.025049,-0.000801
LIN,0001193125-26-221558,2026-05-14T00:01:09.000Z,2026-05-15,-0.2,0.009385,0.007625,0.001761,0.001028,0.013274,-0.012246,0.022663,0.025519,-0.002856
LIN,0001654954-26-004202,2026-05-01T14:47:13.000Z,2026-05-04,0.358491,0.013656,0.007294,0.006362,0.000608,0.010479,-0.009871,0.021984,0.009716,0.012268
LITE,0001628280-26-055726,2026-08-12T00:24:11.000Z,2026-08-13,-0.339806,0.051942,0.000845,0.051097,-0.008064,-0.012715,0.00465,-0.001283,-0.011206,0.009923
LITE,0001628280-26-051078,2026-07-31T00:23:56.000Z,2026-08-03,0.333333,0.089218,0.01478,0.074437,0.074587,0.007126,0.067462,0.043109,0.014267,0.028842
LITE,0001193125-26-249535,2026-06-01T14:01:42.000Z,2026-06-02,-0.5,-0.088568,-0.004463,-0.084106,-0.160803,-0.004322,-0.156481,-0.201516,0.002786,-0.204302
LITE,0001628280-26-030530,2026-05-06T00:11:28.000Z,2026-05-07,-0.225,0.01257,0.00101,0.01156,0.111799,-0.001337,0.113136,0.122376,-0.001975,0.12435
LLY,0000059478-26-000077,2026-08-05T15:05:09.000Z,2026-08-06,-0.381818,-0.005227,0.00705,-0.012277,0.019363,0.009173,0.01019,0.014313,0.018773,-0.00446
LLY,0001193125-26-232707,2026-05-21T00:30:32.000Z,2026-05-22,-0.5,-0.000244,0.003283,-0.003527,0.058028,0.007078,0.05095,0.01615,0.009892,0.006259
LLY,0000059478-26-000048,2026-05-08T00:41:48.000Z,2026-05-11,-0.777778,0.023661,0.000149,0.023512,0.041066,-0.000834,0.041899,0.023579,-0.003038,0.026617
LLY,0000059478-26-000043,2026-04-30T15:03:30.000Z,2026-05-01,-0.327273,0.004775,-0.006355,0.011131,0.024623,0.009573,0.01505,-0.015446,0.005579,-0.021026
LMT,0001193125-26-371750,2026-08-27T23:31:09.000Z,2026-08-28,-0.826087,-0.004647,-0.006249,0.001602,-0.051454,-0.009969,-0.041485,-0.062642,-0.007081,-0.055561
LMT,0001628280-26-049277,2026-07-23T10:30:57.000Z,2026-07-24,-0.204545,-0.004463,0.007936,-0.012399,-0.023,0.01061,-0.03361,0.00024,0.007518,-0.007277
LMT,0000936468-26-000011,2026-05-12T22:19:30.000Z,2026-05-13,-0.666667,0.000904,0.004399,-0.003495,0.016098,0.002292,0.013806,0.005097,0.007758,-0.002662
LMT,0001628280-26-026683,2026-04-23T10:36:10.000Z,2026-04-24,-0.146341,-0.000195,-0.001822,0.001627,-0.007089,-0.008626,0.001537,-0.001324,0.002731,-0.004056
LNT,0001193125-26-360020,2026-08-21T12:45:22.000Z,2026-08-24,-0.5,-0.001169,-0.000988,-0.000181,-0.003069,-0.001771,-0.001298,-0.006431,-0.011446,0.005015
LNT,0000352541-26-000042,2026-07-30T22:02:45.000Z,2026-07-31,-0.378641,0.006923,0.010454,-0.003532,-0.008194,0.023077,-0.031271,-0.019921,0.025049,-0.04497
LNT,0000352541-26-000036,2026-05-21T21:05:15.000Z,2026-05-22,-0.6,-0.003651,0.003283,-0.006934,-0.02407,0.007078,-0.031149,-0.059229,0.009892,-0.069121
LNT,0000352541-26-000030,2026-04-30T22:23:14.000Z,2026-05-01,-0.386139,-0.005131,-0.006355,0.001224,-0.02363,0.009573,-0.033202,-0.031056,0.005579,-0.036635
LOW,0000060667-26-000119,2026-09-02T20:26:58.000Z,2026-09-03,0.333333,0.01263,-0.004067,0.016697,-0.016345,-0.022788,0.006444,-0.025161,-0.021878,-0.003283
LOW,0000060667-26-000113,2026-08-19T12:45:07.000Z,2026-08-20,0.0,-0.005751,0.005829,-0.011581,-0.012607,0.005715,-0.018322,-0.048771,0.004712,-0.053484
LOW,0000060667-26-000091,2026-06-02T20:48:35.000Z,2026-06-03,-0.75,-0.000578,0.009608,-0.010186,0.001541,-0.002579,0.00412,0.041127,-0.004746,0.045872
LOW,0000060667-26-000062,2026-05-20T12:45:10.000Z,2026-05-21,-0.0625,-0.010947,0.008498,-0.019445,-0.002622,0.011755,-0.014377,-0.014029,0.01736,-0.031389
LRCX,0000707549-26-000043,2026-08-27T21:20:05.000Z,2026-08-28,0.6,-0.001358,-0.006249,0.004891,-0.044982,-0.009969,-0.035013,0.019046,-0.007081,0.026127
LRCX,0000707549-26-000033,2026-07-29T20:07:10.000Z,2026-07-30,0.071429,-0.015787,-0.00127,-0.014517,0.067244,0.024323,0.042921,0.027039,0.016515,0.010523
LRCX,0000707549-26-000020,2026-04-22T20:09:16.000Z,2026-04-23,0.066667,0.035659,-0.001856,0.037515,-0.028349,-0.007985,-0.020364,-0.002707,0.003756,-0.006463
LULU,0001397187-26-000129,2026-09-15T00:15:47.000Z,2026-09-16,-0.25,0.035528,0.004965,0.030563,0.055428,0.005892,0.049536,0.065639,-0.00113,0.066768
LULU,0001397187-26-000126,2026-09-04T00:07:59.000Z,2026-09-08,-0.414634,-0.033627,-0.009463,-0.024164,-0.040895,-0.008403,-0.032492,-0.04671,-0.013609,-0.033101
LULU,0001397187-26-000120,2026-08-14T00:20:13.000Z,2026-08-17,-0.333333,0.028253,-0.004487,0.03274,-0.000432,-0.002847,0.002415,0.060826,0.00437,0.056456
LULU,0001397187-26-000088,2026-06-26T03:09:57.000Z,2026-06-29,-0.5,-0.000962,-0.001081,0.000119,0.036224,0.011239,0.024985,0.006825,0.011257,-0.004433
LULU,0001397187-26-000077,2026-06-05T00:09:31.000Z,2026-06-08,-0.365854,0.032412,0.009475,0.022936,0.036495,0.010944,0.025551,-0.011399,0.022442,-0.033841
LULU,0001213900-26-061531,2026-05-28T00:30:16.000Z,2026-05-29,0.348837,0.006937,0.000853,0.006084,-0.039259,-0.000925,-0.038334,-0.129212,-0.001623,-0.127589
LULU,0001213900-26-048264,2026-04-28T15:51:22.000Z,2026-04-29,0.714286,-0.00333,0.014595,-0.017924,-0.066445,0.005321,-0.071766,-0.044297,0.021751,-0.066047
LULU,0001397187-26-000070,2026-04-23T00:18:12.000Z,2026-04-24,0.574468,0.021836,-0.001822,0.023658,-0.039221,-0.008626,-0.030595,-0.071071,0.002731,-0.073802
LUV,0000092380-26-000098,2026-08-13T00:06:35.000Z,2026-08-14,-0.5,-0.02056,-0.00889,-0.01167,-0.064166,-0.004365,-0.059801,-0.087664,-0.005973,-0.081691
LUV,0000092380-26-000093,2026-08-11T00:05:06.000Z,2026-08-12,0.333333,-0.002446,0.007478,-0.009924,-0.036238,-0.000758,-0.03548,-0.079146,0.003727,-0.082873
LUV,0001193125-26-340284,2026-08-08T00:15:36.000Z,2026-08-10,0.5,0.013808,0.002101,0.011708,-0.000668,0.011707,-0.012376,-0.034521,0.003686,-0.038207
LUV,0000092380-26-000074,2026-07-23T00:05:41.000Z,2026-07-24,-0.2,0.006655,0.007936,-0.001281,-0.015528,0.01061,-0.026138,-0.00244,0.007518,-0.009958
LUV,0001193125-26-230895,2026-05-20T00:30:55.000Z,2026-05-21,-0.111111,0.001962,0.008498,-0.006536,0.071113,0.011755,0.059358,0.053212,0.01736,0.035852
LUV,0000092380-26-000050,2026-05-12T00:24:00.000Z,2026-05-13,-0.6,-0.00203,0.004399,-0.006429,-0.026643,0.002292,-0.028935,0.007359,0.007758,-0.0004
LUV,0000092380-26-000044,2026-04-23T00:19:14.000Z,2026-04-24,-0.156863,-0.031686,-0.001822,-0.029864,-0.056527,-0.008626,-0.047901,-0.017491,0.002731,-0.020222
LVS,0001300514-26-000078,2026-07-22T20:09:10.000Z,2026-07-23,0.260504,0.001086,0.007986,-0.006899,0.04823,0.028046,0.020183,0.083424,0.017456,0.065967
LVS,0001300514-26-000073,2026-05-18T20:04:43.000Z,2026-05-19,-0.5,-0.00601,0.011418,-0.017427,-0.009816,0.023837,-0.033652,0.022837,0.027674,-0.004837
LVS,0001300514-26-000070,2026-05-13T20:09:58.000Z,2026-05-14,-0.6,0.010069,-0.009867,0.019936,-0.014413,-0.007509,-0.006903,-0.023692,0.006807,-0.030499
LVS,0001300514-26-000062,2026-05-05T21:20:11.000Z,2026-05-06,-0.333333,0.010522,-0.005314,0.015836,-0.021608,-0.006743,-0.014865,-0.035701,-0.011773,-0.023928
LVS,0001300514-26-000039,2026-04-22T20:07:21.000Z,2026-04-23,0.258621,0.016554,-0.001856,0.018411,0.044466,-0.007985,0.052451,0.051203,0.003756,0.047447
LYB,0001489393-26-000057,2026-07-31T10:31:44.000Z,2026-08-03,-0.160714,0.008083,0.01478,-0.006697,0.013527,0.007126,0.006401,0.033487,0.014267,0.01922
LYB,0001489393-26-000050,2026-05-29T20:15:19.000Z,2026-06-01,0.0,0.002532,0.002888,-0.000356,-0.014299,0.008009,-0.022308,-0.040363,-0.004428,-0.035936
LYB,0001489393-26-000034,2026-05-22T20:05:39.000Z,2026-05-26,-0.888889,-0.019418,-0.000163,-0.019254,-0.034198,0.005025,-0.039223,-0.014431,0.008845,-0.023276
LYB,0001489393-26-000025,2026-05-01T10:31:38.000Z,2026-05-04,-0.190909,0.02262,0.007294,0.015326,-0.059574,0.010479,-0.070053,-0.033009,0.009716,-0.042725
LYV,0001335258-26-000041,2026-10-02T21:05:42.000Z,2026-10-05,-0.081081,0.006621,0.006354,0.000267,0.003926,0.005411,-0.001486,,,
LYV,0001335258-26-000038,2026-09-25T21:01:29.000Z,2026-09-28,0.2,-0.004654,-0.001568,-0.003087,-0.029321,-0.00347,-0.025851,-0.007098,0.005345,-0.012442
LYV,0001335258-26-000034,2026-07-30T20:20:07.000Z,2026-07-31,-0.285714,0.043416,0.010454,0.032961,0.053925,0.023077,0.030848,0.037501,0.025049,0.012451
LYV,0001335258-26-000025,2026-06-12T20:31:32.000Z,2026-06-15,-0.6,-0.009952,-0.000583,-0.009369,-0.026216,-0.013772,-0.012443,-0.041228,-0.015953,-0.025275
LYV,0001335258-26-000023,2026-05-08T21:04:34.000Z,2026-05-11,-0.6,0.01638,0.000149,0.016232,0.042883,-0.000834,0.043717,0.027546,-0.003038,0.030584
LYV,0001335258-26-000018,2026-05-05T20:16:22.000Z,2026-05-06,-0.341772,-0.012335,-0.005314,-0.007021,-0.028721,-0.006743,-0.021978,0.003814,-0.011773,0.015587
MA,0001141391-26-000081,2026-07-30T16:07:03.000Z,2026-07-31,-0.203252,-0.003717,0.010454,-0.014171,-0.004572,0.023077,-0.027649,-0.017711,0.025049,-0.04276
MA,0001141391-26-000041,2026-06-18T00:04:44.000Z,2026-06-22,-0.714286,0.008222,-0.00224,0.010461,0.009978,0.01021,-0.000233,0.052779,0.017182,0.035598
MA,0001193125-26-261669,2026-06-09T00:02:24.000Z,2026-06-10,-0.333333,-0.005255,0.014297,-0.019551,0.00319,0.026342,-0.023152,0.007995,0.008259,-0.000264
MA,0001141391-26-000037,2026-06-03T00:15:00.000Z,2026-06-04,0.727273,0.019346,-0.009468,0.028813,0.027981,-0.002575,0.030555,0.00986,-0.001107,0.010966
MA,0001141391-26-000034,2026-05-08T00:17:31.000Z,2026-05-11,0.666667,0.004018,0.000149,0.003869,-0.015809,-0.000834,-0.014976,0.01603,-0.003038,0.019068
MA,0001141391-26-000029,2026-04-30T16:03:33.000Z,2026-05-01,-0.294118,0.01873,-0.006355,0.025085,-0.007205,0.009573,-0.016778,4e-05,0.005579,-0.005539
MAA,0001193125-26-386623,2026-09-10T01:17:22.000Z,2026-09-11,0.357377,0.006491,0.00012,0.006371,-0.023159,-0.013321,-0.009838,-0.046959,-0.013001,-0.033958
MAA,0001193125-26-372238,2026-08-28T15:30:15.000Z,2026-08-31,-0.111111,0.003958,-0.008009,0.011968,-0.002251,0.003345,-0.005596,-0.007451,-0.010337,0.002887
MAA,0001193125-26-332847,2026-08-05T00:15:30.000Z,2026-08-06,0.356401,0.009953,0.00705,0.002903,-0.014144,0.009173,-0.023317,0.004265,0.018773,-0.014507
MAA,0001193125-26-324880,2026-07-30T15:12:10.000Z,2026-07-31,0.0,0.008539,0.010454,-0.001916,0.016775,0.023077,-0.006302,0.019798,0.025049,-0.005252
MAA,0001193125-26-323756,2026-07-30T00:15:19.000Z,2026-07-31,0.306358,0.008539,0.010454,-0.001916,0.016775,0.023077,-0.006302,0.019798,0.025049,-0.005252
MAA,0001193125-26-282807,2026-06-26T00:15:18.000Z,2026-06-29,-0.684211,-0.012158,-0.001081,-0.011077,0.010949,0.011239,-0.00029,0.007537,0.011257,-0.003721
MAA,0001193125-26-251471,2026-06-02T00:20:04.000Z,2026-06-03,0.400722,0.032669,0.009608,0.023061,0.034782,-0.002579,0.037361,0.054625,-0.004746,0.059371
MAA,0001193125-26-232618,2026-05-21T00:15:17.000Z,2026-05-22,-0.6,-0.004575,0.003283,-0.007858,-0.00244,0.007078,-0.009518,-0.022953,0.009892,-0.032844
MAA,0001193125-26-204026,2026-05-05T00:15:33.000Z,2026-05-06,0.378486,0.00046,-0.005314,0.005774,-0.004451,-0.006743,0.002292,-0.007368,-0.011773,0.004406
MAA,0001193125-26-191620,2026-04-30T00:15:20.000Z,2026-05-01,0.365854,0.003889,-0.006355,0.010245,0.013535,0.009573,0.003962,0.005834,0.005579,0.000254
MAR,0001193125-26-401051,2026-09-24T20:15:30.000Z,2026-09-25,-0.666667,0.018578,-0.006655,0.025233,0.01034,-0.0153,0.02564,0.019686,-0.007354,0.027039
MAR,0001193125-26-349395,2026-08-13T20:39:39.000Z,2026-08-14,-0.333333,-0.00042,-0.00889,0.00847,0.009055,-0.004365,0.01342,0.001105,-0.005973,0.007078
MAR,0001048286-26-000033,2026-08-03T11:00:14.000Z,2026-08-04,-0.234568,0.046669,-0.002081,0.04875,0.025232,0.000165,0.025067,0.012428,0.001963,0.010464
MAR,0001193125-26-220804,2026-05-13T14:00:06.000Z,2026-05-14,-0.6,-0.000849,-0.009867,0.009018,0.014768,-0.007509,0.022277,0.048349,0.006807,0.041542
MAR,0001048286-26-000012,2026-05-06T11:00:24.000Z,2026-05-07,-0.236111,0.00321,0.00101,0.0022,-0.00517,-0.001337,-0.003833,0.004034,-0.001975,0.006008
MAS,0000062996-26-000026,2026-07-29T11:01:48.000Z,2026-07-30,-0.105263,-0.008737,-0.00127,-0.007467,0.068923,0.024323,0.044599,0.046595,0.016515,0.03008
MAS,0000062996-26-000016,2026-05-14T20:17:22.000Z,2026-05-15,-0.411765,0.005987,0.007625,-0.001637,0.023642,0.013274,0.010368,0.037489,0.025519,0.01197
MAS,0000062996-26-000013,2026-04-22T11:01:13.000Z,2026-04-23,-0.032258,-0.01618,-0.001856,-0.014324,-0.014058,-0.007985,-0.006073,-0.04748,0.003756,-0.051236
MAS,0001213900-26-045890,2026-04-21T12:30:24.000Z,2026-04-22,-0.142857,0.01947,-0.000628,0.020098,0.003786,-0.00455,0.008335,-0.036506,-0.011083,-0.025423
MCD,0000063908-26-000076,2026-09-23T12:01:21.000Z,2026-09-24,0.84127,-0.002194,0.004146,-0.00634,-0.012826,-0.004126,-0.0087,-0.021897,-0.006119,-0.015778
MCD,0000063908-26-000069,2026-08-04T11:44:19.000Z,2026-08-05,0.777778,0.008248,-0.005057,0.013305,-0.001022,0.00197,-0.002992,0.006204,0.006071,0.000133
MCD,0000063908-26-000067,2026-08-04T11:01:40.000Z,2026-08-05,-0.379032,0.008248,-0.005057,0.013305,-0.001022,0.00197,-0.002992,0.006204,0.006071,0.000133
MCD,0000063908-26-000055,2026-05-22T14:34:58.000Z,2026-05-26,-0.714286,0.005944,-0.000163,0.006107,-0.000215,0.005025,-0.00524,-0.003673,0.008845,-0.012518
MCD,0000063908-26-000048,2026-05-07T11:01:19.000Z,2026-05-08,-0.389691,-0.00417,-0.002433,-0.001737,-0.000181,-0.007545,0.007364,0.002321,-0.013152,0.015473
MCHP,0000827054-26-000042,2026-08-19T22:57:09.000Z,2026-08-20,-0.8,0.003562,0.005829,-0.002268,-0.024638,0.005715,-0.030353,0.00177,0.004712,-0.002942
MCHP,0000827054-26-000037,2026-08-07T00:17:56.000Z,2026-08-10,-0.022222,-0.004546,0.002101,-0.006647,-0.04546,0.011707,-0.057168,-0.013884,0.003686,-0.017569
MCHP,0000827054-26-000031,2026-07-25T00:16:56.000Z,2026-07-27,0.0,-0.028113,0.010683,-0.038796,-0.037099,0.000796,-0.037895,-0.034403,0.009844,-0.044247
MCHP,0000827054-26-000020,2026-06-02T00:18:43.000Z,2026-06-03,0.75,-0.002589,0.009608,-0.012198,-0.053651,-0.002579,-0.051072,-0.089487,-0.004746,-0.084742
MCHP,0000827054-26-000012,2026-05-08T00:19:46.000Z,2026-05-11,-0.157895,-0.01343,0.000149,-0.013579,-0.020095,-0.000834,-0.019261,-0.063314,-0.003038,-0.060276
MCK,0000927653-26-000253,2026-10-06T16:03:53.000Z,2026-10-07,-0.157895,0.021882,0.006856,0.015026,,,,,,
MCK,0000927653-26-000247,2026-08-29T00:05:30.000Z,2026-08-31,-0.75,0.025317,-0.008009,0.033327,0.041837,0.003345,0.038492,0.00536,-0.010337,0.015697
MCK,0000927653-26-000232,2026-08-06T00:06:03.000Z,2026-08-07,0.0,0.011833,0.000179,0.011655,0.010522,0.004379,0.006144,-0.000667,0.012525,-0.013192
MCK,0000927653-26-000215,2026-07-25T00:10:19.000Z,2026-07-27,-0.75,0.046397,0.010683,0.035714,0.018175,0.000796,0.017379,-0.026963,0.009844,-0.036807
MCK,0000927653-26-000185,2026-07-01T16:02:50.000Z,2026-07-02,0.333333,-0.002633,0.000325,-0.002957,0.041155,-0.011237,0.052391,0.025003,-0.001412,0.026415
MCK,0000927653-26-000167,2026-06-12T16:05:33.000Z,2026-06-15,-0.333333,0.007246,-0.000583,0.007829,-0.037382,-0.013772,-0.02361,-0.020352,-0.015953,-0.004399
MCK,0000927653-26-000066,2026-05-08T00:07:24.000Z,2026-05-11,0.0,0.013128,0.000149,0.012979,0.03042,-0.000834,0.031254,0.070053,-0.003038,0.073091
MCK,0000927653-26-000053,2026-04-28T16:21:51.000Z,2026-04-29,-0.076923,-0.009032,0.014595,-0.023627,-0.017967,0.005321,-0.023288,-0.095985,0.021751,-0.117736
MCO,0001059556-26-000038,2026-08-13T00:20:05.000Z,2026-08-14,0.764706,-0.016063,-0.00889,-0.007173,0.024889,-0.004365,0.029254,0.037859,-0.005973,0.043831
MCO,0001628280-26-049104,2026-07-22T14:59:12.000Z,2026-07-23,-0.494253,-0.001567,0.007986,-0.009552,0.025326,0.028046,-0.00272,0.021218,0.017456,0.003762
MCO,0001628280-26-026383,2026-04-22T14:59:06.000Z,2026-04-23,-0.56,0.008179,-0.001856,0.010036,0.012468,-0.007985,0.020453,0.021001,0.003756,0.017246
MCO,0001059556-26-000031,2026-04-17T00:36:10.000Z,2026-04-20,-0.6,-0.000696,-0.006155,0.005459,-0.016438,-0.006962,-0.009476,0.001805,-0.010689,0.012494
MCO,0001059556-26-000028,2026-04-15T16:14:27.000Z,2026-04-16,0.913043,0.015454,0.012363,0.003091,0.02491,0.008954,0.015956,0.008764,0.008043,0.000721
MDLZ,0001628280-26-050157,2026-07-28T20:09:14.000Z,2026-07-29,-0.261682,-0.029389,0.000251,-0.02964,-0.050162,0.009992,-0.060154,-0.036775,0.022839,-0.059614
MDLZ,0001628280-26-044384,2026-06-18T20:45:31.000Z,2026-06-22,0.2,0.026046,-0.00224,0.028286,0.028399,0.01021,0.018188,0.010755,0.017182,-0.006427
MDLZ,0001628280-26-038064,2026-05-26T20:04:36.000Z,2026-05-27,-0.714286,0.002249,0.004229,-0.00198,-0.019277,0.00651,-0.025788,-0.0151,0.004171,-0.019271
MDLZ,0001628280-26-027915,2026-04-28T20:07:35.000Z,2026-04-29,-0.309278,0.006553,0.014595,-0.008042,0.00557,0.005321,0.000249,0.013598,0.021751,-0.008153
MDT,0001628280-26-062505,2026-09-18T00:19:27.000Z,2026-09-21,-0.333333,-0.010681,-9.4e-05,-0.010587,-0.035313,-0.013065,-0.022248,-0.016523,-0.015452,-0.001071
MDT,0001628280-26-059697,2026-09-01T14:47:19.000Z,2026-09-02,-0.209877,0.00998,0.0072,0.00278,0.002278,-0.006517,0.008795,-0.006075,-0.022942,0.016867
MDT,0001628280-26-040034,2026-06-03T14:47:08.000Z,2026-06-04,-0.165217,-0.003174,-0.009468,0.006294,0.00061,-0.002575,0.003185,-0.019529,-0.001107,-0.018422
MDT,0001628280-26-035959,2026-05-19T00:30:33.000Z,2026-05-20,0.333333,0.0,0.003571,-0.003571,-0.007038,0.015625,-0.022663,-0.033013,0.019547,-0.05256
MDT,0001628280-26-027272,2026-04-25T01:45:33.000Z,2026-04-27,-0.761905,-0.012301,-0.004228,-0.008073,-0.023517,0.007371,-0.030888,-0.055716,-0.00166,-0.054057
MET,0001099219-26-000055,2026-09-25T00:06:25.000Z,2026-09-28,0.0,-0.00647,-0.001568,-0.004903,-0.015341,-0.00347,-0.011871,0.011062,0.005345,0.005718
MET,0001099219-26-000052,2026-08-18T00:30:24.000Z,2026-08-19,-0.384615,-0.017348,-0.006906,-0.010442,0.011566,-0.000244,0.011809,0.014825,0.000727,0.014098
MET,0001099219-26-000048,2026-08-06T00:31:29.000Z,2026-08-07,-0.237009,-0.007569,0.000179,-0.007747,-0.011353,0.004379,-0.015732,-0.001125,0.012525,-0.01365
MET,0001099219-26-000045,2026-06-29T14:27:03.000Z,2026-06-30,0.0,0.030611,0.003828,0.026783,0.069141,0.012815,0.056326,0.064886,0.001315,0.063571
MET,0001099219-26-000041,2026-06-23T00:21:59.000Z,2026-06-24,-0.6,0.000355,0.005557,-0.005203,0.01643,0.011861,0.004569,0.030733,0.0144,0.016333
MET,0001099219-26-000037,2026-05-16T00:18:47.000Z,2026-05-18,-0.272727,-0.004176,-0.005561,0.001385,0.035499,0.009336,0.026163,0.022847,0.021677,0.00117
MET,0001099219-26-000032,2026-05-07T00:31:49.000Z,2026-05-08,-0.246452,-0.001281,-0.002433,0.001153,0.007663,-0.007545,0.015208,0.029602,-0.013152,0.042754
META,0001628280-26-050596,2026-07-30T00:03:23.000Z,2026-07-31,-0.2,0.060229,0.010454,0.049774,0.057588,0.023077,0.034511,0.06357,0.025049,0.03852
META,0001628280-26-039193,2026-05-30T00:16:13.000Z,2026-06-01,-0.555556,-0.00473,0.002888,-0.007618,0.045131,0.008009,0.037122,-0.025114,-0.004428,-0.020686
META,0001193125-26-204128,2026-05-05T00:36:02.000Z,2026-05-06,-0.5,0.006412,-0.005314,0.011726,-0.022876,-0.006743,-0.016132,0.006119,-0.011773,0.017892
META,0001628280-26-028364,2026-04-30T00:05:41.000Z,2026-05-01,-0.052632,0.002727,-0.006355,0.009082,0.006784,0.009573,-0.002788,0.001446,0.005579,-0.004134
META,0001628280-26-025108,2026-04-15T01:01:31.000Z,2026-04-16,0.0,0.017256,0.012363,0.004892,-0.011863,0.008954,-0.020817,-0.026179,0.008043,-0.034223
MGM,0000789570-26-000075,2026-07-30T00:15:31.000Z,2026-07-31,0.054545,-0.001571,0.010454,-0.012025,-0.001346,0.023077,-0.024423,-0.002244,0.025049,-0.027293
MGM,0001193125-26-224106,2026-05-15T00:19:51.000Z,2026-05-18,-0.894737,-0.028849,-0.005561,-0.023288,0.015368,0.009336,0.006032,0.036668,0.021677,0.014991
MGM,0000789570-26-000037,2026-05-09T00:15:28.000Z,2026-05-11,-0.666667,-0.010724,0.000149,-0.010872,-0.013137,-0.000834,-0.012303,-0.00563,-0.003038,-0.002592
MGM,0000789570-26-000034,2026-04-30T00:15:19.000Z,2026-05-01,0.037037,-0.006753,-0.006355,-0.000398,-0.007532,0.009573,-0.017105,0.007532,0.005579,0.001953
MKC,0000063754-26-000326,2026-10-01T15:31:11.000Z,2026-10-02,0.071429,0.019476,0.006073,0.013403,0.012984,0.004875,0.008109,0.010746,0.015319,-0.004574
MKC,0000063754-26-000322,2026-09-29T00:38:05.000Z,2026-09-30,-0.428571,-0.048707,0.005201,-0.053908,-0.018535,0.014107,-0.032641,-0.024785,0.012976,-0.03776
MKC,0000063754-26-000305,2026-08-29T00:16:15.000Z,2026-08-31,-0.166667,0.000738,-0.008009,0.008747,-0.030247,0.003345,-0.033592,-0.042789,-0.010337,-0.032451
MKC,0000063754-26-000270,2026-06-25T15:24:39.000Z,2026-06-26,0.111111,0.019785,0.001142,0.018643,0.036435,0.003695,0.03274,0.023491,0.012349,0.011142
MKC,0000063754-26-000232,2026-05-27T00:16:51.000Z,2026-05-28,0.75,0.011531,0.000698,0.010833,-0.014521,0.004586,-0.019106,-0.004484,0.009156,-0.01364
MKC,0001999371-26-009633,2026-05-01T16:30:32.000Z,2026-05-04,-0.733333,0.009788,0.007294,0.002494,-0.002499,0.010479,-0.012978,-0.019783,0.009716,-0.029499
MKC,0000063754-26-000212,2026-04-17T21:44:07.000Z,2026-04-20,0.666667,-0.016462,-0.006155,-0.010307,-0.018165,-0.006962,-0.011203,-0.046358,-0.010689,-0.035668
MLM,0000950157-26-001024,2026-09-16T20:11:22.000Z,2026-09-17,0.0,-0.007685,-0.004282,-0.003403,0.00991,0.000835,0.009076,-0.029002,-0.012073,-0.016929
MLM,0000950157-26-000946,2026-08-24T11:33:53.000Z,2026-08-25,-0.163636,0.000828,0.002192,-0.001364,-0.001298,-0.00427,0.002973,-0.048898,-0.018417,-0.030481
MLM,0000950157-26-000922,2026-08-18T21:00:23.000Z,2026-08-19,-0.428571,-0.019159,-0.006906,-0.012252,-0.004519,-0.000244,-0.004275,-0.006256,0.000727,-0.006983
MLM,0001193125-26-352270,2026-08-14T20:13:38.000Z,2026-08-17,-0.578947,-0.029425,-0.004487,-0.024938,-0.024858,-0.002847,-0.022011,-0.010303,0.00437,-0.014673
MLM,0001193125-26-346914,2026-08-12T20:19:50.000Z,2026-08-13,-0.411765,0.005819,0.000845,0.004974,-0.040293,-0.012715,-0.027578,-0.035777,-0.011206,-0.024571
MLM,0001193125-26-341412,2026-08-10T13:08:14.000Z,2026-08-11,-0.078695,-0.017646,0.002433,-0.020079,-0.010367,0.010429,-0.020796,-0.055737,-0.003447,-0.05229
MLM,0000950157-26-000850,2026-08-05T21:14:19.000Z,2026-08-06,-0.375,0.019116,0.00705,0.012067,0.028591,0.009173,0.019418,0.012038,0.018773,-0.006734
MLM,0000950157-26-000837,2026-08-04T20:52:46.000Z,2026-08-05,-0.111111,-0.027269,-0.005057,-0.022212,-0.006921,0.00197,-0.008892,-0.017113,0.006071,-0.023185
MLM,0001193125-26-324863,2026-07-30T11:03:27.000Z,2026-07-31,-0.417722,0.03262,0.010454,0.022166,0.053757,0.023077,0.03068,0.044617,0.025049,0.019567
MLM,0000950157-26-000802,2026-07-15T20:09:13.000Z,2026-07-16,-0.4,-0.024856,-0.007527,-0.017329,-0.051306,-0.009631,-0.041675,-0.052103,-0.013539,-0.038564
MLM,0000950157-26-000770,2026-06-29T21:27:36.000Z,2026-06-30,-0.662338,0.004404,0.003828,0.000577,0.049592,0.012815,0.036778,-0.011618,0.001315,-0.012933
MLM,0000950157-26-000758,2026-06-29T11:43:18.000Z,2026-06-30,-0.11811,0.004404,0.003828,0.000577,0.049592,0.012815,0.036778,-0.011618,0.001315,-0.012933
MLM,0001193125-26-224306,2026-05-14T21:07:51.000Z,2026-05-15,-0.818182,-0.005155,0.007625,-0.01278,-0.029857,0.013274,-0.043131,-0.039702,0.025519,-0.065221
MLM,0001193125-26-193931,2026-04-30T11:02:01.000Z,2026-05-01,-0.542857,-0.018226,-0.006355,-0.011871,0.001611,0.009573,-0.007962,-0.039236,0.005579,-0.044815
MLM,0000950157-26-000549,2026-04-27T20:17:13.000Z,2026-04-28,0.65,-0.001938,-0.002693,0.000755,0.000733,0.008924,-0.008191,-0.012931,0.010188,-0.023119
MMM,0001104659-26-106710,2026-09-10T20:10:21.000Z,2026-09-11,-0.6,-0.017882,0.00012,-0.018002,-0.014063,-0.013321,-0.000742,0.005577,-0.013001,0.018578
MMM,0000066740-26-000268,2026-08-19T12:03:05.000Z,2026-08-20,0.238095,0.004885,0.005829,-0.000944,0.011596,0.005715,0.005881,0.008551,0.004712,0.003839
MMM,0000066740-26-000242,2026-07-21T10:34:07.000Z,2026-07-22,-0.44,-0.006852,-0.003956,-0.002896,0.043746,0.012083,0.031663,0.042106,0.0153,0.026805
MMM,0000066740-26-000229,2026-06-08T15:02:11.000Z,2026-06-09,0.5,0.002941,-0.012293,0.015234,0.012341,0.009342,0.002999,0.033506,0.011449,0.022057
MMM,0000066740-26-000221,2026-05-13T21:22:05.000Z,2026-05-14,-0.5,0.00758,-0.009867,0.017447,0.029217,-0.007509,0.036727,0.044653,0.006807,0.037846
MMM,0000066740-26-000188,2026-05-06T12:01:28.000Z,2026-05-07,-0.166667,-0.0032,0.00101,-0.00421,-0.003756,-0.001337,-0.00242,0.00953,-0.001975,0.011505
MMM,0000066740-26-000171,2026-04-21T10:34:26.000Z,2026-04-22,-0.375,-0.006448,-0.000628,-0.00582,-6.9e-05,-0.00455,0.004481,-0.013102,-0.011083,-0.002019
MNST,0001104659-26-110965,2026-09-25T20:05:38.000Z,2026-09-28,0.428571,-0.002867,-0.001568,-0.001299,0.006689,-0.00347,0.010159,0.039417,0.005345,0.034072
MNST,0001104659-26-105498,2026-09-04T20:05:40.000Z,2026-09-08,0.0,-0.007184,-0.009463,0.002279,0.005794,-0.008403,0.014197,0.034299,-0.013609,0.047907
MNST,0001104659-26-092046,2026-08-06T20:23:16.000Z,2026-08-07,-0.321429,0.011842,0.000179,0.011663,0.017707,0.004379,0.013328,0.036299,0.012525,0.023774
MNST,0001104659-26-081842,2026-07-08T21:09:42.000Z,2026-07-09,-0.621622,0.0087,0.003672,0.005028,0.015122,-0.000594,0.015716,0.035111,0.008105,0.027006
MNST,0001104659-26-070506,2026-06-04T20:05:41.000Z,2026-06-05,-0.2,-0.01206,-0.002379,-0.009681,0.018537,-0.005524,0.024061,0.036628,0.016479,0.020149
MNST,0001104659-26-062567,2026-05-15T20:16:32.000Z,2026-05-18,-0.666667,-0.024735,-0.005561,-0.019173,-0.025073,0.009336,-0.034409,-0.01265,0.021677,-0.034327
MNST,0001104659-26-057188,2026-05-07T20:26:23.000Z,2026-05-08,-0.428571,0.001391,-0.002433,0.003824,-0.004172,-0.007545,0.003374,0.009271,-0.013152,0.022423
MO,0000764180-26-000098,2026-08-28T11:11:02.000Z,2026-08-31,0.888889,0.015917,-0.008009,0.023926,0.014749,0.003345,0.011404,-0.004527,-0.010337,0.00581
MO,0000764180-26-000093,2026-07-30T11:06:45.000Z,2026-07-31,-0.433962,-0.001024,0.010454,-0.011479,0.00161,0.023077,-0.021467,0.000293,0.025049,-0.024757
MO,0000764180-26-000073,2026-05-18T20:42:27.000Z,2026-05-19,-0.142857,-0.009054,0.011418,-0.020472,-0.001351,0.023837,-0.025188,-0.025541,0.027674,-0.053214
MO,0000764180-26-000056,2026-04-30T11:05:48.000Z,2026-05-01,-0.478261,-0.015292,-0.006355,-0.008936,-0.058753,0.009573,-0.068325,-0.086251,0.005579,-0.09183
MOS,0001285785-26-000125,2026-09-24T23:04:12.000Z,2026-09-25,0.375,-0.033029,-0.006655,-0.026374,-0.059105,-0.0153,-0.043805,-0.084311,-0.007354,-0.076958
MOS,0001285785-26-000122,2026-08-28T20:09:00.000Z,2026-08-31,0.111111,0.027363,-0.008009,0.035373,0.056799,0.003345,0.053454,0.099917,-0.010337,0.110254
MOS,0001193125-26-354095,2026-08-17T20:18:22.000Z,2026-08-18,-0.5,0.051561,0.009224,0.042337,0.154683,0.007591,0.147092,0.148061,0.007786,0.140275
MOS,0001193125-26-353193,2026-08-17T10:38:21.000Z,2026-08-18,0.4,0.051561,0.009224,0.042337,0.154683,0.007591,0.147092,0.148061,0.007786,0.140275
MOS,0001193125-26-352365,2026-08-14T20:25:42.000Z,2026-08-17,0.058824,-0.004239,-0.004487,0.000248,0.099859,-0.002847,0.102705,0.130476,0.00437,0.126106
MOS,0001193125-26-341391,2026-08-10T12:50:07.000Z,2026-08-11,0.2,-0.021645,0.002433,-0.024078,-0.064502,0.010429,-0.074931,-0.084849,-0.003447,-0.081401
MOS,0001285785-26-000109,2026-08-04T20:26:33.000Z,2026-08-05,-0.373563,0.002136,-0.005057,0.007192,0.002563,0.00197,0.000593,-0.034601,0.006071,-0.040672
MOS,0001285785-26-000093,2026-06-15T16:34:04.000Z,2026-06-16,-0.333333,0.037805,-0.016485,0.05429,0.014292,-0.012246,0.026538,-0.038267,-0.008325,-0.029942
MOS,0001285785-26-000069,2026-05-29T18:18:39.000Z,2026-06-01,-0.6,-0.001286,0.002888,-0.004174,-0.018431,0.008009,-0.02644,-0.083583,-0.004428,-0.079156
MOS,0001285785-26-000063,2026-05-11T14:44:00.000Z,2026-05-12,-0.331378,0.017419,-0.005352,0.022771,-0.028138,-0.010937,-0.017201,-0.044216,-0.008793,-0.035423
MPC,0001510295-26-000060,2026-08-04T10:49:20.000Z,2026-08-05,0.111111,0.005038,-0.005057,0.010094,0.075802,0.00197,0.073831,0.169605,0.006071,0.163534
MPC,0001510295-26-000055,2026-06-29T13:19:17.000Z,2026-06-30,0.0,0.035984,0.003828,0.032156,0.052098,0.012815,0.039284,0.097821,0.001315,0.096506
MPC,0001510295-26-000039,2026-05-05T10:48:50.000Z,2026-05-06,-0.095238,-0.014322,-0.005314,-0.009008,0.02726,-0.006743,0.034003,0.013467,-0.011773,0.025241
MPC,0001510295-26-000033,2026-05-01T20:26:20.000Z,2026-05-04,-0.833333,0.03156,0.007294,0.024266,-0.040706,0.010479,-0.051186,-0.000238,0.009716,-0.009953
MPC,0001510295-26-000029,2026-04-13T20:46:04.000Z,2026-04-14,-0.545455,-0.004019,0.000612,-0.004631,-0.045729,0.017606,-0.063335,-0.015987,0.014425,-0.030412
MPWR,0001628280-26-061318,2026-09-10T20:01:44.000Z,2026-09-11,0.058824,-0.073895,0.00012,-0.074015,-0.070355,-0.013321,-0.057034,-0.013496,-0.013001,-0.000495
MPWR,0001628280-26-051029,2026-07-30T20:01:11.000Z,2026-07-31,-0.016393,-0.057264,0.010454,-0.067718,-0.0565,0.023077,-0.079577,-0.017174,0.025049,-0.042223
MPWR,0001628280-26-042820,2026-06-12T20:01:53.000Z,2026-06-15,-0.1,-0.092913,-0.000583,-0.09233,-0.053617,-0.013772,-0.039844,-0.138311,-0.015953,-0.122358
MPWR,0001437749-26-014182,2026-04-30T20:01:11.000Z,2026-05-01,-0.016393,-0.006429,-0.006355,-7.3e-05,0.043493,0.009573,0.03392,0.010963,0.005579,0.005384
MRK,0001104659-26-090045,2026-08-04T10:47:58.000Z,2026-08-05,-0.065502,0.000312,-0.005057,0.005368,0.020182,0.00197,0.018212,0.035767,0.006071,0.029696
MRK,0001104659-26-067509,2026-05-28T20:15:25.000Z,2026-05-29,-0.75,-0.029902,0.000853,-0.030756,-0.033861,-0.000925,-0.032936,0.017436,-0.001623,0.019059
MRK,0001628280-26-037738,2026-05-22T20:21:18.000Z,2026-05-26,0.0,0.004343,-0.000163,0.004507,-0.008353,0.005025,-0.013377,-0.033996,0.008845,-0.042841
MRK,0001104659-26-052081,2026-04-30T10:53:18.000Z,2026-05-01,-0.155963,0.00847,-0.006355,0.014825,0.012482,0.009573,0.002909,-0.006954,0.005579,-0.012534
MRNA,0001193125-26-408289,2026-09-30T15:15:20.000Z,2026-10-01,0.666667,0.005663,0.00285,0.002813,-0.007833,0.015368,-0.023202,0.042659,0.014306,0.028353
MRNA,0001193125-26-378505,2026-09-02T00:37:04.000Z,2026-09-03,-0.746479,-0.022301,-0.004067,-0.018235,-0.089071,-0.022788,-0.066283,-0.032915,-0.021878,-0.011037
MRNA,0001682852-26-000147,2026-07-31T15:03:47.000Z,2026-08-03,0.058824,0.033551,0.01478,0.018771,-0.023214,0.007126,-0.03034,0.084694,0.014267,0.070427
MRNA,0001682852-26-000134,2026-07-08T15:08:16.000Z,2026-07-09,0.416667,-0.108281,0.003672,-0.111954,-0.119122,-0.000594,-0.118528,-0.175157,0.008105,-0.183262
MRNA,0001682852-26-000101,2026-05-11T14:06:18.000Z,2026-05-12,-0.5,-0.053501,-0.005352,-0.048149,-0.079407,-0.010937,-0.06847,-0.141731,-0.008793,-0.132938
MRNA,0001682852-26-000057,2026-05-01T14:32:54.000Z,2026-05-04,-0.358491,-0.012474,0.007294,-0.019767,0.026216,0.010479,0.015736,0.11797,0.009716,0.108255
MRSH,0000062709-26-000193,2026-07-21T11:02:42.000Z,2026-07-22,-0.27907,0.008,-0.003956,0.011956,0.047486,0.012083,0.035403,0.129086,0.0153,0.113785
MRSH,0000062709-26-000167,2026-06-03T21:32:37.000Z,2026-06-04,-0.666667,0.025921,-0.009468,0.035389,0.026417,-0.002575,0.028992,0.042726,-0.001107,0.043833
MRSH,0000062709-26-000128,2026-05-22T20:02:06.000Z,2026-05-26,-0.6,-0.00852,-0.000163,-0.008357,-0.012348,0.005025,-0.017373,-0.003581,0.008845,-0.012426
MRSH,0000062709-26-000096,2026-04-16T11:02:46.000Z,2026-04-17,-0.28,-0.006883,0.002829,-0.009712,-0.001706,-0.003371,0.001664,-0.032423,-0.006033,-0.02639
MRSH,0000950103-26-005674,2026-04-14T12:22:42.000Z,2026-04-15,0.714286,0.043854,0.004765,0.039089,-0.001772,0.019971,-0.021743,0.003431,0.013661,-0.01023
MRVL,0001628280-26-063592,2026-09-26T00:35:56.000Z,2026-09-28,0.714286,0.045137,-0.001568,0.046705,0.064232,-0.00347,0.067702,0.076816,0.005345,0.071471
MRVL,0001835632-26-000022,2026-08-28T00:05:59.000Z,2026-08-31,-0.252747,-0.006,-0.008009,0.002009,-0.013371,0.003345,-0.016715,0.064963,-0.010337,0.0753
MRVL,0001193125-26-356217,2026-08-19T16:25:06.000Z,2026-08-20,-0.333333,-0.055655,0.005829,-0.061484,-0.042349,0.005715,-0.048064,-0.038086,0.004712,-0.042799
MRVL,0001193125-26-299843,2026-07-10T01:19:10.000Z,2026-07-13,0.0,0.022572,-0.003751,0.026323,-0.134372,0.004409,-0.138782,-0.103848,-0.008034,-0.095813
MRVL,0001628280-26-045564,2026-06-26T00:43:43.000Z,2026-06-29,0.090909,0.072511,-0.001081,0.073592,-0.116868,0.011239,-0.128107,-0.169397,0.011257,-0.180654
MRVL,0001193125-26-267688,2026-06-12T00:33:54.000Z,2026-06-15,0.179487,-0.097805,-0.000583,-0.097222,0.005504,-0.013772,0.019276,-0.096607,-0.015953,-0.080654
MRVL,0001835632-26-000014,2026-05-28T00:06:07.000Z,2026-05-29,-0.316456,0.07039,0.000853,0.069537,0.471463,-0.000925,0.472389,0.28522,-0.001623,0.286843
MRVL,0001193125-26-157134,2026-04-16T00:35:01.000Z,2026-04-17,-0.6,0.058343,0.002829,0.055514,0.126208,-0.003371,0.129579,0.176247,-0.006033,0.182281
MS,0000895421-26-000207,2026-07-15T15:50:58.000Z,2026-07-16,0.101695,-0.013143,-0.007527,-0.005616,-0.009021,-0.009631,0.000609,-0.014608,-0.013539,-0.001069
MS,0000950103-26-009448,2026-06-25T00:52:55.000Z,2026-06-26,-0.411765,-0.001462,0.001142,-0.002604,-0.000802,0.003695,-0.004497,0.047493,0.012349,0.035144
MS,0000950103-26-007291,2026-05-16T00:39:14.000Z,2026-05-18,-0.5,-0.01614,-0.005561,-0.010579,0.040583,0.009336,0.031247,0.04707,0.021677,0.025393
MS,0000895421-26-000111,2026-04-15T15:57:33.000Z,2026-04-16,0.056911,0.008008,0.012363,-0.004356,0.010623,0.008954,0.001669,0.0071,0.008043,-0.000943
MSCI,0001408198-26-000049,2026-08-07T20:02:14.000Z,2026-08-10,0.0,-0.002433,0.002101,-0.004534,0.021595,0.011707,0.009888,-0.018524,0.003686,-0.02221
MSCI,0001408198-26-000044,2026-07-21T10:46:52.000Z,2026-07-22,-0.235772,-0.032297,-0.003956,-0.028342,0.00014,0.012083,-0.011943,0.020965,0.0153,0.005665
MSCI,0001408198-26-000038,2026-04-23T10:37:39.000Z,2026-04-24,-0.666667,-0.002818,-0.001822,-0.000996,0.009178,-0.008626,0.017805,-0.006479,0.002731,-0.00921
MSCI,0001408198-26-000032,2026-04-21T10:49:03.000Z,2026-04-22,-0.272727,-0.016496,-0.000628,-0.015868,-0.027992,-0.00455,-0.023442,-0.016298,-0.011083,-0.005215
MSFT,0001193125-26-380280,2026-09-02T20:30:24.000Z,2026-09-03,0.16129,-0.020427,-0.004067,-0.01636,-0.036207,-0.022788,-0.013419,-0.028405,-0.021878,-0.006527
MSFT,0001193125-26-323632,2026-07-29T20:04:53.000Z,2026-07-30,-0.212121,0.030193,-0.00127,0.031463,0.092463,0.024323,0.06814,0.108091,0.016515,0.091576
MSFT,0001193125-26-258667,2026-06-05T14:36:56.000Z,2026-06-08,-0.333333,-0.020231,0.009475,-0.029707,-0.051975,0.010944,-0.062919,-0.029096,0.022442,-0.051538
MSFT,0001193125-26-224155,2026-05-14T20:28:48.000Z,2026-05-15,0.545455,0.00384,0.007625,-0.003785,-0.002038,0.013274,-0.015312,-0.005791,0.025519,-0.03131
MSFT,0001193125-26-191457,2026-04-29T20:03:31.000Z,2026-04-30,-0.311475,0.016332,-0.002823,0.019156,0.008828,-0.00182,0.010648,0.031855,0.00129,0.030565
MSI,0001193125-26-386490,2026-09-10T00:22:24.000Z,2026-09-11,0.0,0.017097,0.00012,0.016977,-0.009523,-0.013321,0.003798,-0.013523,-0.013001,-0.000522
MSI,0001193125-26-354035,2026-08-18T00:06:06.000Z,2026-08-19,-0.5,-0.014995,-0.006906,-0.008088,0.001414,-0.000244,0.001658,0.013393,0.000727,0.012666
MSI,0000068505-26-000027,2026-08-06T00:12:37.000Z,2026-08-07,-0.230769,-0.011913,0.000179,-0.012092,0.004684,0.004379,0.000305,-0.002224,0.012525,-0.014749
MSI,0001193125-26-232694,2026-05-21T00:30:07.000Z,2026-05-22,-0.666667,0.015839,0.003283,0.012556,0.018462,0.007078,0.011383,0.018561,0.009892,0.008669
MSI,0000068505-26-000018,2026-05-08T00:14:24.000Z,2026-05-11,-0.208791,-0.001989,0.000149,-0.002138,0.018257,-0.000834,0.019091,0.046153,-0.003038,0.049192
MTB,0000036270-26-000054,2026-09-28T19:46:42.000Z,2026-09-29,0.090909,0.00046,-0.007103,0.007563,0.00754,0.000916,0.006624,0.005701,0.01349,-0.007789
MTB,0001193125-26-398138,2026-09-22T21:22:11.000Z,2026-09-23,0.0,-0.00419,-0.005939,0.001749,0.003917,-0.00843,0.012347,-0.009017,-0.017061,0.008043
MTB,0000036270-26-000052,2026-09-14T20:24:44.000Z,2026-09-15,0.277778,-0.039767,-0.007863,-0.031905,-0.034244,-0.007122,-0.027122,-0.050771,-0.001667,-0.049104
MTB,0001193125-26-310413,2026-07-21T20:36:41.000Z,2026-07-22,-0.764706,-0.018985,-0.003956,-0.015029,-0.009771,0.012083,-0.021854,-0.001595,0.0153,-0.016896
MTB,0000036270-26-000046,2026-07-15T10:02:30.000Z,2026-07-16,0.028902,-0.018895,-0.007527,-0.011368,-0.021178,-0.009631,-0.011547,-0.031767,-0.013539,-0.018228
MTB,0000036270-26-000039,2026-06-16T18:52:33.000Z,2026-06-17,0.666667,-0.003232,0.003447,-0.006679,0.023865,0.00124,0.022625,0.048351,0.014319,0.034031
MTB,0000036270-26-000030,2026-05-01T20:05:32.000Z,2026-05-04,0.478261,0.00654,0.007294,-0.000754,-0.004951,0.010479,-0.015431,-0.028494,0.009716,-0.03821
MTB,0000036270-26-000027,2026-04-23T21:06:38.000Z,2026-04-24,-0.8,0.013959,-0.001822,0.015781,0.002885,-0.008626,0.011511,0.007072,0.002731,0.004341
MTB,0001193125-26-164027,2026-04-20T20:16:38.000Z,2026-04-21,-0.333333,-0.006076,-0.000183,-0.005893,-0.018182,-0.002797,-0.015384,-0.006304,-0.008983,0.002679
MTB,0000036270-26-000025,2026-04-15T10:07:36.000Z,2026-04-16,0.07,0.008481,0.012363,-0.003882,0.008988,0.008954,3.4e-05,0.012676,0.008043,0.004632
MTD,0001037646-26-000054,2026-08-03T20:48:52.000Z,2026-08-04,0.789474,-0.010772,-0.002081,-0.008691,-0.005247,0.000165,-0.005412,0.000125,0.001963,-0.001838
MTD,0001037646-26-000049,2026-07-30T20:32:38.000Z,2026-07-31,-0.333333,0.020264,0.010454,0.00981,0.003686,0.023077,-0.019391,0.009292,0.025049,-0.015758
MTD,0001037646-26-000026,2026-05-13T12:56:40.000Z,2026-05-14,0.0,-0.009857,-0.009867,1e-05,0.008504,-0.007509,0.016013,0.046587,0.006807,0.03978
MTD,0001037646-26-000024,2026-05-11T20:41:29.000Z,2026-05-12,-0.6,-0.04375,-0.005352,-0.038398,-0.038053,-0.010937,-0.027116,-0.020215,-0.008793,-0.011423
MTD,0001037646-26-000019,2026-05-07T20:33:00.000Z,2026-05-08,-0.43662,-0.040846,-0.002433,-0.038413,-0.08798,-0.007545,-0.080434,-0.082546,-0.013152,-0.069394
MU,0000723125-26-000018,2026-09-30T20:02:22.000Z,2026-10-01,0.375,-0.020503,0.00285,-0.023354,-0.04723,0.015368,-0.062599,-0.056088,0.014306,-0.070393
MU,0001104659-26-101067,2026-08-26T12:06:55.000Z,2026-08-27,0.857143,-0.002705,-0.003321,0.000617,-0.002085,-0.017483,0.015398,0.024343,-0.006259,0.030602
MU,0000723125-26-000013,2026-06-24T20:02:01.000Z,2026-06-25,0.393939,-0.066935,0.005449,-0.072384,-0.04884,0.005293,-0.054133,-0.196117,0.018378,-0.214495
MU,0001104659-26-071845,2026-06-09T20:13:47.000Z,2026-06-10,0.84,0.116596,0.014297,0.1023,0.219884,0.026342,0.193542,0.169653,0.008259,0.161394
NCLH,0001104659-26-112116,2026-09-30T11:43:46.000Z,2026-10-01,-0.591837,0.034153,0.00285,0.031303,0.059426,0.015368,0.044058,0.05806,0.014306,0.043755
NCLH,0001171843-26-005050,2026-07-30T10:50:20.000Z,2026-07-31,-0.219178,0.066379,0.010454,0.055924,0.095521,0.023077,0.072444,0.038856,0.025049,0.013806
NCLH,0001104659-26-074589,2026-06-16T20:15:39.000Z,2026-06-17,-0.833333,0.030762,0.003447,0.027314,0.02824,0.00124,0.027,0.057993,0.014319,0.043674
NCLH,0001104659-26-068271,2026-05-29T20:15:37.000Z,2026-06-01,0.0,0.003876,0.002888,0.000988,0.059247,0.008009,0.051238,0.027132,-0.004428,0.03156
NCLH,0001171843-26-002957,2026-05-04T10:50:24.000Z,2026-05-05,-0.288889,0.047816,0.008677,0.039139,0.008264,0.004366,0.003899,-0.05549,0.001754,-0.057244
NDAQ,0001120193-26-000011,2026-07-23T15:24:25.000Z,2026-07-24,0.182482,0.020089,0.007936,0.012153,0.037572,0.01061,0.026962,0.022804,0.007518,0.015286
NDAQ,0001193125-26-292723,2026-07-02T00:47:02.000Z,2026-07-06,-0.75,0.023204,-0.000502,0.023706,0.036107,-0.005357,0.041465,0.056115,-0.001896,0.05801
NDAQ,0001193125-26-272736,2026-06-17T00:40:16.000Z,2026-06-18,-0.75,0.004499,0.000577,0.003922,-0.007661,0.005063,-0.012724,-0.044747,0.016234,-0.060981
NDAQ,0001193125-26-171829,2026-04-23T15:22:07.000Z,2026-04-24,0.150685,0.005895,-0.001822,0.007717,0.015239,-0.008626,0.023866,0.015795,0.002731,0.013064
NDSN,0000072331-26-000052,2026-08-19T20:32:10.000Z,2026-08-20,-0.111111,-0.00735,0.005829,-0.013179,-0.003346,0.005715,-0.009062,-0.011533,0.004712,-0.016245
NDSN,0000072331-26-000034,2026-06-03T12:51:03.000Z,2026-06-04,0.2,-0.01309,-0.009468,-0.003622,0.012741,-0.002575,0.015315,-0.002967,-0.001107,-0.00186
NDSN,0000072331-26-000022,2026-05-20T20:33:44.000Z,2026-05-21,0.038462,0.010915,0.008498,0.002417,0.00687,0.011755,-0.004886,0.001953,0.01736,-0.015407
NEE,0000753308-26-000074,2026-10-07T00:15:39.000Z,2026-10-08,-0.750491,0.001357,0.003659,-0.002302,,,,,,
NEE,0001104659-26-107537,2026-09-15T01:02:08.000Z,2026-09-16,0.328571,0.011323,0.004965,0.006357,-0.009207,0.005892,-0.0151,-0.041682,-0.00113,-0.040552
NEE,0000753308-26-000071,2026-09-04T00:46:54.000Z,2026-09-08,-0.75,-0.014076,-0.009463,-0.004613,-0.018132,-0.008403,-0.009729,-0.032924,-0.013609,-0.019315
NEE,0001104659-26-100476,2026-08-25T14:03:24.000Z,2026-08-26,-0.487179,-0.008905,-0.002977,-0.005928,-0.01497,-0.01248,-0.00249,-0.005879,-0.016322,0.010443
NEE,0000753308-26-000065,2026-08-11T05:41:38.000Z,2026-08-12,-0.247312,0.002681,0.007478,-0.004797,0.005129,-0.000758,0.005888,0.001516,0.003727,-0.002211
NEE,0000753308-26-000058,2026-07-24T15:31:57.000Z,2026-07-27,-0.205212,0.005066,0.010683,-0.005617,-0.010132,0.000796,-0.010928,-0.025667,0.009844,-0.035511
NEE,0001104659-26-081863,2026-07-09T01:28:26.000Z,2026-07-10,-0.25,0.004775,-0.000315,0.00509,0.01296,-0.005796,0.018756,0.00955,-0.003257,0.012807
NEE,0000753308-26-000052,2026-06-23T00:45:23.000Z,2026-06-24,0.0,0.000913,0.005557,-0.004644,0.011869,0.011861,8e-06,-0.014266,0.0144,-0.028666
NEE,0000753308-26-000046,2026-06-16T01:00:43.000Z,2026-06-17,-0.16,0.011898,0.003447,0.008451,0.008165,0.00124,0.006925,0.022979,0.014319,0.00866
NEE,0000753308-26-000043,2026-06-02T00:24:46.000Z,2026-06-03,-0.333333,0.013005,0.009608,0.003397,0.000536,-0.002579,0.003115,0.013756,-0.004746,0.018501
NEE,0000753308-26-000041,2026-05-28T01:08:00.000Z,2026-05-29,-0.777778,-0.038501,0.000853,-0.039355,-0.027928,-0.000925,-0.027002,-0.006221,-0.001623,-0.004598
NEE,0000753308-26-000039,2026-05-27T00:14:34.000Z,2026-05-28,-0.333333,-0.002751,0.000698,-0.003448,-0.017994,0.004586,-0.02258,-0.017994,0.009156,-0.02715
NEE,0001104659-26-063001,2026-05-18T15:35:47.000Z,2026-05-19,0.325635,-0.019876,0.011418,-0.031293,-0.016766,0.023837,-0.040603,-0.02676,0.027674,-0.054433
NEE,0001104659-26-062992,2026-05-18T15:15:23.000Z,2026-05-19,-0.4,-0.019876,0.011418,-0.031293,-0.016766,0.023837,-0.040603,-0.02676,0.027674,-0.054433
NEE,0000753308-26-000028,2026-04-23T15:36:29.000Z,2026-04-24,-0.356436,-0.004723,-0.001822,-0.002901,-0.01165,-0.008626,-0.003024,0.017527,0.002731,0.014796
NEM,0001104659-26-099237,2026-08-20T20:17:00.000Z,2026-08-21,0.333333,0.001976,0.00094,0.001036,0.000152,0.001965,-0.001813,-0.02736,-0.004583,-0.022777
NEM,0001104659-26-095968,2026-08-13T20:31:11.000Z,2026-08-14,-0.268293,0.021824,-0.00889,0.030714,0.06216,-0.004365,0.066526,0.117357,-0.005973,0.12333
NEM,0001164727-26-000034,2026-07-23T20:05:29.000Z,2026-07-24,-0.409283,0.003005,0.007936,-0.004932,-0.019852,0.01061,-0.030462,0.00558,0.007518,-0.001938
NEM,0001104659-26-074137,2026-06-15T21:20:42.000Z,2026-06-16,0.890909,-0.025544,-0.016485,-0.009059,-0.061232,-0.012246,-0.048986,-0.132792,-0.008325,-0.124468
NEM,0001104659-26-060260,2026-05-13T20:17:33.000Z,2026-05-14,-0.5,-0.062495,-0.009867,-0.052628,-0.096622,-0.007509,-0.089112,-0.06877,0.006807,-0.075577
NEM,0001104659-26-050355,2026-04-28T20:15:26.000Z,2026-04-29,0.5,0.032339,0.014595,0.017744,0.006691,0.005321,0.001369,0.069603,0.021751,0.047852
NEM,0001164727-26-000017,2026-04-23T20:06:02.000Z,2026-04-24,-0.278008,-0.038277,-0.001822,-0.036455,-0.108451,-0.008626,-0.099824,-0.100083,0.002731,-0.102814
NFLX,0001065280-26-000214,2026-07-30T20:05:50.000Z,2026-07-31,-0.333333,0.022591,0.010454,0.012137,0.034723,0.023077,0.011646,0.033886,0.025049,0.008837
NFLX,0001193125-26-312575,2026-07-22T21:20:20.000Z,2026-07-23,0.0,0.017419,0.007986,0.009434,0.050806,0.028046,0.02276,0.062128,0.017456,0.044672
NFLX,0001065280-26-000211,2026-07-16T20:03:19.000Z,2026-07-17,0.383178,-0.019579,-0.004675,-0.014905,-0.006091,-0.002299,-0.003792,0.016534,0.001193,0.015341
NFLX,0001065280-26-000189,2026-06-05T21:01:21.000Z,2026-06-08,-0.636364,-0.014884,0.009475,-0.024359,-0.016578,0.010944,-0.027522,-0.011738,0.022442,-0.03418
NFLX,0001065280-26-000139,2026-04-22T23:13:24.000Z,2026-04-23,0.0,-0.004094,-0.001856,-0.002238,-0.005925,-0.007985,0.00206,0.008511,0.003756,0.004755
NFLX,0001065280-26-000137,2026-04-16T20:01:58.000Z,2026-04-17,0.453237,-0.025486,0.002829,-0.028314,-0.041825,-0.003371,-0.038454,-0.050046,-0.006033,-0.044013
NI,0001193125-26-355564,2026-08-18T20:30:09.000Z,2026-08-19,-0.8,0.00024,-0.006906,0.007146,-0.019217,-0.000244,-0.018973,-0.012011,0.000727,-0.012738
NI,0001111711-26-000087,2026-08-05T10:35:43.000Z,2026-08-06,-0.020408,-0.01775,0.00705,-0.0248,-0.031581,0.009173,-0.040755,-0.029968,0.018773,-0.04874
NI,0001193125-26-228913,2026-05-18T20:06:22.000Z,2026-05-19,-0.666667,-0.008435,0.011418,-0.019853,0.009068,0.023837,-0.014769,0.001054,0.027674,-0.026619
NI,0001193125-26-219872,2026-05-12T21:20:08.000Z,2026-05-13,-0.75,0.007864,0.004399,0.003465,-0.010627,0.002292,-0.012919,-0.000638,0.007758,-0.008396
NI,0001111711-26-000044,2026-05-06T10:36:47.000Z,2026-05-07,0.021277,-0.00638,0.00101,-0.00739,0.003615,-0.001337,0.004952,0.008507,-0.001975,0.010482
NKE,0000320187-26-000184,2026-10-02T00:15:15.000Z,2026-10-05,0.186441,0.01914,0.006354,0.012786,0.022968,0.005411,0.017557,,,
NKE,0000320187-26-000170,2026-09-17T00:21:31.000Z,2026-09-18,0.6,0.016615,0.005038,0.011577,0.015207,-0.002109,0.017316,0.006759,-0.003817,0.010575
NKE,0000320187-26-000143,2026-09-11T00:20:19.000Z,2026-09-14,-0.636364,-0.022402,-0.005515,-0.016887,-0.018623,-0.008558,-0.010066,-0.025641,-0.007269,-0.018372
NKE,0000320187-26-000112,2026-08-11T00:21:14.000Z,2026-08-12,0.0,0.017773,0.007478,0.010296,-0.035053,-0.000758,-0.034295,0.01333,0.003727,0.009603
NKE,0000320187-26-000076,2026-07-01T00:15:28.000Z,2026-07-02,0.283019,-0.017011,0.000325,-0.017335,-0.027217,-0.011237,-0.01598,0.006351,-0.001412,0.007763
NKE,0000320187-26-000070,2026-06-24T00:24:58.000Z,2026-06-25,0.074627,-0.003667,0.005449,-0.009116,0.003667,0.005293,-0.001626,0.077995,0.018378,0.059617
NKE,0000320187-26-000068,2026-06-19T00:23:48.000Z,2026-06-22,0.764706,-0.018754,-0.00224,-0.016514,-0.053021,0.01021,-0.063232,-0.039593,0.017182,-0.056774
NOC,0001628280-26-058480,2026-08-21T21:06:25.000Z,2026-08-24,0.2,-0.012307,-0.000988,-0.011319,-0.007555,-0.001771,-0.005784,-0.012972,-0.011446,-0.001526
NOC,0001133421-26-000033,2026-07-21T10:45:45.000Z,2026-07-22,-0.252525,0.015611,-0.003956,0.019566,0.042454,0.012083,0.030371,0.0186,0.0153,0.003299
NOC,0001628280-26-037375,2026-05-21T21:02:47.000Z,2026-05-22,-0.666667,0.002196,0.003283,-0.001087,0.006678,0.007078,-0.000401,-0.025175,0.009892,-0.035067
NOC,0001133421-26-000015,2026-04-21T10:44:56.000Z,2026-04-22,-0.369565,-0.003324,-0.000628,-0.002696,-0.024321,-0.00455,-0.019771,-0.029188,-0.011083,-0.018105
NOW,0001373715-26-000072,2026-07-22T20:11:27.000Z,2026-07-23,0.152174,0.074396,0.007986,0.066411,0.203176,0.028046,0.17513,0.197194,0.017456,0.179737
NOW,0001373715-26-000065,2026-05-22T20:41:19.000Z,2026-05-26,-0.846154,0.022018,-0.000163,0.022181,0.244696,0.005025,0.239671,0.277522,0.008845,0.268677
NOW,0001193125-26-226644,2026-05-15T20:05:53.000Z,2026-05-18,-0.333333,-0.015374,-0.005561,-0.009813,-0.036066,0.009336,-0.045402,-0.033843,0.021677,-0.05552
NOW,0001373715-26-000054,2026-04-22T20:49:29.000Z,2026-04-23,0.068182,0.063576,-0.001856,0.065433,0.067351,-0.007985,0.075336,0.041637,0.003756,0.037881
NRG,0001013871-26-000018,2026-08-04T11:28:50.000Z,2026-08-05,-0.262032,-0.013915,-0.005057,-0.008859,-0.015075,0.00197,-0.017045,-0.00058,0.006071,-0.006651
NRG,0001104659-26-083743,2026-07-15T12:48:25.000Z,2026-07-16,-0.333333,-0.02742,-0.007527,-0.019893,-0.008663,-0.009631,0.000968,0.077138,-0.013539,0.090677
NRG,0001104659-26-064884,2026-05-21T12:10:54.000Z,2026-05-22,0.647059,0.020196,0.003283,0.016913,-0.00109,0.007078,-0.008168,-0.059426,0.009892,-0.069318
NRG,0001013871-26-000010,2026-05-06T11:00:25.000Z,2026-05-07,-0.19697,-0.026435,0.00101,-0.027444,-0.031863,-0.001337,-0.030526,-0.050331,-0.001975,-0.048356
NRG,0001104659-26-053755,2026-05-01T15:59:37.000Z,2026-05-04,-0.714286,0.016858,0.007294,0.009564,-0.08371,0.010479,-0.094189,-0.113164,0.009716,-0.122879
NRG,0001104659-26-050486,2026-04-28T21:15:58.000Z,2026-04-29,-0.517241,0.044091,0.014595,0.029496,0.042173,0.005321,0.036851,0.014035,0.021751,-0.007716
NRG,0001104659-26-043327,2026-04-14T21:29:01.000Z,2026-04-15,-0.025641,0.000297,0.004765,-0.004468,-0.066904,0.019971,-0.086875,-0.111903,0.013661,-0.125564
NSC,0001193125-26-313393,2026-07-23T12:20:13.000Z,2026-07-24,-0.540984,-0.020846,0.007936,-0.028783,-0.042548,0.01061,-0.053159,-0.04329,0.007518,-0.050808
NSC,0001193125-26-250020,2026-06-01T13:15:16.000Z,2026-06-02,0.121212,-0.007934,-0.004463,-0.003471,0.019184,-0.004322,0.023506,0.01551,0.002786,0.012724
NSC,0001193125-26-214920,2026-05-08T21:00:17.000Z,2026-05-11,-0.666667,0.003986,0.000149,0.003837,0.020989,-0.000834,0.021823,0.028832,-0.003038,0.03187
NSC,0001193125-26-175084,2026-04-24T12:05:15.000Z,2026-04-27,-0.608696,-0.006836,-0.004228,-0.002608,-0.009596,0.007371,-0.016967,-0.022672,-0.00166,-0.021013
NTAP,0001193125-26-389273,2026-09-12T00:09:33.000Z,2026-09-14,-0.727273,0.008764,-0.005515,0.014278,0.045889,-0.008558,0.054447,0.052422,-0.007269,0.059691
NTAP,0001002047-26-000003,2026-09-03T00:05:16.000Z,2026-09-04,0.095238,0.019074,-0.00963,0.028704,-0.010723,-0.025883,0.01516,0.014494,-0.018372,0.032866
NTAP,0001193125-26-245196,2026-05-29T00:05:22.000Z,2026-06-01,0.060606,-0.022593,0.002888,-0.025482,-0.004619,0.008009,-0.012628,-0.052254,-0.004428,-0.047826
NTRS,0000073124-26-000057,2026-09-29T21:10:28.000Z,2026-09-30,0.857143,-0.000945,0.005201,-0.006145,0.007735,0.014107,-0.006372,-0.006967,0.012976,-0.019943
NTRS,0000073124-26-000051,2026-08-03T20:58:39.000Z,2026-08-04,0.333333,0.0108,-0.002081,0.012881,0.01694,0.000165,0.016775,0.029439,0.001963,0.027476
NTRS,0000073124-26-000043,2026-07-22T10:52:37.000Z,2026-07-23,0.029851,0.014442,0.007986,0.006457,0.016353,0.028046,-0.011693,0.025625,0.017456,0.008169
NTRS,0000073124-26-000031,2026-04-22T20:08:04.000Z,2026-04-23,-0.666667,-0.008344,-0.001856,-0.006488,0.00913,-0.007985,0.017115,0.005744,0.003756,0.001988
NTRS,0000073124-26-000029,2026-04-21T16:17:19.000Z,2026-04-22,0.4,-0.014539,-0.000628,-0.013911,-0.000119,-0.00455,0.00443,-0.017875,-0.011083,-0.006792
NTRS,0000073124-26-000028,2026-04-21T10:56:53.000Z,2026-04-22,-0.058824,-0.014539,-0.000628,-0.013911,-0.000119,-0.00455,0.00443,-0.017875,-0.011083,-0.006792
NUE,0001193125-26-318190,2026-07-27T20:43:41.000Z,2026-07-28,-0.030303,-0.036142,-0.008959,-0.027183,-0.031361,-0.010642,-0.020719,0.031699,0.014764,0.016936
NUE,0001193125-26-230790,2026-05-19T20:15:54.000Z,2026-05-20,-0.2,0.003412,0.003571,-0.000159,0.064785,0.015625,0.04916,0.10471,0.019547,0.085164
NUE,0001193125-26-182332,2026-04-27T20:56:42.000Z,2026-04-28,-0.203704,-0.012083,-0.002693,-0.00939,0.004131,0.008924,-0.004793,0.030918,0.010188,0.02073
NVDA,0001045810-26-000078,2026-09-03T12:03:56.000Z,2026-09-04,-0.411765,-0.020099,-0.00963,-0.010469,-0.051032,-0.025883,-0.025149,-0.083191,-0.018372,-0.064819
NVDA,0001045810-26-000073,2026-08-26T20:21:19.000Z,2026-08-27,0.275362,-0.04575,-0.003321,-0.042428,-0.046232,-0.017483,-0.02875,0.002062,-0.006259,0.00832
NVDA,0001045810-26-000069,2026-08-17T12:41:33.000Z,2026-08-18,0.111111,-0.009921,0.009224,-0.019145,-0.022845,0.007591,-0.030436,-0.030445,0.007786,-0.038231
NVDA,0001045810-26-000060,2026-07-02T13:23:16.000Z,2026-07-06,0.111111,0.007057,-0.000502,0.007559,0.036973,-0.005357,0.04233,0.040808,-0.001896,0.042704
NVDA,0001045810-26-000056,2026-06-30T20:27:26.000Z,2026-07-01,-0.904762,-0.013918,0.008354,-0.022272,-0.00329,0.008203,-0.011493,0.026318,0.002918,0.023401
NVDA,0001193125-26-275783,2026-06-18T20:00:24.000Z,2026-06-22,-0.5,-0.041265,-0.00224,-0.039025,-0.061874,0.01021,-0.072084,-0.065564,0.017182,-0.082746
NVDA,0001045810-26-000051,2026-05-20T20:21:19.000Z,2026-05-21,0.269231,-0.019042,0.008498,-0.02754,-0.031479,0.011755,-0.043234,-0.03813,0.01736,-0.05549
NVDA,0001045810-26-000028,2026-05-08T20:35:07.000Z,2026-05-11,0.2,0.006106,0.000149,0.005958,0.07428,-0.000834,0.075114,0.013124,-0.003038,0.016163
NVDA,0001045810-26-000026,2026-04-27T20:10:30.000Z,2026-04-28,0.142857,-0.018389,-0.002693,-0.015696,-0.069053,0.008924,-0.077977,-0.078201,0.010188,-0.088389
NVR,0000906163-26-000086,2026-07-23T17:54:44.000Z,2026-07-24,-0.809524,-0.016077,0.007936,-0.024013,-0.005126,0.01061,-0.015736,-0.04172,0.007518,-0.049238
NVR,0000906163-26-000051,2026-05-15T21:07:04.000Z,2026-05-18,-0.333333,0.009925,-0.005561,0.015486,0.057916,0.009336,0.04858,0.055283,0.021677,0.033606
NVR,0000906163-26-000044,2026-05-08T15:37:56.000Z,2026-05-11,-0.75,-0.019458,0.000149,-0.019607,-0.038923,-0.000834,-0.038089,-0.032803,-0.003038,-0.029765
NVR,0000906163-26-000034,2026-04-22T18:04:11.000Z,2026-04-23,-0.478261,-0.02475,-0.001856,-0.022894,-0.033986,-0.007985,-0.026,-0.052952,0.003756,-0.056708
NWS,0001564708-26-000217,2026-10-07T03:24:55.000Z,2026-10-08,-0.72973,0.005952,0.003659,0.002293,,,,,,
NWS,0001564708-26-000216,2026-10-06T03:33:05.000Z,2026-10-07,-0.72973,0.01269,0.006856,0.005835,,,,,,
NWS,0001564708-26-000215,2026-10-05T14:36:07.000Z,2026-10-06,-0.72973,0.0,-0.007665,0.007665,0.018718,0.002787,0.015931,,,
NWS,0001564708-26-000214,2026-10-02T04:09:23.000Z,2026-10-05,-0.72973,-0.015,0.006354,-0.021354,-0.0025,0.005411,-0.007911,,,
NWS,0001564708-26-000213,2026-10-01T02:45:51.000Z,2026-10-02,-0.72973,0.011058,0.006073,0.004986,-0.004107,0.004875,-0.008983,0.014534,0.015319,-0.000785
NWS,0001564708-26-000212,2026-09-30T03:31:18.000Z,2026-10-01,-0.72973,0.006359,0.00285,0.003509,0.002226,0.015368,-0.013143,0.014944,0.014306,0.000639
NWS,0001564708-26-000211,2026-09-29T03:51:22.000Z,2026-09-30,-0.72973,-0.008512,0.005201,-0.013713,0.008827,0.014107,-0.00528,-0.006305,0.012976,-0.019281
NWS,0001564708-26-000210,2026-09-28T15:42:24.000Z,2026-09-29,-0.72973,0.006984,-0.007103,0.014087,0.004762,0.000916,0.003846,0.000635,0.01349,-0.012855
NWS,0001564708-26-000209,2026-09-25T04:24:28.000Z,2026-09-28,-0.72973,-0.022953,-0.001568,-0.021385,-0.024504,-0.00347,-0.021033,-0.007444,0.005345,-0.012789
NWS,0001564708-26-000208,2026-09-24T04:02:53.000Z,2026-09-25,-0.72973,0.015433,-0.006655,0.022088,-0.000945,-0.0153,0.014355,-0.00315,-0.007354,0.004204
NWS,0001564708-26-000207,2026-09-23T03:06:26.000Z,2026-09-24,-0.72973,0.00602,0.004146,0.001874,-0.001901,-0.004126,0.002225,-0.003485,-0.006119,0.002634
NWS,0001564708-26-000206,2026-09-22T04:23:10.000Z,2026-09-23,-0.72973,0.01089,-0.005939,0.01683,0.032671,-0.00843,0.041101,0.016015,-0.017061,0.033076
NWS,0001564708-26-000205,2026-09-21T14:27:27.000Z,2026-09-22,-0.72973,-0.035825,-0.007084,-0.02874,-0.019456,-0.008912,-0.010545,-0.027177,-0.016986,-0.010191
NWS,0001564708-26-000204,2026-09-18T02:26:38.000Z,2026-09-21,-0.72973,-0.014607,-9.4e-05,-0.014513,-0.039562,-0.013065,-0.026497,-0.018868,-0.015452,-0.003416
NWS,0001564708-26-000203,2026-09-17T02:40:28.000Z,2026-09-18,-0.72973,0.005508,0.005038,0.00047,-0.044676,-0.002109,-0.042567,-0.028458,-0.003817,-0.024641
NWS,0001564708-26-000202,2026-09-16T04:31:00.000Z,2026-09-17,-0.72973,-0.020677,-0.004282,-0.016395,-0.029667,0.000835,-0.030502,-0.05424,-0.012073,-0.042167
NWS,0001564708-26-000201,2026-09-15T04:03:50.000Z,2026-09-16,-0.72973,-0.002093,0.004965,-0.007059,-0.017344,0.005892,-0.023237,-0.066388,-0.00113,-0.065258
NWS,0001564708-26-000200,2026-09-14T20:09:12.000Z,2026-09-15,-0.72973,-0.010065,-0.007863,-0.002203,-0.032564,-0.007122,-0.025442,-0.041445,-0.001667,-0.039778
NWS,0001564708-26-000199,2026-09-11T02:37:21.000Z,2026-09-14,-0.72973,-0.002363,-0.005515,0.003152,-0.014471,-0.008558,-0.005913,-0.029533,-0.007269,-0.022264
NWS,0001564708-26-000198,2026-09-10T05:21:31.000Z,2026-09-11,-0.72973,0.035158,0.00012,0.035037,0.022317,-0.013321,0.035638,-0.000917,-0.013001,0.012084
NWS,0001564708-26-000197,2026-09-09T04:30:29.000Z,2026-09-10,-0.72973,-0.002135,0.00808,-0.010215,0.030506,0.002559,0.027947,0.017999,-0.000603,0.018601
NWS,0001564708-26-000196,2026-09-08T17:06:36.000Z,2026-09-09,-0.72973,-0.009069,-0.006947,-0.002122,0.023579,0.001141,0.022438,0.010883,-0.012328,0.023211
NWS,0001564708-26-000195,2026-09-04T05:12:17.000Z,2026-09-08,-0.72973,-0.004813,-0.009463,0.00465,-0.015945,-0.008403,-0.007541,0.016246,-0.013609,0.029854
NWS,0001564708-26-000194,2026-09-03T03:08:39.000Z,2026-09-04,-0.72973,-0.016519,-0.00963,-0.00689,-0.030129,-0.025883,-0.004246,0.001825,-0.018372,0.020197
NWS,0001564708-26-000193,2026-09-02T03:01:00.000Z,2026-09-03,-0.72973,-0.023617,-0.004067,-0.019551,-0.044369,-0.022788,-0.02158,-0.055057,-0.021878,-0.03318
NWS,0001564708-26-000192,2026-09-01T02:37:28.000Z,2026-09-02,-0.72973,0.009009,0.0072,0.001809,-0.031096,-0.006517,-0.024578,-0.044504,-0.022942,-0.021562
NWS,0001564708-26-000191,2026-08-31T17:20:57.000Z,2026-09-01,-0.72973,0.005258,0.004317,0.000942,-0.009641,0.007356,-0.016996,-0.030689,-0.011649,-0.01904
NWS,0001564708-26-000190,2026-08-28T03:56:27.000Z,2026-08-31,-0.72973,-0.005231,-0.008009,0.002779,0.009009,0.003345,0.005664,-0.031096,-0.010337,-0.020758
NWS,0001564708-26-000189,2026-08-27T03:58:31.000Z,2026-08-28,-0.72973,-0.012626,-0.006249,-0.006377,-0.012626,-0.009969,-0.002657,-0.02726,-0.007081,-0.020179
NWS,0001564708-26-000188,2026-08-26T05:52:26.000Z,2026-08-27,-0.72973,-0.013307,-0.003321,-0.009986,-0.030861,-0.017483,-0.013378,-0.016988,-0.006259,-0.010729
NWS,0001564708-26-000187,2026-08-25T03:15:18.000Z,2026-08-26,-0.72973,0.00227,-0.002977,0.005247,-0.023553,-0.01248,-0.011073,-0.023553,-0.016322,-0.007231
NWS,0001564708-26-000186,2026-08-24T14:58:50.000Z,2026-08-25,-0.72973,0.00256,0.002192,0.000369,-0.008535,-0.00427,-0.004264,-0.026174,-0.018417,-0.007756
NWS,0001564708-26-000185,2026-08-21T04:50:05.000Z,2026-08-24,-0.72973,0.002853,-0.000988,0.003842,0.007703,-0.001771,0.009474,-0.01826,-0.011446,-0.006813
NWS,0001564708-26-000184,2026-08-20T04:18:12.000Z,2026-08-21,-0.72973,0.014472,0.00094,0.013531,0.019971,0.001965,0.018006,0.008683,-0.004583,0.013266
NWS,0001564708-26-000183,2026-08-19T04:33:34.000Z,2026-08-20,-0.72973,0.022795,0.005829,0.016965,0.040557,0.005715,0.034841,0.045589,0.004712,0.040877
NWS,0001564708-26-000182,2026-08-18T05:29:19.000Z,2026-08-19,-0.72973,0.007456,-0.006906,0.014362,0.045333,-0.000244,0.045576,0.050999,0.000727,0.050272
NWS,0001564708-26-000181,2026-08-17T15:31:17.000Z,2026-08-18,-0.72973,0.001194,0.009224,-0.00803,0.031651,0.007591,0.02406,0.049567,0.007786,0.041781
NWS,0001564708-26-000180,2026-08-14T04:17:35.000Z,2026-08-17,-0.72973,0.024786,-0.004487,0.029273,0.03366,-0.002847,0.036506,0.072521,0.00437,0.068151
NWS,0001564708-26-000179,2026-08-13T04:57:52.000Z,2026-08-14,-0.72973,-0.014772,-0.00889,-0.005882,0.010853,-0.004365,0.015219,0.041604,-0.005973,0.047576
NWS,0001564708-26-000178,2026-08-12T03:26:38.000Z,2026-08-13,-0.72973,0.007288,0.000845,0.006443,0.017006,-0.012715,0.02972,0.025812,-0.011206,0.037018
NWS,0001564708-26-000177,2026-08-11T03:10:15.000Z,2026-08-12,-0.72973,0.00765,0.007478,0.000172,0.0,-0.000758,0.000758,0.02601,0.003727,0.022283
NWS,0001564708-26-000176,2026-08-10T15:11:10.000Z,2026-08-11,-0.72973,0.000306,0.002433,-0.002127,0.015305,0.010429,0.004876,0.0251,-0.003447,0.028547
NWS,0001564708-26-000174,2026-08-07T02:59:40.000Z,2026-08-10,-0.72973,0.005231,0.002101,0.00313,0.013231,0.011707,0.001523,0.005538,0.003686,0.001853
NWS,0001564708-26-000172,2026-08-06T03:46:00.000Z,2026-08-07,-0.72973,0.001541,0.000179,0.001362,0.007088,0.004379,0.002709,0.022188,0.012525,0.009663
NWS,0001564708-26-000171,2026-08-06T00:17:48.000Z,2026-08-07,-0.271605,0.001541,0.000179,0.001362,0.007088,0.004379,0.002709,0.022188,0.012525,0.009663
NWS,0001564708-26-000167,2026-08-05T15:47:05.000Z,2026-08-06,-0.72973,-0.041925,0.00705,-0.048975,-0.03543,0.009173,-0.044603,-0.027753,0.018773,-0.046526
NWS,0001564708-26-000166,2026-08-04T04:38:30.000Z,2026-08-05,-0.72973,0.022336,-0.005057,0.027393,-0.019016,0.00197,-0.020986,-0.013583,0.006071,-0.019654
NWS,0001564708-26-000165,2026-08-03T16:01:47.000Z,2026-08-04,-0.72973,0.012531,-0.002081,0.014612,-0.008252,0.000165,-0.008417,-0.001528,0.001963,-0.003491
NWS,0001564708-26-000164,2026-07-31T03:00:18.000Z,2026-08-03,-0.72973,0.029255,0.01478,0.014474,0.065429,0.007126,0.058303,0.022334,0.014267,0.008067
NWS,0001564708-26-000163,2026-07-30T02:25:47.000Z,2026-07-31,-0.72973,0.016629,0.010454,0.006175,0.059482,0.023077,0.036405,0.037736,0.025049,0.012687
NWS,0001564708-26-000162,2026-07-29T05:04:41.000Z,2026-07-30,-0.72973,-0.016667,-0.00127,-0.015397,0.028931,0.024323,0.004608,0.065094,0.016515,0.048579
NWS,0001564708-26-000161,2026-07-28T03:40:24.000Z,2026-07-29,-0.72973,-0.025735,0.000251,-0.025986,-0.026042,0.009992,-0.036034,0.015012,0.022839,-0.007827
NWS,0001564708-26-000160,2026-07-27T16:33:39.000Z,2026-07-28,-0.72973,0.026092,-0.008959,0.035051,-0.016976,-0.010642,-0.006334,0.028607,0.014764,0.013844
NWS,0001564708-26-000159,2026-07-24T04:25:27.000Z,2026-07-27,-0.72973,0.028784,0.010683,0.018101,0.028461,0.000796,0.027664,0.028137,0.009844,0.018293
NWS,0001564708-26-000158,2026-07-23T03:12:42.000Z,2026-07-24,-0.72973,0.02418,0.007936,0.016244,0.081153,0.01061,0.070543,0.035773,0.007518,0.028256
NWS,0001564708-26-000157,2026-07-22T02:48:29.000Z,2026-07-23,-0.72973,0.01479,0.007986,0.006804,0.069244,0.028046,0.041198,0.068908,0.017456,0.051451
NWS,0001564708-26-000156,2026-07-21T02:27:04.000Z,2026-07-22,-0.72973,-0.038772,-0.003956,-0.034817,-0.000969,0.012083,-0.013052,0.054604,0.0153,0.039304
NWS,0001564708-26-000155,2026-07-20T14:47:50.000Z,2026-07-21,-0.72973,-0.008331,-0.000161,-0.00817,-0.032682,0.003808,-0.03649,0.019225,0.023215,-0.003991
NWS,0001564708-26-000154,2026-07-17T02:54:15.000Z,2026-07-20,-0.72973,-0.031046,0.00249,-0.033537,-0.076374,-0.001485,-0.074889,-0.04005,0.013676,-0.053725
NWS,0001564708-26-000153,2026-07-16T03:10:50.000Z,2026-07-17,-0.72973,-0.006477,-0.004675,-0.001803,-0.045342,-0.002299,-0.043043,-0.068785,0.001193,-0.069978
NWS,0001564708-26-000152,2026-07-15T02:31:29.000Z,2026-07-16,-0.72973,-0.003688,-0.007527,0.003839,-0.040873,-0.009631,-0.031242,-0.085741,-0.013539,-0.072202
NWS,0001564708-26-000151,2026-07-14T02:51:48.000Z,2026-07-15,-0.72973,0.027795,0.01,0.017795,0.017372,-0.002387,0.019759,-0.022426,-0.000527,-0.021899
NWS,0001564708-26-000150,2026-07-13T16:56:12.000Z,2026-07-14,-0.72973,0.016372,-0.00151,0.017883,0.04077,0.000925,0.039845,0.001926,-0.001998,0.003924
NWS,0001564708-26-000149,2026-07-10T05:27:38.000Z,2026-07-13,-0.72973,-0.008278,-0.003751,-0.004526,0.035976,0.004409,0.031566,0.02547,-0.008034,0.033504
NWS,0001564708-26-000148,2026-07-09T03:30:11.000Z,2026-07-10,-0.72973,0.015519,-0.000315,0.015834,0.023602,-0.005796,0.029398,0.048173,-0.003257,0.05143
NWS,0001564708-26-000147,2026-07-08T02:29:52.000Z,2026-07-09,-0.72973,-0.006425,0.003672,-0.010097,0.000642,-0.000594,0.001236,0.045294,0.008105,0.037189
NWS,0001564708-26-000146,2026-07-07T04:04:52.000Z,2026-07-08,-0.72973,0.034219,0.006398,0.027822,0.043522,0.009569,0.033953,0.051827,0.004141,0.047686
NWS,0001564708-26-000145,2026-07-03T03:20:49.000Z,2026-07-06,-0.72973,0.01499,-0.000502,0.015492,0.036975,-0.005357,0.042332,0.046302,-0.001896,0.048198
NWS,0001564708-26-000144,2026-07-02T03:45:21.000Z,2026-07-06,-0.72973,0.01499,-0.000502,0.015492,0.036975,-0.005357,0.042332,0.046302,-0.001896,0.048198
NWS,0001564708-26-000143,2026-07-01T02:26:07.000Z,2026-07-02,-0.72973,-0.004972,0.000325,-0.005296,-0.00232,-0.011237,0.008917,0.025191,-0.001412,0.026603
NWS,0001564708-26-000142,2026-06-30T03:54:15.000Z,2026-07-01,-0.72973,0.031453,0.008354,0.023099,0.041709,0.008203,0.033506,0.064273,0.002918,0.061356
NWS,0001564708-26-000141,2026-06-29T15:01:03.000Z,2026-06-30,-0.72973,0.042409,0.003828,0.038582,0.06985,0.012815,0.057036,0.072701,0.001315,0.071386
NWS,0001564708-26-000140,2026-06-26T02:33:49.000Z,2026-06-29,-0.72973,-0.017507,-0.001081,-0.016426,0.056373,0.011239,0.045133,0.066877,0.011257,0.055619
NWS,0001564708-26-000139,2026-06-25T02:20:54.000Z,2026-06-26,-0.72973,-0.005917,0.001142,-0.007059,0.0181,0.003695,0.014405,0.044901,0.012349,0.032552
NWS,0001564708-26-000138,2026-06-24T02:30:35.000Z,2026-06-25,-0.72973,0.013761,0.005449,0.008312,-0.00988,0.005293,-0.015173,0.064573,0.018378,0.046195
NWS,0001564708-26-000137,2026-06-23T02:31:05.000Z,2026-06-24,-0.72973,-0.00666,0.005557,-0.012217,0.001052,0.011861,-0.01081,0.025237,0.0144,0.010837
NWS,0001564708-26-000136,2026-06-19T05:27:16.000Z,2026-06-22,-0.72973,0.01361,-0.00224,0.01585,0.015043,0.01021,0.004833,0.022923,0.017182,0.005741
NWS,0001564708-26-000135,2026-06-18T02:35:50.000Z,2026-06-22,-0.72973,0.01361,-0.00224,0.01585,0.015043,0.01021,0.004833,0.022923,0.017182,0.005741
NWS,0001564708-26-000134,2026-06-17T03:33:58.000Z,2026-06-18,-0.72973,-0.02887,0.000577,-0.029447,-0.007652,0.005063,-0.012715,-0.000696,0.016234,-0.01693
NWS,0001564708-26-000133,2026-06-16T02:29:45.000Z,2026-06-17,-0.72973,-0.028716,0.003447,-0.032163,-0.043919,0.00124,-0.045159,-0.042568,0.014319,-0.056887
NWS,0001564708-26-000132,2026-06-15T14:18:37.000Z,2026-06-16,-0.72973,0.001692,-0.016485,0.018177,-0.055161,-0.012246,-0.042915,-0.034518,-0.008325,-0.026193
NWS,0001564708-26-000131,2026-06-13T00:05:20.000Z,2026-06-15,-0.333333,0.010256,-0.000583,0.01084,-0.017094,-0.013772,-0.003322,-0.032479,-0.015953,-0.016525
NWS,0001564708-26-000127,2026-06-12T03:19:29.000Z,2026-06-15,-0.72973,0.010256,-0.000583,0.01084,-0.017094,-0.013772,-0.003322,-0.032479,-0.015953,-0.016525
NWS,0001564708-26-000126,2026-06-11T14:42:57.000Z,2026-06-12,-0.72973,-0.000342,0.003465,-0.003807,0.01162,-0.014304,0.025924,-0.045796,-0.009873,-0.035923
NWS,0001564708-26-000124,2026-06-10T02:55:18.000Z,2026-06-11,-0.72973,-0.028875,0.007831,-0.036706,-0.01925,0.010001,-0.029251,-0.045802,-0.002776,-0.043025
NWS,0001564708-26-000123,2026-06-09T03:11:14.000Z,2026-06-10,-0.746479,-0.024919,0.014297,-0.039216,-0.053398,0.026342,-0.07974,-0.042071,0.008259,-0.05033
NWS,0001564708-26-000122,2026-06-05T05:04:05.000Z,2026-06-08,-0.72973,0.000967,0.009475,-0.008509,-0.029004,0.010944,-0.039948,-0.057364,0.022442,-0.079806
NWS,0001564708-26-000121,2026-06-04T02:30:41.000Z,2026-06-05,-0.72973,-0.00513,-0.002379,-0.002751,-0.009298,-0.005524,-0.003774,-0.061879,0.016479,-0.078357
NWS,0001564708-26-000120,2026-06-03T03:00:36.000Z,2026-06-04,-0.72973,0.01332,-0.009468,0.022788,0.009097,-0.002575,0.011671,-0.021118,-0.001107,-0.020011
NWS,0001564708-26-000119,2026-06-02T03:59:36.000Z,2026-06-03,-0.72973,0.032193,0.009608,0.022585,0.040577,-0.002579,0.043155,0.036217,-0.004746,0.040963
NWS,0001564708-26-000118,2026-06-01T14:32:37.000Z,2026-06-02,-0.72973,-0.011928,-0.004463,-0.007466,0.033466,-0.004322,0.037788,0.029158,0.002786,0.026373
NWS,0001564708-26-000117,2026-05-29T03:14:31.000Z,2026-06-01,-0.72973,-0.016297,0.002888,-0.019186,0.003259,0.008009,-0.00475,0.011408,-0.004428,0.015836
NWS,0001564708-26-000116,2026-05-28T03:27:13.000Z,2026-05-29,-0.72973,0.02884,0.000853,0.027986,0.0,-0.000925,0.000925,0.045942,-0.001623,0.047566
NWS,0001564708-26-000115,2026-05-27T04:36:07.000Z,2026-05-28,-0.72973,-0.017139,0.000698,-0.017837,-0.005274,0.004586,-0.009859,0.014502,0.009156,0.005346
NWS,0001564708-26-000114,2026-05-26T14:27:52.000Z,2026-05-27,-0.72973,-0.004266,0.004229,-0.008495,0.006892,0.00651,0.000382,-0.021332,0.004171,-0.025503
NWS,0001564708-26-000113,2026-05-22T03:15:39.000Z,2026-05-26,-0.72973,0.017362,-0.000163,0.017525,-0.004341,0.005025,-0.009365,0.007679,0.008845,-0.001166
NWS,0001564708-26-000112,2026-05-21T02:24:24.000Z,2026-05-22,-0.72973,0.009097,0.003283,0.005814,0.022237,0.007078,0.015159,0.033693,0.009892,0.023801
NWS,0001564708-26-000111,2026-05-20T02:53:59.000Z,2026-05-21,-0.72973,-0.013298,0.008498,-0.021796,0.012965,0.011755,0.00121,-0.008644,0.01736,-0.026004
NWS,0001564708-26-000110,2026-05-19T02:38:19.000Z,2026-05-20,-0.72973,0.012795,0.003571,0.009224,0.008418,0.015625,-0.007207,0.021549,0.019547,0.002002
NWS,0001564708-26-000109,2026-05-18T14:32:20.000Z,2026-05-19,-0.72973,-0.013617,0.011418,-0.025034,-0.014281,0.023837,-0.038118,0.011956,0.027674,-0.015717
NWS,0001564708-26-000108,2026-05-15T03:54:48.000Z,2026-05-18,-0.72973,-0.003969,-0.005561,0.001592,-0.004962,0.009336,-0.014298,-0.009262,0.021677,-0.030939
NWS,0001564708-26-000107,2026-05-14T02:55:25.000Z,2026-05-15,-0.72973,0.016476,0.007625,0.008852,-0.001345,0.013274,-0.014619,-0.002017,0.025519,-0.027536
NWS,0001564708-26-000106,2026-05-13T03:55:09.000Z,2026-05-14,-0.72973,-0.011303,-0.009867,-0.001436,0.000997,-0.007509,0.008507,0.0,0.006807,-0.006807
NWS,0001564708-26-000105,2026-05-12T04:14:17.000Z,2026-05-13,-0.72973,-0.019557,0.004399,-0.023956,-0.014668,0.002292,-0.01696,-0.031943,0.007758,-0.039701
NWS,0001564708-26-000104,2026-05-11T14:33:05.000Z,2026-05-12,-0.72973,0.008879,-0.005352,0.014231,-0.022032,-0.010937,-0.011095,-0.009865,-0.008793,-0.001072
NWS,0001564708-26-000102,2026-05-08T05:53:07.000Z,2026-05-11,-0.72973,-0.024382,0.000149,-0.024531,-0.03497,-0.000834,-0.034136,-0.030157,-0.003038,-0.027119
NWS,0001564708-26-000101,2026-05-08T00:20:23.000Z,2026-05-11,-0.405797,-0.024382,0.000149,-0.024531,-0.03497,-0.000834,-0.034136,-0.030157,-0.003038,-0.027119
NWS,0001564708-26-000096,2026-05-07T04:09:17.000Z,2026-05-08,-0.72973,-0.004471,-0.002433,-0.002038,-0.020121,-0.007545,-0.012576,-0.050144,-0.013152,-0.036992
NWS,0001564708-26-000095,2026-05-06T14:37:00.000Z,2026-05-07,-0.72973,0.014911,0.00101,0.013901,-0.014263,-0.001337,-0.012926,-0.024959,-0.001975,-0.022985
NWS,0001564708-26-000094,2026-05-05T02:32:39.000Z,2026-05-06,-0.72973,0.020509,-0.005314,0.025823,0.031095,-0.006743,0.037838,0.014886,-0.011773,0.026659
NWS,0001564708-26-000093,2026-05-04T16:28:29.000Z,2026-05-05,-0.72973,0.028931,0.008677,0.020255,0.065691,0.004366,0.061325,0.035058,0.001754,0.033304
NWS,0001564708-26-000092,2026-05-01T04:07:47.000Z,2026-05-04,-0.72973,-0.014755,0.007294,-0.022049,0.034541,0.010479,0.024061,0.045272,0.009716,0.035556
NWS,0001564708-26-000091,2026-04-30T03:08:38.000Z,2026-05-01,-0.72973,-0.019402,-0.006355,-0.013046,-0.005919,0.009573,-0.015492,0.029596,0.005579,0.024016
NWS,0001564708-26-000090,2026-04-29T04:36:48.000Z,2026-04-30,-0.72973,-0.002297,-0.002823,0.000527,-0.036089,-0.00182,-0.034269,0.012139,0.00129,0.010849
NWS,0001564708-26-000089,2026-04-28T03:32:28.000Z,2026-04-29,-0.72973,0.007603,0.014595,-0.006992,-0.014215,0.005321,-0.019536,-0.000661,0.021751,-0.022412
NWS,0001564708-26-000088,2026-04-27T15:32:57.000Z,2026-04-28,-0.72973,0.00365,-0.002693,0.006343,0.008958,0.008924,3.4e-05,-0.025216,0.010188,-0.035404
NWS,0001564708-26-000086,2026-04-24T04:07:49.000Z,2026-04-27,-0.72973,-0.013421,-0.004228,-0.009193,-0.002291,0.007371,-0.009662,-0.023895,-0.00166,-0.022236
NWS,0001564708-26-000085,2026-04-23T04:09:58.000Z,2026-04-24,-0.72973,0.010251,-0.001822,0.012073,0.000331,-0.008626,0.008957,0.005622,0.002731,0.00289
NWS,0001564708-26-000084,2026-04-22T03:06:50.000Z,2026-04-23,-0.72973,-0.005263,-0.001856,-0.003407,-0.008553,-0.007985,-0.000568,0.002632,0.003756,-0.001124
NWS,0001564708-26-000083,2026-04-21T03:24:23.000Z,2026-04-22,-0.72973,-0.011061,-0.000628,-0.010433,-0.006181,-0.00455,-0.001631,-0.01594,-0.011083,-0.004857
NWS,0001564708-26-000081,2026-04-20T14:03:50.000Z,2026-04-21,-0.72973,0.010519,-0.000183,0.010702,-0.005917,-0.002797,-0.00312,-0.009204,-0.008983,-0.000221
NWS,0001564708-26-000080,2026-04-17T03:00:34.000Z,2026-04-20,-0.72973,0.014676,-0.006155,0.020831,0.014009,-0.006962,0.020971,0.019013,-0.010689,0.029702
NWS,0001564708-26-000079,2026-04-16T05:08:50.000Z,2026-04-17,-0.72973,0.000668,0.002829,-0.002161,0.026035,-0.003371,0.029405,0.009346,-0.006033,0.015379
NWS,0001564708-26-000078,2026-04-15T05:56:51.000Z,2026-04-16,-0.72973,0.010455,0.012363,-0.001908,0.02597,0.008954,0.017016,0.025295,0.008043,0.017252
NWS,0001564708-26-000077,2026-04-14T05:17:10.000Z,2026-04-15,-0.72973,0.017153,0.004765,0.012388,0.028473,0.019971,0.008503,0.054545,0.013661,0.040884
NWS,0001564708-26-000076,2026-04-13T14:39:50.000Z,2026-04-14,-0.72973,0.0111,0.000612,0.010488,0.039195,0.017606,0.021589,0.055151,0.014425,0.040726
NWS,0001564708-26-000075,2026-04-10T03:57:00.000Z,2026-04-13,-0.72973,0.0,0.00427,-0.00427,0.028443,0.009646,0.018796,0.039889,0.02507,0.014819
NWS,0001564708-26-000074,2026-04-09T04:05:39.000Z,2026-04-10,-0.72973,0.02017,0.012465,0.007705,0.031493,0.017735,0.013758,0.060156,0.03511,0.025045
NWSA,0001564708-26-000217,2026-10-07T03:24:55.000Z,2026-10-08,-0.72973,0.004142,0.003659,0.000483,,,,,,
NWSA,0001564708-26-000216,2026-10-06T03:33:05.000Z,2026-10-07,-0.72973,0.012583,0.006856,0.005727,,,,,,
NWSA,0001564708-26-000215,2026-10-05T14:36:07.000Z,2026-10-06,-0.72973,0.002102,-0.007665,0.009766,0.018914,0.002787,0.016127,,,
NWSA,0001564708-26-000214,2026-10-02T04:09:23.000Z,2026-10-05,-0.72973,-0.013817,0.006354,-0.020171,0.000691,0.005411,-0.004721,,,
NWSA,0001564708-26-000213,2026-10-01T02:45:51.000Z,2026-10-02,-0.72973,0.009062,0.006073,0.00299,-0.002788,0.004875,-0.007664,0.013942,0.015319,-0.001377
NWSA,0001564708-26-000212,2026-09-30T03:31:18.000Z,2026-10-01,-0.72973,0.001746,0.00285,-0.001104,-0.003142,0.015368,-0.018511,0.011522,0.014306,-0.002783
NWSA,0001564708-26-000211,2026-09-29T03:51:22.000Z,2026-09-30,-0.72973,-0.000349,0.005201,-0.00555,0.010471,0.014107,-0.003636,-0.001396,0.012976,-0.014372
NWSA,0001564708-26-000210,2026-09-28T15:42:24.000Z,2026-09-29,-0.72973,0.004558,-0.007103,0.011661,0.005961,0.000916,0.005045,0.001052,0.01349,-0.012438
NWSA,0001564708-26-000209,2026-09-25T04:24:28.000Z,2026-09-28,-0.72973,-0.019931,-0.001568,-0.018364,-0.015808,-0.00347,-0.012337,-0.005155,0.005345,-0.010499
NWSA,0001564708-26-000208,2026-09-24T04:02:53.000Z,2026-09-25,-0.72973,0.021411,-0.006655,0.028066,0.005616,-0.0153,0.020916,0.00702,-0.007354,0.014374
NWSA,0001564708-26-000207,2026-09-23T03:06:26.000Z,2026-09-24,-0.72973,0.001758,0.004146,-0.002388,0.002813,-0.004126,0.006939,0.007032,-0.006119,0.013151
NWSA,0001564708-26-000206,2026-09-22T04:23:10.000Z,2026-09-23,-0.72973,0.01138,-0.005939,0.017319,0.034851,-0.00843,0.043281,0.018848,-0.017061,0.035908
NWSA,0001564708-26-000205,2026-09-21T14:27:27.000Z,2026-09-22,-0.72973,-0.038632,-0.007084,-0.031548,-0.025983,-0.008912,-0.017071,-0.024957,-0.016986,-0.007971
NWSA,0001564708-26-000204,2026-09-18T02:26:38.000Z,2026-09-21,-0.72973,-0.015152,-9.4e-05,-0.015058,-0.042424,-0.013065,-0.029359,-0.020202,-0.015452,-0.00475
NWSA,0001564708-26-000203,2026-09-17T02:40:28.000Z,2026-09-18,-0.72973,-0.002686,0.005038,-0.007724,-0.055742,-0.002109,-0.053633,-0.043318,-0.003817,-0.039501
NWSA,0001564708-26-000202,2026-09-16T04:31:00.000Z,2026-09-17,-0.72973,-0.013254,-0.004282,-0.008971,-0.030815,0.000835,-0.03165,-0.057654,-0.012073,-0.045581
NWSA,0001564708-26-000201,2026-09-15T04:03:50.000Z,2026-09-16,-0.72973,-0.000331,0.004965,-0.005297,-0.016231,0.005892,-0.022123,-0.068566,-0.00113,-0.067436
NWSA,0001564708-26-000200,2026-09-14T20:09:12.000Z,2026-09-15,-0.72973,-0.008213,-0.007863,-0.00035,-0.021682,-0.007122,-0.01456,-0.039093,-0.001667,-0.037427
NWSA,0001564708-26-000199,2026-09-11T02:37:21.000Z,2026-09-14,-0.72973,-0.003927,-0.005515,0.001588,-0.012435,-0.008558,-0.003877,-0.028141,-0.007269,-0.020872
NWSA,0001564708-26-000198,2026-09-10T05:21:31.000Z,2026-09-11,-0.72973,0.038043,0.00012,0.037923,0.025476,-0.013321,0.038797,0.011549,-0.013001,0.02455
NWSA,0001564708-26-000197,2026-09-09T04:30:29.000Z,2026-09-10,-0.72973,0.002042,0.00808,-0.006038,0.036079,0.002559,0.03352,0.027229,-0.000603,0.027832
NWSA,0001564708-26-000196,2026-09-08T17:06:36.000Z,2026-09-09,-0.72973,-0.007768,-0.006947,-0.000821,0.032084,0.001141,0.030942,0.019588,-0.012328,0.031916
NWSA,0001564708-26-000195,2026-09-04T05:12:17.000Z,2026-09-08,-0.72973,-0.003701,-0.009463,0.005762,-0.009421,-0.008403,-0.001018,0.024226,-0.013609,0.037835
NWSA,0001564708-26-000194,2026-09-03T03:08:39.000Z,2026-09-04,-0.72973,-0.018756,-0.00963,-0.009127,-0.029982,-0.025883,-0.004099,0.008977,-0.018372,0.027349
NWSA,0001564708-26-000193,2026-09-02T03:01:00.000Z,2026-09-03,-0.72973,-0.018094,-0.004067,-0.014027,-0.040077,-0.022788,-0.017288,-0.045588,-0.021878,-0.02371
NWSA,0001564708-26-000192,2026-09-01T02:37:28.000Z,2026-09-02,-0.72973,0.009788,0.0072,0.002587,-0.02708,-0.006517,-0.020563,-0.03821,-0.022942,-0.015268
NWSA,0001564708-26-000191,2026-08-31T17:20:57.000Z,2026-09-01,-0.72973,0.000653,0.004317,-0.003664,-0.007835,0.007356,-0.015191,-0.030048,-0.011649,-0.018399
NWSA,0001564708-26-000190,2026-08-28T03:56:27.000Z,2026-08-31,-0.72973,-0.002605,-0.008009,0.005404,0.007815,0.003345,0.00447,-0.028981,-0.010337,-0.018644
NWSA,0001564708-26-000189,2026-08-27T03:58:31.000Z,2026-08-28,-0.72973,-0.008395,-0.006249,-0.002147,-0.010333,-0.009969,-0.000364,-0.018728,-0.007081,-0.011647
NWSA,0001564708-26-000188,2026-08-26T05:52:26.000Z,2026-08-27,-0.72973,-0.007054,-0.003321,-0.003732,-0.017954,-0.017483,-0.000472,-0.007695,-0.006259,-0.001436
NWSA,0001564708-26-000187,2026-08-25T03:15:18.000Z,2026-08-26,-0.72973,0.007429,-0.002977,0.010406,-0.008075,-0.01248,0.004405,-0.010013,-0.016322,0.006309
NWSA,0001564708-26-000186,2026-08-24T14:58:50.000Z,2026-08-25,-0.72973,0.001294,0.002192,-0.000898,0.001617,-0.00427,0.005887,-0.009379,-0.018417,0.009038
NWSA,0001564708-26-000185,2026-08-21T04:50:05.000Z,2026-08-24,-0.72973,0.005202,-0.000988,0.00619,0.013979,-0.001771,0.01575,-0.001626,-0.011446,0.009821
NWSA,0001564708-26-000184,2026-08-20T04:18:12.000Z,2026-08-21,-0.72973,0.012508,0.00094,0.011568,0.019092,0.001965,0.017127,0.019421,-0.004583,0.024004
NWSA,0001564708-26-000183,2026-08-19T04:33:34.000Z,2026-08-20,-0.72973,0.024621,0.005829,0.018791,0.042833,0.005715,0.037118,0.051939,0.004712,0.047227
NWSA,0001564708-26-000182,2026-08-18T05:29:19.000Z,2026-08-19,-0.72973,0.006791,-0.006906,0.013697,0.044482,-0.000244,0.044726,0.051273,0.000727,0.050546
NWSA,0001564708-26-000181,2026-08-17T15:31:17.000Z,2026-08-18,-0.72973,0.002042,0.009224,-0.007183,0.033685,0.007591,0.026094,0.052059,0.007786,0.044273
NWSA,0001564708-26-000180,2026-08-14T04:17:35.000Z,2026-08-17,-0.72973,0.024042,-0.004487,0.028529,0.033101,-0.002847,0.035948,0.071777,0.00437,0.067407
NWSA,0001564708-26-000179,2026-08-13T04:57:52.000Z,2026-08-14,-0.72973,-0.015775,-0.00889,-0.006885,0.009945,-0.004365,0.01431,0.041838,-0.005973,0.047811
NWSA,0001564708-26-000178,2026-08-12T03:26:38.000Z,2026-08-13,-0.72973,0.007602,0.000845,0.006757,0.015549,-0.012715,0.028264,0.024534,-0.011206,0.03574
NWSA,0001564708-26-000177,2026-08-11T03:10:15.000Z,2026-08-12,-0.72973,0.009418,0.007478,0.00194,0.001046,-0.000758,0.001805,0.027206,0.003727,0.023479
NWSA,0001564708-26-000176,2026-08-10T15:11:10.000Z,2026-08-11,-0.72973,0.001397,0.002433,-0.001036,0.018512,0.010429,0.008083,0.026546,-0.003447,0.029993
NWSA,0001564708-26-000174,2026-08-07T02:59:40.000Z,2026-08-10,-0.72973,0.004914,0.002101,0.002813,0.015795,0.011707,0.004088,0.007371,0.003686,0.003686
NWSA,0001564708-26-000172,2026-08-06T03:46:00.000Z,2026-08-07,-0.72973,-0.001052,0.000179,-0.001231,0.00526,0.004379,0.000881,0.02244,0.012525,0.009916
NWSA,0001564708-26-000171,2026-08-06T00:17:48.000Z,2026-08-07,-0.271605,-0.001052,0.000179,-0.001231,0.00526,0.004379,0.000881,0.02244,0.012525,0.009916
NWSA,0001564708-26-000167,2026-08-05T15:47:05.000Z,2026-08-06,-0.72973,-0.03876,0.00705,-0.04581,-0.035052,0.009173,-0.044226,-0.024604,0.018773,-0.043377
NWSA,0001564708-26-000166,2026-08-04T04:38:30.000Z,2026-08-05,-0.72973,0.020991,-0.005057,0.026048,-0.019615,0.00197,-0.021585,-0.01342,0.006071,-0.019492
NWSA,0001564708-26-000165,2026-08-03T16:01:47.000Z,2026-08-04,-0.72973,0.016439,-0.002081,0.018521,-0.002448,0.000165,-0.002613,0.001399,0.001963,-0.000564
NWSA,0001564708-26-000164,2026-07-31T03:00:18.000Z,2026-08-03,-0.72973,0.023264,0.01478,0.008484,0.061918,0.007126,0.054793,0.019685,0.014267,0.005418
NWSA,0001564708-26-000163,2026-07-30T02:25:47.000Z,2026-07-31,-0.72973,0.013788,0.010454,0.003334,0.054427,0.023077,0.03135,0.034833,0.025049,0.009784
NWSA,0001564708-26-000162,2026-07-29T05:04:41.000Z,2026-07-30,-0.72973,-0.018868,-0.00127,-0.017598,0.0178,0.024323,-0.006523,0.056248,0.016515,0.039732
NWSA,0001564708-26-000161,2026-07-28T03:40:24.000Z,2026-07-29,-0.72973,-0.02533,0.000251,-0.025581,-0.030534,0.009992,-0.040526,0.008328,0.022839,-0.014511
NWSA,0001564708-26-000160,2026-07-27T16:33:39.000Z,2026-07-28,-0.72973,0.022711,-0.008959,0.03167,-0.022001,-0.010642,-0.01136,0.014549,0.014764,-0.000214
NWSA,0001564708-26-000159,2026-07-24T04:25:27.000Z,2026-07-27,-0.72973,0.032613,0.010683,0.02193,0.029315,0.000796,0.028519,0.023818,0.009844,0.013974
NWSA,0001564708-26-000158,2026-07-23T03:12:42.000Z,2026-07-24,-0.72973,0.019806,0.007936,0.011869,0.076981,0.01061,0.06637,0.029895,0.007518,0.022378
NWSA,0001564708-26-000157,2026-07-22T02:48:29.000Z,2026-07-23,-0.72973,0.016331,0.007986,0.008346,0.070262,0.028046,0.042216,0.066844,0.017456,0.049388
NWSA,0001564708-26-000156,2026-07-21T02:27:04.000Z,2026-07-22,-0.72973,-0.036942,-0.003956,-0.032987,-0.001829,0.012083,-0.013912,0.054133,0.0153,0.038833
NWSA,0001564708-26-000155,2026-07-20T14:47:50.000Z,2026-07-21,-0.72973,-0.006902,-0.000161,-0.006741,-0.027969,0.003808,-0.031777,0.023611,0.023215,0.000395
NWSA,0001564708-26-000154,2026-07-17T02:54:15.000Z,2026-07-20,-0.72973,-0.026865,0.00249,-0.029355,-0.069282,-0.001485,-0.067798,-0.035348,0.013676,-0.049024
NWSA,0001564708-26-000153,2026-07-16T03:10:50.000Z,2026-07-17,-0.72973,-0.004924,-0.004675,-0.000249,-0.03834,-0.002299,-0.03604,-0.058741,0.001193,-0.059934
NWSA,0001564708-26-000152,2026-07-15T02:31:29.000Z,2026-07-16,-0.72973,-0.009062,-0.007527,-0.001535,-0.040432,-0.009631,-0.030801,-0.082259,-0.013539,-0.06872
NWSA,0001564708-26-000151,2026-07-14T02:51:48.000Z,2026-07-15,-0.72973,0.025375,0.01,0.015376,0.011079,-0.002387,0.013467,-0.022873,-0.000527,-0.022346
NWSA,0001564708-26-000150,2026-07-13T16:56:12.000Z,2026-07-14,-0.72973,0.013768,-0.00151,0.015278,0.030072,0.000925,0.029147,-0.002536,-0.001998,-0.000538
NWSA,0001564708-26-000149,2026-07-10T05:27:38.000Z,2026-07-13,-0.72973,-0.004688,-0.003751,-0.000937,0.03462,0.004409,0.03021,0.020195,-0.008034,0.028229
NWSA,0001564708-26-000148,2026-07-09T03:30:11.000Z,2026-07-10,-0.72973,0.013153,-0.000315,0.013468,0.022287,-0.005796,0.028083,0.038729,-0.003257,0.041986
NWSA,0001564708-26-000147,2026-07-08T02:29:52.000Z,2026-07-09,-0.72973,-0.004365,0.003672,-0.008038,0.004001,-0.000594,0.004595,0.043652,0.008105,0.035547
NWSA,0001564708-26-000146,2026-07-07T04:04:52.000Z,2026-07-08,-0.72973,0.028817,0.006398,0.02242,0.037799,0.009569,0.02823,0.047156,0.004141,0.043014
NWSA,0001564708-26-000145,2026-07-03T03:20:49.000Z,2026-07-06,-0.72973,0.010511,-0.000502,0.011013,0.031907,-0.005357,0.037264,0.040916,-0.001896,0.042812
NWSA,0001564708-26-000144,2026-07-02T03:45:21.000Z,2026-07-06,-0.72973,0.010511,-0.000502,0.011013,0.031907,-0.005357,0.037264,0.040916,-0.001896,0.042812
NWSA,0001564708-26-000143,2026-07-01T02:26:07.000Z,2026-07-02,-0.72973,0.0,0.000325,-0.000325,0.003003,-0.011237,0.01424,0.027402,-0.001412,0.028815
NWSA,0001564708-26-000142,2026-06-30T03:54:15.000Z,2026-07-01,-0.72973,0.033359,0.008354,0.025005,0.04422,0.008203,0.036017,0.06633,0.002918,0.063413
NWSA,0001564708-26-000141,2026-06-29T15:01:03.000Z,2026-06-30,-0.72973,0.03826,0.003828,0.034433,0.072896,0.012815,0.060081,0.076118,0.001315,0.074802
NWSA,0001564708-26-000140,2026-06-26T02:33:49.000Z,2026-06-29,-0.72973,-0.017023,-0.001081,-0.015942,0.054632,0.011239,0.043393,0.065717,0.011257,0.054459
NWSA,0001564708-26-000139,2026-06-25T02:20:54.000Z,2026-06-26,-0.72973,-0.005903,0.001142,-0.007045,0.014561,0.003695,0.010866,0.048406,0.012349,0.036057
NWSA,0001564708-26-000138,2026-06-24T02:30:35.000Z,2026-06-25,-0.72973,0.015182,0.005449,0.009733,-0.00799,0.005293,-0.013284,0.064323,0.018378,0.045945
NWSA,0001564708-26-000137,2026-06-23T02:31:05.000Z,2026-06-24,-0.72973,-0.007927,0.005557,-0.013484,0.001189,0.011861,-0.010672,0.0218,0.0144,0.0074
NWSA,0001564708-26-000136,2026-06-19T05:27:16.000Z,2026-06-22,-0.72973,0.015034,-0.00224,0.017274,0.017066,0.01021,0.006856,0.026412,0.017182,0.00923
NWSA,0001564708-26-000135,2026-06-18T02:35:50.000Z,2026-06-22,-0.72973,0.015034,-0.00224,0.017274,0.017066,0.01021,0.006856,0.026412,0.017182,0.00923
NWSA,0001564708-26-000134,2026-06-17T03:33:58.000Z,2026-06-18,-0.72973,-0.026503,0.000577,-0.02708,-0.001978,0.005063,-0.007041,0.005142,0.016234,-0.011092
NWSA,0001564708-26-000133,2026-06-16T02:29:45.000Z,2026-06-17,-0.72973,-0.026944,0.003447,-0.030391,-0.038491,0.00124,-0.039732,-0.036567,0.014319,-0.050886
NWSA,0001564708-26-000132,2026-06-15T14:18:37.000Z,2026-06-16,-0.72973,0.001928,-0.016485,0.018413,-0.050906,-0.012246,-0.038661,-0.026996,-0.008325,-0.018671
NWSA,0001564708-26-000131,2026-06-13T00:05:20.000Z,2026-06-15,-0.333333,0.008949,-0.000583,0.009532,-0.016342,-0.013772,-0.00257,-0.028016,-0.015953,-0.012062
NWSA,0001564708-26-000127,2026-06-12T03:19:29.000Z,2026-06-15,-0.72973,0.008949,-0.000583,0.009532,-0.016342,-0.013772,-0.00257,-0.028016,-0.015953,-0.012062
NWSA,0001564708-26-000126,2026-06-11T14:42:57.000Z,2026-06-12,-0.72973,0.000779,0.003465,-0.002687,0.011682,-0.014304,0.025986,-0.041667,-0.009873,-0.031794
NWSA,0001564708-26-000124,2026-06-10T02:55:18.000Z,2026-06-11,-0.72973,-0.023574,0.007831,-0.031405,-0.014068,0.010001,-0.02407,-0.038783,-0.002776,-0.036007
NWSA,0001564708-26-000123,2026-06-09T03:11:14.000Z,2026-06-10,-0.746479,-0.024842,0.014297,-0.039139,-0.047089,0.026342,-0.073431,-0.036707,0.008259,-0.044966
NWSA,0001564708-26-000122,2026-06-05T05:04:05.000Z,2026-06-08,-0.72973,0.005174,0.009475,-0.004302,-0.028086,0.010944,-0.03903,-0.050259,0.022442,-0.072701
NWSA,0001564708-26-000121,2026-06-04T02:30:41.000Z,2026-06-05,-0.72973,-0.007337,-0.002379,-0.004958,-0.010638,-0.005524,-0.005114,-0.05796,0.016479,-0.074439
NWSA,0001564708-26-000120,2026-06-03T03:00:36.000Z,2026-06-04,-0.72973,0.015648,-0.009468,0.025116,0.013413,-0.002575,0.015988,-0.020119,-0.001107,-0.019013
NWSA,0001564708-26-000119,2026-06-02T03:59:36.000Z,2026-06-03,-0.72973,0.030326,0.009608,0.020718,0.038772,-0.002579,0.04135,0.035317,-0.004746,0.040062
NWSA,0001564708-26-000118,2026-06-01T14:32:37.000Z,2026-06-02,-0.72973,-0.013631,-0.004463,-0.009169,0.032185,-0.004322,0.036507,0.029913,0.002786,0.027127
NWSA,0001564708-26-000117,2026-05-29T03:14:31.000Z,2026-06-01,-0.72973,-0.014552,0.002888,-0.017441,0.001493,0.008009,-0.006517,0.009701,-0.004428,0.014129
NWSA,0001564708-26-000116,2026-05-28T03:27:13.000Z,2026-05-29,-0.72973,0.02682,0.000853,0.025967,-0.001916,-0.000925,-0.00099,0.044444,-0.001623,0.046068
NWSA,0001564708-26-000115,2026-05-27T04:36:07.000Z,2026-05-28,-0.72973,-0.015837,0.000698,-0.016535,-0.004148,0.004586,-0.008734,0.012066,0.009156,0.00291
NWSA,0001564708-26-000114,2026-05-26T14:27:52.000Z,2026-05-27,-0.72973,-0.003382,0.004229,-0.007611,0.00714,0.00651,0.00063,-0.021045,0.004171,-0.025215
NWSA,0001564708-26-000113,2026-05-22T03:15:39.000Z,2026-05-26,-0.72973,0.015649,-0.000163,0.015812,-0.003817,0.005025,-0.008841,0.008015,0.008845,-0.00083
NWSA,0001564708-26-000112,2026-05-21T02:24:24.000Z,2026-05-22,-0.72973,0.011974,0.003283,0.008691,0.024334,0.007078,0.017255,0.035149,0.009892,0.025257
NWSA,0001564708-26-000111,2026-05-20T02:53:59.000Z,2026-05-21,-0.72973,-0.01409,0.008498,-0.022588,0.013328,0.011755,0.001573,-0.006093,0.01736,-0.023453
NWSA,0001564708-26-000110,2026-05-19T02:38:19.000Z,2026-05-20,-0.72973,0.019014,0.003571,0.015443,0.016686,0.015625,0.001061,0.029104,0.019547,0.009557
NWSA,0001564708-26-000109,2026-05-18T14:32:20.000Z,2026-05-19,-0.72973,-0.017912,0.011418,-0.029329,-0.013338,0.023837,-0.037175,0.014101,0.027674,-0.013573
NWSA,0001564708-26-000108,2026-05-15T03:54:48.000Z,2026-05-18,-0.72973,-0.001142,-0.005561,0.004419,-0.000381,0.009336,-0.009717,-0.002665,0.021677,-0.024342
NWSA,0001564708-26-000107,2026-05-14T02:55:25.000Z,2026-05-15,-0.72973,0.013503,0.007625,0.005879,-0.005787,0.013274,-0.019061,-0.001157,0.025519,-0.026676
NWSA,0001564708-26-000106,2026-05-13T03:55:09.000Z,2026-05-14,-0.72973,-0.012571,-0.009867,-0.002705,-0.000381,-0.007509,0.007128,0.000381,0.006807,-0.006426
NWSA,0001564708-26-000105,2026-05-12T04:14:17.000Z,2026-05-13,-0.72973,-0.015379,0.004399,-0.019778,-0.014629,0.002292,-0.016921,-0.033383,0.007758,-0.041142
NWSA,0001564708-26-000104,2026-05-11T14:33:05.000Z,2026-05-12,-0.72973,0.004521,-0.005352,0.009874,-0.023361,-0.010937,-0.012424,-0.011304,-0.008793,-0.002511
NWSA,0001564708-26-000102,2026-05-08T05:53:07.000Z,2026-05-11,-0.72973,-0.017401,0.000149,-0.017549,-0.028138,-0.000834,-0.027304,-0.027397,-0.003038,-0.024359
NWSA,0001564708-26-000101,2026-05-08T00:20:23.000Z,2026-05-11,-0.405797,-0.017401,0.000149,-0.017549,-0.028138,-0.000834,-0.027304,-0.027397,-0.003038,-0.024359
NWSA,0001564708-26-000096,2026-05-07T04:09:17.000Z,2026-05-08,-0.72973,-0.00037,-0.002433,0.002063,-0.013323,-0.007545,-0.005778,-0.040711,-0.013152,-0.027559
NWSA,0001564708-26-000095,2026-05-06T14:37:00.000Z,2026-05-07,-0.72973,-0.00074,0.00101,-0.00175,-0.018491,-0.001337,-0.017155,-0.029216,-0.001975,-0.027241
NWSA,0001564708-26-000094,2026-05-05T02:32:39.000Z,2026-05-06,-0.72973,0.032061,-0.005314,0.037375,0.030916,-0.006743,0.037659,0.017557,-0.011773,0.02933
NWSA,0001564708-26-000093,2026-05-04T16:28:29.000Z,2026-05-05,-0.72973,0.029874,0.008677,0.021198,0.062107,0.004366,0.057741,0.043239,0.001754,0.041485
NWSA,0001564708-26-000092,2026-05-01T04:07:47.000Z,2026-05-04,-0.72973,-0.013953,0.007294,-0.021247,0.048062,0.010479,0.037583,0.046899,0.009716,0.037184
NWSA,0001564708-26-000091,2026-04-30T03:08:38.000Z,2026-05-01,-0.72973,-0.016768,-0.006355,-0.010413,-0.001524,0.009573,-0.011097,0.029726,0.005579,0.024146
NWSA,0001564708-26-000090,2026-04-29T04:36:48.000Z,2026-04-30,-0.72973,-0.00304,-0.002823,-0.000216,-0.033435,-0.00182,-0.031615,0.027356,0.00129,0.026066
NWSA,0001564708-26-000089,2026-04-28T03:32:28.000Z,2026-04-29,-0.72973,0.003049,0.014595,-0.011546,-0.016768,0.005321,-0.02209,-0.001524,0.021751,-0.023275
NWSA,0001564708-26-000088,2026-04-27T15:32:57.000Z,2026-04-28,-0.72973,0.003058,-0.002693,0.005751,0.003058,0.008924,-0.005866,-0.027523,0.010188,-0.037711
NWSA,0001564708-26-000086,2026-04-24T04:07:49.000Z,2026-04-27,-0.72973,-0.009466,-0.004228,-0.005238,-0.003408,0.007371,-0.010779,-0.023097,-0.00166,-0.021438
NWSA,0001564708-26-000085,2026-04-23T04:09:58.000Z,2026-04-24,-0.72973,0.008015,-0.001822,0.009837,0.001527,-0.008626,0.010153,0.001527,0.002731,-0.001205
NWSA,0001564708-26-000084,2026-04-22T03:06:50.000Z,2026-04-23,-0.72973,-0.004181,-0.001856,-0.002324,-0.005701,-0.007985,0.002284,0.00038,0.003756,-0.003376
NWSA,0001564708-26-000083,2026-04-21T03:24:23.000Z,2026-04-22,-0.72973,-0.012758,-0.000628,-0.01213,-0.009006,-0.00455,-0.004456,-0.015385,-0.011083,-0.004301
NWSA,0001564708-26-000081,2026-04-20T14:03:50.000Z,2026-04-21,-0.72973,0.008705,-0.000183,0.008888,-0.008327,-0.002797,-0.00553,-0.009841,-0.008983,-0.000858
NWSA,0001564708-26-000080,2026-04-17T03:00:34.000Z,2026-04-20,-0.72973,0.017328,-0.006155,0.023482,0.013092,-0.006962,0.020054,0.016943,-0.010689,0.027632
NWSA,0001564708-26-000079,2026-04-16T05:08:50.000Z,2026-04-17,-0.72973,-0.001538,0.002829,-0.004367,0.024606,-0.003371,0.027977,0.007305,-0.006033,0.013338
NWSA,0001564708-26-000078,2026-04-15T05:56:51.000Z,2026-04-16,-0.72973,0.00853,0.012363,-0.003833,0.024428,0.008954,0.015474,0.020163,0.008043,0.012119
NWSA,0001564708-26-000077,2026-04-14T05:17:10.000Z,2026-04-15,-0.72973,0.01816,0.004765,0.013395,0.025266,0.019971,0.005296,0.052112,0.013661,0.038451
NWSA,0001564708-26-000076,2026-04-13T14:39:50.000Z,2026-04-14,-0.72973,0.011986,0.000612,0.011374,0.039153,0.017606,0.021547,0.055533,0.014425,0.041108
NWSA,0001564708-26-000075,2026-04-10T03:57:00.000Z,2026-04-13,-0.72973,0.003609,0.00427,-0.000662,0.034082,0.009646,0.024436,0.041299,0.02507,0.016229
NWSA,0001564708-26-000074,2026-04-09T04:05:39.000Z,2026-04-10,-0.72973,0.018791,0.012465,0.006326,0.034722,0.017735,0.016987,0.0625,0.03511,0.02739
NXPI,0001413447-26-000051,2026-09-03T00:02:36.000Z,2026-09-04,-0.818182,-0.017424,-0.00963,-0.007795,-0.006013,-0.025883,0.01987,-0.015844,-0.018372,0.002527
NXPI,0001413447-26-000047,2026-08-29T00:19:30.000Z,2026-08-31,-0.117647,-0.009972,-0.008009,-0.001962,0.001558,0.003345,-0.001787,-0.003428,-0.010337,0.006909
NXPI,0001413447-26-000044,2026-07-29T00:14:04.000Z,2026-07-30,-0.339623,-0.065263,-0.00127,-0.063993,-0.030837,0.024323,-0.05516,-0.054577,0.016515,-0.071092
NXPI,0001413447-26-000039,2026-06-11T16:17:25.000Z,2026-06-12,-0.444444,0.036148,0.003465,0.032682,-0.021846,-0.014304,-0.007542,0.06029,-0.009873,0.070163
NXPI,0001413447-26-000032,2026-04-29T00:19:01.000Z,2026-04-30,-0.247863,0.00562,-0.002823,0.008444,-0.004224,-0.00182,-0.002404,-0.011479,0.00129,-0.012769
NXPI,0001413447-26-000016,2026-04-21T00:31:52.000Z,2026-04-22,-0.090909,0.068261,-0.000628,0.068889,0.049258,-0.00455,0.053808,0.281285,-0.011083,0.292368
O,0001104659-26-100789,2026-08-25T20:00:30.000Z,2026-08-26,-0.8,-0.007388,-0.002977,-0.004411,-0.011418,-0.01248,0.001062,-0.007869,-0.016322,0.008453
O,0001104659-26-097260,2026-08-14T20:35:01.000Z,2026-08-17,-0.791045,-0.003045,-0.004487,0.001442,0.01234,-0.002847,0.015186,0.01234,0.00437,0.00797
O,0001104659-26-094314,2026-08-12T10:02:30.000Z,2026-08-13,-0.575758,-0.003336,0.000845,-0.004181,-0.011755,-0.012715,0.000959,0.003495,-0.011206,0.014701
O,0001104659-26-094098,2026-08-11T20:40:21.000Z,2026-08-12,-0.625,0.005752,0.007478,-0.001726,-0.003036,-0.000758,-0.002277,0.005752,0.003727,0.002025
O,0000726728-26-000044,2026-08-05T20:07:57.000Z,2026-08-06,-0.32093,0.002405,0.00705,-0.004644,-0.007537,0.009173,-0.01671,0.009461,0.018773,-0.009311
O,0001104659-26-083103,2026-07-13T20:10:54.000Z,2026-07-14,-0.698113,-0.007998,-0.00151,-0.006487,0.030422,0.000925,0.029497,0.019131,-0.001998,0.021129
O,0001104659-26-080984,2026-07-07T12:55:34.000Z,2026-07-08,-0.6,-0.000949,0.006398,-0.007347,0.014866,0.009569,0.005297,0.000474,0.004141,-0.003667
O,0001104659-26-079023,2026-06-30T01:54:22.000Z,2026-07-01,-0.826087,0.032675,0.008354,0.024322,0.035426,0.008203,0.027222,0.021838,0.002918,0.01892
O,0001104659-26-078408,2026-06-29T10:01:46.000Z,2026-06-30,-0.809524,-0.002259,0.003828,-0.006087,0.019852,0.012815,0.007037,0.020497,0.001315,0.019182
O,0000726728-26-000033,2026-05-22T20:08:31.000Z,2026-05-26,-0.666667,-0.004163,-0.000163,-0.004,-0.014405,0.005025,-0.01943,-0.03644,0.008845,-0.045285
O,0001104659-26-057450,2026-05-08T10:01:41.000Z,2026-05-11,-0.2,0.002726,0.000149,0.002578,-0.006414,-0.000834,-0.005581,-0.010423,-0.003038,-0.007385
O,0000726728-26-000028,2026-05-06T20:08:39.000Z,2026-05-07,-0.20354,0.002104,0.00101,0.001094,0.011976,-0.001337,0.013313,0.002751,-0.001975,0.004726
ODFL,0000878927-26-000027,2026-09-22T18:15:28.000Z,2026-09-23,0.142857,-0.015699,-0.005939,-0.00976,-0.004895,-0.00843,0.003535,-0.021832,-0.017061,-0.004772
ODFL,0000878927-26-000025,2026-09-03T13:37:03.000Z,2026-09-04,-0.566667,0.006133,-0.00963,0.015763,-0.028622,-0.025883,-0.002739,-0.021305,-0.018372,-0.002933
ODFL,0000878927-26-000021,2026-07-29T13:14:03.000Z,2026-07-30,-0.388889,-0.001553,-0.00127,-0.000283,0.03224,0.024323,0.007917,-0.004989,0.016515,-0.021504
ODFL,0000878927-26-000019,2026-07-23T12:57:50.000Z,2026-07-24,-0.807692,-0.026696,0.007936,-0.034633,-0.043779,0.01061,-0.054389,-0.089489,0.007518,-0.097007
ODFL,0000878927-26-000015,2026-06-03T13:00:56.000Z,2026-06-04,-0.6,-0.012015,-0.009468,-0.002548,0.013074,-0.002575,0.015649,0.009123,-0.001107,0.01023
ODFL,0000878927-26-000013,2026-05-21T13:00:08.000Z,2026-05-22,-0.821429,0.029173,0.003283,0.02589,0.049366,0.007078,0.042287,0.085808,0.009892,0.075916
ODFL,0000878927-26-000009,2026-04-29T13:03:15.000Z,2026-04-30,-0.324675,-0.031163,-0.002823,-0.02834,-0.076966,-0.00182,-0.075147,-0.067646,0.00129,-0.068936
OKE,0001193125-26-392003,2026-09-16T00:37:19.000Z,2026-09-17,0.0,0.002575,-0.004282,0.006857,-0.033577,0.000835,-0.034411,-0.021884,-0.012073,-0.00981
OKE,0001193125-26-377023,2026-09-01T01:09:01.000Z,2026-09-02,-0.148936,-0.002708,0.0072,-0.009909,0.015623,-0.006517,0.022141,-0.003021,-0.022942,0.019922
OKE,0001039684-26-000027,2026-08-04T00:22:11.000Z,2026-08-05,-0.542169,0.007909,-0.005057,0.012966,0.035534,0.00197,0.033564,0.05995,0.006071,0.053878
OKE,0001039684-26-000022,2026-05-22T00:21:15.000Z,2026-05-26,-0.6,-0.024657,-0.000163,-0.024494,-0.071871,0.005025,-0.076896,-0.041132,0.008845,-0.049978
OKE,0001039684-26-000015,2026-04-29T00:22:52.000Z,2026-04-30,-0.609756,-0.022712,-0.002823,-0.019889,-0.014723,-0.00182,-0.012903,-0.060145,0.00129,-0.061435
OMC,0001213900-26-107282,2026-10-07T01:01:28.000Z,2026-10-08,0.333333,0.000262,0.003659,-0.003397,,,,,,
OMC,0000029989-26-000018,2026-07-29T00:07:49.000Z,2026-07-30,-0.586207,-0.011431,-0.00127,-0.010161,0.027635,0.024323,0.003312,0.036428,0.016515,0.019912
OMC,0001213900-26-053924,2026-05-09T00:30:39.000Z,2026-05-11,-0.6,0.011843,0.000149,0.011694,-0.047505,-0.000834,-0.046671,-0.026747,-0.003038,-0.023708
OMC,0000029989-26-000008,2026-04-29T00:08:25.000Z,2026-04-30,-0.626667,0.002607,-0.002823,0.00543,0.011992,-0.00182,0.013812,0.002607,0.00129,0.001317
ON,0001140361-26-038294,2026-10-02T01:10:07.000Z,2026-10-05,-0.154639,0.004422,0.006354,-0.001932,-0.075876,0.005411,-0.081287,,,
ON,0001140361-26-032594,2026-08-13T14:01:02.000Z,2026-08-14,-0.411765,0.00871,-0.00889,0.017601,-0.073554,-0.004365,-0.069189,-0.102226,-0.005973,-0.096253
ON,0001140361-26-030989,2026-08-04T00:54:23.000Z,2026-08-05,-0.271186,0.018463,-0.005057,0.02352,0.037316,0.00197,0.035346,0.083344,0.006071,0.077273
ON,0001140361-26-026395,2026-06-26T00:55:15.000Z,2026-06-29,-0.081395,0.067404,-0.001081,0.068485,0.02992,0.011239,0.018681,0.028565,0.011257,0.017308
ON,0001140361-26-021907,2026-05-19T00:30:46.000Z,2026-05-20,-0.555556,-0.005444,0.003571,-0.009015,0.152346,0.015625,0.136721,0.123038,0.019547,0.103491
ON,0001140361-26-020642,2026-05-12T02:37:57.000Z,2026-05-13,-0.647059,0.022989,0.004399,0.018589,-0.054274,0.002292,-0.056566,-0.047533,0.007758,-0.055291
ON,0001140361-26-019416,2026-05-07T14:31:04.000Z,2026-05-08,-0.357143,0.039147,-0.002433,0.041581,0.121221,-0.007545,0.128766,0.096027,-0.013152,0.109179
ON,0001140361-26-019207,2026-05-06T15:31:28.000Z,2026-05-07,-0.083333,0.025743,0.00101,0.024733,0.034788,-0.001337,0.036124,0.176523,-0.001975,0.178498
ON,0001140361-26-018868,2026-05-05T00:10:34.000Z,2026-05-06,-0.248,-0.048785,-0.005314,-0.043471,0.013898,-0.006743,0.020641,0.093978,-0.011773,0.105751
ORCL,0001193125-26-389753,2026-09-14T10:01:59.000Z,2026-09-15,-0.714286,0.020021,-0.007863,0.027884,0.051728,-0.007122,0.058849,0.063057,-0.001667,0.064723
ORCL,0001193125-26-387905,2026-09-10T20:16:50.000Z,2026-09-11,-0.061224,-0.036532,0.00012,-0.036652,-0.047378,-0.013321,-0.034057,-0.017767,-0.013001,-0.004766
ORCL,0001193125-26-265848,2026-06-10T20:13:46.000Z,2026-06-11,0.180328,0.000163,0.007831,-0.007668,0.022977,0.010001,0.012975,0.001032,-0.002776,0.003808
ORCL,0001193125-26-219708,2026-05-12T20:50:49.000Z,2026-05-13,0.454545,0.030828,0.004399,0.026429,-0.0166,0.002292,-0.018892,-0.008432,0.007758,-0.01619
ORLY,0000898173-26-000048,2026-10-01T20:33:18.000Z,2026-10-02,0.5,-0.011779,0.006073,-0.017851,-0.003416,0.004875,-0.008291,0.015548,0.015319,0.000229
ORLY,0001104659-26-097090,2026-08-14T20:05:29.000Z,2026-08-17,-0.647059,0.005874,-0.004487,0.010361,-0.012745,-0.002847,-0.009898,0.004987,0.00437,0.000617
ORLY,0001104659-26-094110,2026-08-11T20:48:59.000Z,2026-08-12,-0.2,0.005758,0.007478,-0.00172,-0.019772,-0.000758,-0.019013,-0.009234,0.003727,-0.012961
ORLY,0000898173-26-000042,2026-07-29T20:38:23.000Z,2026-07-30,-0.2,0.022779,-0.00127,0.024049,0.051168,0.024323,0.026845,0.068796,0.016515,0.05228
ORLY,0000898173-26-000039,2026-07-10T20:31:18.000Z,2026-07-13,0.0,-0.01753,-0.003751,-0.013778,-0.011801,0.004409,-0.01621,-0.031508,-0.008034,-0.023473
ORLY,0000898173-26-000037,2026-07-01T20:32:43.000Z,2026-07-02,0.5,-0.066593,0.000325,-0.066917,-0.058393,-0.011237,-0.047157,-0.043989,-0.001412,-0.042577
ORLY,0000898173-26-000033,2026-06-01T20:31:50.000Z,2026-06-02,-0.2,0.013336,-0.004463,0.017799,0.047547,-0.004322,0.051869,0.037806,0.002786,0.03502
ORLY,0000898173-26-000030,2026-05-18T20:36:04.000Z,2026-05-19,-0.8,0.003264,0.011418,-0.008154,-0.001958,0.023837,-0.025795,-0.031549,0.027674,-0.059223
ORLY,0000898173-26-000024,2026-04-29T20:35:09.000Z,2026-04-30,-0.315789,-0.027465,-0.002823,-0.024641,-0.044266,-0.00182,-0.042446,-0.048491,0.00129,-0.049781
OTIS,0001140361-26-036566,2026-09-15T12:16:26.000Z,2026-09-16,0.255814,-0.007942,0.004965,-0.012908,-0.03769,0.005892,-0.043582,-0.01343,-0.00113,-0.0123
OTIS,0001781335-26-000110,2026-07-22T10:05:47.000Z,2026-07-23,-0.203252,0.016391,0.007986,0.008406,0.04013,0.028046,0.012084,0.013,0.017456,-0.004456
OTIS,0001781335-26-000102,2026-05-29T20:12:35.000Z,2026-06-01,-0.666667,0.014278,0.002888,0.011389,0.007355,0.008009,-0.000654,0.004182,-0.004428,0.00861
OTIS,0001140361-26-019547,2026-05-07T20:19:43.000Z,2026-05-08,-0.666667,-0.01096,-0.002433,-0.008526,-0.021117,-0.007545,-0.013572,-0.045172,-0.013152,-0.03202
OTIS,0001781335-26-000072,2026-04-22T10:09:06.000Z,2026-04-23,-0.297297,-0.019374,-0.001856,-0.017517,-0.026796,-0.007985,-0.018811,-0.020254,0.003756,-0.02401
OXY,0001628280-26-053377,2026-08-05T20:16:18.000Z,2026-08-06,-0.34375,-0.00232,0.00705,-0.00937,0.05389,0.009173,0.044717,0.029622,0.018773,0.010849
OXY,0001628280-26-047886,2026-07-10T20:15:43.000Z,2026-07-13,-0.692308,-0.004379,-0.003751,-0.000627,-0.021164,0.004409,-0.025573,0.006933,-0.008034,0.014967
OXY,0001628280-26-030567,2026-05-05T20:16:53.000Z,2026-05-06,-0.353383,-0.021408,-0.005314,-0.016094,0.000363,-0.006743,0.007106,0.019231,-0.011773,0.031004
OXY,0000950157-26-000569,2026-05-04T21:20:53.000Z,2026-05-05,0.657143,-0.071116,0.008677,-0.079792,-0.106336,0.004366,-0.110702,-0.051736,0.001754,-0.053489
OXY,0001628280-26-024581,2026-04-10T11:15:27.000Z,2026-04-13,-0.684211,-0.046159,0.00427,-0.05043,-0.020496,0.009646,-0.030142,-0.06166,0.02507,-0.08673
PANW,0001327567-26-000019,2026-09-02T00:32:15.000Z,2026-09-03,-0.352941,0.003977,-0.004067,0.008043,0.00952,-0.022788,0.032308,-0.003886,-0.021878,0.017992
PANW,0001193125-26-361122,2026-08-22T00:15:18.000Z,2026-08-24,-0.176471,-0.031348,-0.000988,-0.03036,0.091052,-0.001771,0.092823,0.089,-0.011446,0.100446
PANW,0001327567-26-000012,2026-06-03T00:08:29.000Z,2026-06-04,-0.413333,-0.025783,-0.009468,-0.016316,-0.067073,-0.002575,-0.064498,0.001003,-0.001107,0.002109
PANW,0001193125-26-151637,2026-04-11T05:00:48.000Z,2026-04-13,0.2,-0.005661,0.00427,-0.009932,0.027445,0.009646,0.017798,0.043382,0.02507,0.018312
PAYX,0000723531-26-000004,2026-09-23T12:41:28.000Z,2026-09-24,-0.084746,-0.002165,0.004146,-0.006312,-0.022443,-0.004126,-0.018317,-0.007383,-0.006119,-0.001264
PAYX,0001193125-26-310277,2026-07-21T20:03:27.000Z,2026-07-22,0.0,-0.000722,-0.003956,0.003233,0.042803,0.012083,0.03072,0.114337,0.0153,0.099036
PAYX,0001193125-26-280314,2026-06-24T12:38:56.000Z,2026-06-25,-0.125,0.032878,0.005449,0.027429,0.016646,0.005293,0.011353,0.099566,0.018378,0.081188
PCAR,0001193125-26-318918,2026-07-28T12:05:17.000Z,2026-07-29,0.423077,-0.000822,0.000251,-0.001073,-0.013521,0.009992,-0.023513,-0.003959,0.022839,-0.026798
PCAR,0001193125-26-201546,2026-05-01T20:30:20.000Z,2026-05-04,-0.6,-0.008306,0.007294,-0.0156,-0.002798,0.010479,-0.013277,-0.012328,0.009716,-0.022044
PCAR,0001193125-26-183626,2026-04-28T12:05:17.000Z,2026-04-29,0.46875,0.005587,0.014595,-0.009008,-0.031911,0.005321,-0.037233,-0.013797,0.021751,-0.035548
PCG,0001999371-26-019256,2026-08-31T12:00:27.000Z,2026-09-01,0.0,-0.05192,0.004317,-0.056237,0.01707,0.007356,0.009714,0.009246,-0.011649,0.020895
PCG,0001193125-26-332848,2026-08-04T20:15:29.000Z,2026-08-05,-0.333333,-0.011628,-0.005057,-0.006571,-0.009302,0.00197,-0.011273,0.010465,0.006071,0.004394
PCG,0001004980-26-000047,2026-07-23T00:21:25.000Z,2026-07-24,-0.042654,-0.014006,0.007936,-0.021942,-0.007843,0.01061,-0.018453,-0.026331,0.007518,-0.033848
PCG,0001193125-26-279461,2026-06-23T20:15:35.000Z,2026-06-24,-0.6,-0.002336,0.005557,-0.007894,0.007009,0.011861,-0.004852,-0.029311,0.0144,-0.043711
PCG,0001193125-26-255485,2026-06-03T20:17:22.000Z,2026-06-04,-0.333333,0.017241,-0.009468,0.026709,-0.014269,-0.002575,-0.011694,-0.001783,-0.001107,-0.000677
PCG,0001999371-26-011451,2026-05-26T20:30:48.000Z,2026-05-27,-0.454545,-0.014519,0.004229,-0.018748,-0.022988,0.00651,-0.029499,0.019359,0.004171,0.015188
PCG,0001004980-26-000032,2026-04-23T00:16:57.000Z,2026-04-24,-0.129187,-0.013245,-0.001822,-0.011423,-0.014449,-0.008626,-0.005823,-0.009633,0.002731,-0.012364
PEG,0001193125-26-331660,2026-08-04T13:00:33.000Z,2026-08-05,-0.308756,-0.006619,-0.005057,-0.001562,-0.012973,0.00197,-0.014944,0.004368,0.006071,-0.001703
PEG,0001193125-26-292587,2026-07-01T20:18:57.000Z,2026-07-02,-0.333333,-0.010169,0.000325,-0.010494,-0.004411,-0.011237,0.006826,-0.01311,-0.001412,-0.011697
PEG,0001193125-26-255562,2026-06-03T20:30:23.000Z,2026-06-04,0.0,0.01793,-0.009468,0.027398,0.015282,-0.002575,0.017857,0.017736,-0.001107,0.018843
PEG,0001193125-26-205254,2026-05-05T13:00:21.000Z,2026-05-06,-0.325967,-0.019156,-0.005314,-0.013842,-0.021046,-0.006743,-0.014303,-0.026843,-0.011773,-0.01507
PEG,0001193125-26-173855,2026-04-23T20:35:26.000Z,2026-04-24,-0.8,-0.006564,-0.001822,-0.004742,-0.014243,-0.008626,-0.005617,-0.007307,0.002731,-0.010039
PEP,0000077476-26-000042,2026-09-18T01:10:36.000Z,2026-09-21,0.2,0.012347,-9.4e-05,0.012441,-0.011112,-0.013065,0.001953,-0.008411,-0.015452,0.007041
PEP,0000077476-26-000037,2026-07-09T01:55:54.000Z,2026-07-10,-0.477064,0.00808,-0.000315,0.008395,-0.014413,-0.005796,-0.008617,-0.001893,-0.003257,0.001364
PEP,0001104659-26-065758,2026-05-23T00:30:39.000Z,2026-05-26,-0.216107,0.014141,-0.000163,0.014304,-0.010228,0.005025,-0.015252,-0.025261,0.008845,-0.034106
PEP,0000077476-26-000024,2026-05-09T00:19:16.000Z,2026-05-11,-0.818182,0.016331,0.000149,0.016182,-0.004953,-0.000834,-0.004119,-0.002343,-0.003038,0.000696
PEP,0000077476-26-000019,2026-04-16T02:01:12.000Z,2026-04-17,0.0,-0.004313,0.002829,-0.007142,-0.024608,-0.003371,-0.021238,-0.014143,-0.006033,-0.00811
PFE,0000078003-26-000094,2026-08-04T11:02:43.000Z,2026-08-05,-0.243402,0.015111,-0.005057,0.020167,0.048043,0.00197,0.046073,0.019372,0.006071,0.013301
PFE,0000078003-26-000087,2026-06-18T17:17:22.000Z,2026-06-22,-0.578947,-0.014354,-0.00224,-0.012114,-0.05622,0.01021,-0.06643,-0.028309,0.017182,-0.045491
PFE,0000078003-26-000085,2026-06-18T11:07:07.000Z,2026-06-22,0.517241,-0.014354,-0.00224,-0.012114,-0.05622,0.01021,-0.06643,-0.028309,0.017182,-0.045491
PFE,0000078003-26-000053,2026-05-05T11:01:20.000Z,2026-05-06,-0.189964,-0.001885,-0.005314,0.003429,-0.01108,-0.006743,-0.004337,-0.005333,-0.011773,0.00644
PFE,0000078003-26-000044,2026-04-27T21:16:36.000Z,2026-04-28,-0.714286,-0.008308,-0.002693,-0.005615,-0.005665,0.008924,-0.014589,-0.001133,0.010188,-0.011321
PFG,0001104659-26-106416,2026-09-09T21:36:07.000Z,2026-09-10,-0.809524,0.010525,0.00808,0.002446,0.029663,0.002559,0.027103,0.008525,-0.000603,0.009127
PFG,0001104659-26-087091,2026-07-27T20:10:05.000Z,2026-07-28,-0.044444,-0.007976,-0.008959,0.000982,-0.003418,-0.010642,0.007223,0.010167,0.014764,-0.004596
PFG,0001104659-26-085051,2026-07-20T20:01:21.000Z,2026-07-21,0.0,-0.012047,-0.000161,-0.011886,-0.001552,0.003808,-0.005359,0.041252,0.023215,0.018037
PFG,0001104659-26-068908,2026-06-01T20:05:54.000Z,2026-06-02,0.2,-0.020521,-0.004463,-0.016058,0.018488,-0.004322,0.02281,0.032427,0.002786,0.029641
PFG,0001104659-26-064476,2026-05-20T20:00:59.000Z,2026-05-21,-0.5,-0.000674,0.008498,-0.009172,0.006255,0.011755,-0.0055,-0.002887,0.01736,-0.020247
PFG,0001104659-26-047680,2026-04-23T20:05:29.000Z,2026-04-24,-0.105882,0.004027,-0.001822,0.005849,0.002919,-0.008626,0.011546,0.017616,0.002731,0.014885
PFG,0001104659-26-045100,2026-04-20T10:03:29.000Z,2026-04-21,-0.5,0.017758,-0.000183,0.017941,0.03771,-0.002797,0.040508,0.045231,-0.008983,0.054215
PG,0000080424-26-000097,2026-07-29T18:38:23.000Z,2026-07-30,-0.239669,0.003682,-0.00127,0.004952,0.028133,0.024323,0.00381,0.020909,0.016515,0.004393
PG,0000080424-26-000094,2026-07-29T15:05:06.000Z,2026-07-30,0.355932,0.003682,-0.00127,0.004952,0.028133,0.024323,0.00381,0.020909,0.016515,0.004393
PG,0000080424-26-000093,2026-07-29T15:03:12.000Z,2026-07-30,-0.086093,0.003682,-0.00127,0.004952,0.028133,0.024323,0.00381,0.020909,0.016515,0.004393
PG,0000080424-26-000082,2026-07-15T00:19:08.000Z,2026-07-16,0.333333,-0.010033,-0.007527,-0.002506,-0.022442,-0.009631,-0.012811,-0.029901,-0.013539,-0.016362
PG,0000080424-26-000057,2026-04-24T18:02:12.000Z,2026-04-27,-0.174312,0.005189,-0.004228,0.009417,-0.008827,0.007371,-0.016199,-0.033558,-0.00166,-0.031898
PG,0000080424-26-000056,2026-04-24T15:01:47.000Z,2026-04-27,-0.040541,0.005189,-0.004228,0.009417,-0.008827,0.007371,-0.016199,-0.033558,-0.00166,-0.031898
PG,0000080424-26-000048,2026-04-15T00:17:07.000Z,2026-04-16,0.333333,0.026693,0.012363,0.014329,-0.00552,0.008954,-0.014474,0.018168,0.008043,0.010125
PGR,0000080661-26-000322,2026-09-18T12:38:53.000Z,2026-09-21,-0.566038,-0.024972,-9.4e-05,-0.024878,-0.047446,-0.013065,-0.034381,-0.013051,-0.015452,0.002401
PGR,0000080661-26-000315,2026-08-19T13:08:04.000Z,2026-08-20,-0.557692,-0.004811,0.005829,-0.01064,0.007942,0.005715,0.002227,-0.012208,0.004712,-0.016921
PGR,0000080661-26-000310,2026-08-10T20:45:11.000Z,2026-08-11,-0.653061,-0.023452,0.002433,-0.025885,-0.01295,0.010429,-0.023379,-0.024111,-0.003447,-0.020664
PGR,0000080661-26-000262,2026-07-15T13:50:55.000Z,2026-07-16,-0.541284,0.010447,-0.007527,0.017974,0.000486,-0.009631,0.010117,0.006171,-0.013539,0.01971
PGR,0000080661-26-000210,2026-06-17T13:00:47.000Z,2026-06-18,-0.401709,0.012252,0.000577,0.011675,0.076292,0.005063,0.071229,0.095036,0.016234,0.078802
PGR,0000080661-26-000204,2026-05-20T12:33:11.000Z,2026-05-21,-0.533981,0.002714,0.008498,-0.005784,-0.010353,0.011755,-0.022108,-0.043072,0.01736,-0.060432
PGR,0000080661-26-000200,2026-05-12T15:58:56.000Z,2026-05-13,-0.428571,0.004695,0.004399,0.000296,0.041029,0.002292,0.038737,0.033884,0.007758,0.026126
PGR,0000080661-26-000173,2026-04-15T12:44:08.000Z,2026-04-16,-0.542857,-0.004374,0.012363,-0.016738,0.019806,0.008954,0.010852,0.009141,0.008043,0.001098
PH,0001193125-26-390561,2026-09-14T20:05:55.000Z,2026-09-15,-0.846154,-0.006757,-0.007863,0.001106,0.020043,-0.007122,0.027165,0.043081,-0.001667,0.044748
PH,0001193125-26-387884,2026-09-10T20:11:31.000Z,2026-09-11,-0.647059,-0.022521,0.00012,-0.022641,-0.033129,-0.013321,-0.019808,-0.00704,-0.013001,0.005961
PH,0001193125-26-384428,2026-09-08T12:16:02.000Z,2026-09-09,-0.677419,-0.015935,-0.006947,-0.008988,-0.021738,0.001141,-0.02288,-0.032355,-0.012328,-0.020027
PH,0001193125-26-349148,2026-08-13T20:05:15.000Z,2026-08-14,-0.75,-0.001979,-0.00889,0.006911,-0.030876,-0.004365,-0.02651,-0.051248,-0.005973,-0.045275
PH,0000076334-26-000082,2026-08-06T11:59:23.000Z,2026-08-07,0.032258,-0.01245,0.000179,-0.012629,-0.004051,0.004379,-0.008429,-0.01678,0.012525,-0.029305
PH,0000076334-26-000070,2026-04-30T11:59:50.000Z,2026-05-01,0.037037,-0.016413,-0.006355,-0.010058,0.023157,0.009573,0.013584,-0.001602,0.005579,-0.007182
PHM,0000822416-26-000038,2026-08-12T20:11:15.000Z,2026-08-13,-0.333333,-0.002834,0.000845,-0.003679,-0.03447,-0.012715,-0.021755,-0.022061,-0.011206,-0.010854
PHM,0000822416-26-000034,2026-07-22T11:31:32.000Z,2026-07-23,-0.686275,0.032726,0.007986,0.024741,0.080853,0.028046,0.052807,0.032646,0.017456,0.01519
PHM,0000822416-26-000026,2026-05-01T20:03:01.000Z,2026-05-04,-0.714286,0.02449,0.007294,0.017196,0.014503,0.010479,0.004023,0.002605,0.009716,-0.00711
PHM,0000822416-26-000021,2026-04-23T11:18:47.000Z,2026-04-24,-0.448276,0.005644,-0.001822,0.007466,-0.0537,-0.008626,-0.045074,-0.065459,0.002731,-0.068191
PKG,0001193125-26-312651,2026-07-22T22:04:21.000Z,2026-07-23,-0.507692,0.087602,0.007986,0.079616,0.082685,0.028046,0.054639,0.062976,0.017456,0.045519
PKG,0001193125-26-221672,2026-05-13T20:16:10.000Z,2026-05-14,-0.6,-0.036438,-0.009867,-0.026571,-0.07692,-0.007509,-0.06941,-0.028805,0.006807,-0.035612
PKG,0001193125-26-171009,2026-04-22T22:07:06.000Z,2026-04-23,-0.267606,-0.009999,-0.001856,-0.008143,0.035206,-0.007985,0.043191,-0.007302,0.003756,-0.011058
PLD,0001104659-26-092072,2026-08-06T20:36:05.000Z,2026-08-07,-0.5625,-0.009989,0.000179,-0.010167,0.004067,0.004379,-0.000312,0.006207,0.012525,-0.006318
PLD,0001104659-26-090724,2026-08-05T11:22:33.000Z,2026-08-06,-0.75,0.007331,0.00705,0.000281,0.002587,0.009173,-0.006586,0.014877,0.018773,-0.003896
PLD,0001104659-26-089980,2026-08-04T10:01:37.000Z,2026-08-05,-0.228571,-0.011509,-0.005057,-0.006452,-0.014209,0.00197,-0.016179,-0.000213,0.006071,-0.006285
PLD,0001193125-26-305416,2026-07-16T12:05:27.000Z,2026-07-17,0.377778,-0.015422,-0.004675,-0.010747,-0.033981,-0.002299,-0.031681,-0.01442,0.001193,-0.015613
PLD,0001193125-26-291634,2026-07-01T12:37:28.000Z,2026-07-02,0.454545,0.005523,0.000325,0.005198,0.01126,-0.011237,0.022497,0.010328,-0.001412,0.01174
PLD,0001193125-26-280195,2026-06-24T10:19:20.000Z,2026-06-25,-0.333333,-0.003985,0.005449,-0.009434,-0.036007,0.005293,-0.0413,-0.007828,0.018378,-0.026205
PLD,0001104659-26-072516,2026-06-11T01:55:35.000Z,2026-06-12,-0.888889,-0.001614,0.003465,-0.005079,-0.045563,-0.014304,-0.031259,-0.025992,-0.009873,-0.016119
PLD,0001193125-26-197916,2026-04-30T21:29:44.000Z,2026-05-01,-0.666667,-0.01874,-0.006355,-0.012385,0.010537,0.009573,0.000964,0.018952,0.005579,0.013372
PLD,0001104659-26-049048,2026-04-27T12:03:29.000Z,2026-04-28,-0.777778,-0.019148,-0.002693,-0.016454,-0.000848,0.008924,-0.009772,-0.008903,0.010188,-0.019091
PLD,0001104659-26-047277,2026-04-23T12:03:31.000Z,2026-04-24,-0.684211,-0.014638,-0.001822,-0.012816,-0.023082,-0.008626,-0.014456,-0.004856,0.002731,-0.007587
PLD,0001193125-26-157977,2026-04-16T12:05:30.000Z,2026-04-17,0.381679,-0.000482,0.002829,-0.003311,-0.025362,-0.003371,-0.021991,-0.020675,-0.006033,-0.014642
PLTR,0001321655-26-000039,2026-08-04T00:06:14.000Z,2026-08-05,-0.333333,-0.015843,-0.005057,-0.010786,0.106041,0.00197,0.10407,0.079594,0.006071,0.073522
PLTR,0001321655-26-000033,2026-06-10T00:05:18.000Z,2026-06-11,-0.846154,-0.023573,0.007831,-0.031405,0.016555,0.010001,0.006553,-0.019912,-0.002776,-0.017135
PLTR,0001321655-26-000026,2026-05-05T00:06:32.000Z,2026-05-06,-0.368421,0.024367,-0.005314,0.02968,0.023171,-0.006743,0.029914,-0.027954,-0.011773,-0.016181
PM,0001628280-26-062621,2026-09-18T12:04:53.000Z,2026-09-21,0.6,0.014668,-9.4e-05,0.014762,0.021442,-0.013065,0.034507,0.033497,-0.015452,0.048949
PM,0001628280-26-060822,2026-09-08T13:46:10.000Z,2026-09-09,-0.471698,0.021862,-0.006947,0.028809,0.04927,0.001141,0.048129,0.032308,-0.012328,0.044636
PM,0001628280-26-060806,2026-09-08T11:37:21.000Z,2026-09-09,-0.460317,0.021862,-0.006947,0.028809,0.04927,0.001141,0.048129,0.032308,-0.012328,0.044636
PM,0001628280-26-058513,2026-08-24T11:02:13.000Z,2026-08-25,-0.347826,0.000928,0.002192,-0.001263,-0.010468,-0.00427,-0.006198,-0.034911,-0.018417,-0.016494
PM,0001628280-26-049107,2026-07-22T11:02:12.000Z,2026-07-23,-0.465201,0.009837,0.007986,0.001851,0.047353,0.028046,0.019306,0.004604,0.017456,-0.012852
PM,0001628280-26-047782,2026-07-09T20:05:53.000Z,2026-07-10,-0.25,-0.007874,-0.000315,-0.007558,-0.004074,-0.005796,0.001722,0.062548,-0.003257,0.065805
PM,0001104659-26-078814,2026-06-29T20:05:25.000Z,2026-06-30,0.0,-0.017799,0.003828,-0.021627,0.021281,0.012815,0.008467,0.03405,0.001315,0.032735
PM,0001628280-26-042357,2026-06-11T10:04:11.000Z,2026-06-12,0.6,-0.013511,0.003465,-0.016976,-0.02637,-0.014304,-0.012066,-0.060391,-0.009873,-0.050518
PM,0001628280-26-039666,2026-06-02T10:05:17.000Z,2026-06-03,-0.433333,-0.0054,0.009608,-0.015008,0.000682,-0.002579,0.003261,0.039843,-0.004746,0.044589
PM,0001628280-26-036721,2026-05-20T11:05:00.000Z,2026-05-21,0.093333,0.002812,0.008498,-0.005686,-0.034066,0.011755,-0.045821,-0.058792,0.01736,-0.076152
PM,0001628280-26-032644,2026-05-08T15:39:08.000Z,2026-05-11,-0.714286,0.026467,0.000149,0.026319,0.053539,-0.000834,0.054373,0.051562,-0.003038,0.0546
PM,0001628280-26-030959,2026-05-06T13:52:19.000Z,2026-05-07,-0.2,-0.000701,0.00101,-0.001711,0.092455,-0.001337,0.093792,0.121267,-0.001975,0.123242
PM,0001104659-26-051491,2026-04-29T20:07:17.000Z,2026-04-30,-0.666667,0.007936,-0.002823,0.010759,0.026595,-0.00182,0.028415,0.03659,0.00129,0.0353
PM,0001628280-26-026385,2026-04-22T11:02:41.000Z,2026-04-23,-0.303371,-0.029493,-0.001856,-0.027637,-0.019505,-0.007985,-0.01152,-0.024351,0.003756,-0.028107
PNC,0001628280-26-063770,2026-09-29T16:22:15.000Z,2026-09-30,-0.2,-0.006794,0.005201,-0.011994,-0.008908,0.014107,-0.023015,-0.020427,0.012976,-0.033402
PNC,0001628280-26-048994,2026-07-22T00:05:32.000Z,2026-07-23,0.333333,0.006941,0.007986,-0.001045,0.009388,0.028046,-0.018658,-0.002206,0.017456,-0.019663
PNC,0001628280-26-048308,2026-07-15T21:43:46.000Z,2026-07-16,-0.263158,-0.009169,-0.007527,-0.001642,-0.011065,-0.009631,-0.001434,-0.015489,-0.013539,-0.00195
PNC,0001628280-26-048244,2026-07-15T14:40:23.000Z,2026-07-16,-0.347222,-0.009169,-0.007527,-0.001642,-0.011065,-0.009631,-0.001434,-0.015489,-0.013539,-0.00195
PNC,0001628280-26-044499,2026-06-22T16:53:15.000Z,2026-06-23,-0.285714,0.005237,0.006955,-0.001718,0.02648,0.017921,0.00856,0.031634,0.017995,0.013639
PNC,0000713676-26-000042,2026-05-27T00:15:28.000Z,2026-05-28,0.333333,0.006097,0.000698,0.005399,0.005551,0.004586,0.000965,0.033215,0.009156,0.024059
PNC,0000713676-26-000031,2026-04-25T00:05:36.000Z,2026-04-27,-0.714286,-0.001988,-0.004228,0.00224,0.007545,0.007371,0.000174,-0.014865,-0.00166,-0.013205
PNC,0000713676-26-000029,2026-04-15T23:05:35.000Z,2026-04-16,-0.478261,0.021539,0.012363,0.009175,0.036261,0.008954,0.027307,0.022811,0.008043,0.014768
PNC,0000713676-26-000026,2026-04-15T14:39:50.000Z,2026-04-16,-0.422535,0.021539,0.012363,0.009175,0.036261,0.008954,0.027307,0.022811,0.008043,0.014768
PNR,0000077360-26-000050,2026-09-22T10:52:13.000Z,2026-09-23,-0.166667,-0.040181,-0.005939,-0.034242,-0.040181,-0.00843,-0.031751,-0.040905,-0.017061,-0.023844
PNR,0000077360-26-000047,2026-09-18T10:52:19.000Z,2026-09-21,0.333333,-0.005199,-9.4e-05,-0.005105,-0.049301,-0.013065,-0.036236,-0.049301,-0.015452,-0.033849
PNR,0001104659-26-104725,2026-09-02T20:01:20.000Z,2026-09-03,-0.727273,0.003166,-0.004067,0.007232,-0.041653,-0.022788,-0.018864,-0.057314,-0.021878,-0.035436
PNR,0000077360-26-000042,2026-07-28T10:53:55.000Z,2026-07-29,-0.295775,-0.006307,0.000251,-0.006558,0.007208,0.009992,-0.002784,0.036492,0.022839,0.013653
PNR,0000077360-26-000039,2026-07-14T21:20:51.000Z,2026-07-15,0.139535,0.021141,0.01,0.011141,-0.034354,-0.002387,-0.031967,-0.020364,-0.000527,-0.019837
PNR,0000077360-26-000029,2026-05-06T20:36:26.000Z,2026-05-07,-0.75,-0.027102,0.00101,-0.028112,-0.046859,-0.001337,-0.045523,-0.051672,-0.001975,-0.049697
PNR,0001104659-26-056228,2026-05-06T20:01:35.000Z,2026-05-07,-0.789474,-0.027102,0.00101,-0.028112,-0.046859,-0.001337,-0.045523,-0.051672,-0.001975,-0.049697
PNR,0000077360-26-000024,2026-04-28T10:53:27.000Z,2026-04-29,0.0,-0.001608,0.014595,-0.016203,-0.046512,0.005321,-0.051833,-0.011504,0.021751,-0.033255
PNR,0000077360-26-000023,2026-04-28T10:52:38.000Z,2026-04-29,-0.09375,-0.001608,0.014595,-0.016203,-0.046512,0.005321,-0.051833,-0.011504,0.021751,-0.033255
PNW,0000764622-26-000049,2026-09-30T20:05:06.000Z,2026-10-01,0.009174,0.013632,0.00285,0.010782,0.036035,0.015368,0.020667,0.035401,0.014306,0.021096
PNW,0000764622-26-000046,2026-09-04T20:27:06.000Z,2026-09-08,0.009174,-0.008772,-0.009463,0.000691,-0.019788,-0.008403,-0.011384,-0.032028,-0.013609,-0.018419
PNW,0001104659-26-095989,2026-08-13T20:37:47.000Z,2026-08-14,-0.733333,-0.010544,-0.00889,-0.001654,-0.020201,-0.004365,-0.015836,-0.040599,-0.005973,-0.034627
PNW,0000764622-26-000044,2026-08-07T20:35:29.000Z,2026-08-10,0.028037,0.008163,0.002101,0.006062,0.015016,0.011707,0.003308,0.011892,0.003686,0.008206
PNW,0001104659-26-090108,2026-08-04T13:01:16.000Z,2026-08-05,-0.894737,-0.0067,-0.005057,-0.001643,-0.022365,0.00197,-0.024335,-0.010837,0.006071,-0.016909
PNW,0000764622-26-000040,2026-08-04T12:18:37.000Z,2026-08-05,-0.140845,-0.0067,-0.005057,-0.001643,-0.022365,0.00197,-0.024335,-0.010837,0.006071,-0.016909
PNW,0000764622-26-000034,2026-06-29T20:03:39.000Z,2026-06-30,-0.636364,-0.006542,0.003828,-0.01037,-0.000841,0.012815,-0.013656,0.007664,0.001315,0.006348
PNW,0000764622-26-000031,2026-06-08T20:25:04.000Z,2026-06-09,0.018868,0.004384,-0.012293,0.016677,0.007696,0.009342,-0.001646,0.01169,0.011449,0.000241
PNW,0001104659-26-071021,2026-06-05T20:44:35.000Z,2026-06-08,-0.875,0.013427,0.009475,0.003951,0.010959,0.010944,1.4e-05,0.019548,0.022442,-0.002894
PNW,0001104659-26-070960,2026-06-05T20:02:53.000Z,2026-06-08,0.333333,0.013427,0.009475,0.003951,0.010959,0.010944,1.4e-05,0.019548,0.022442,-0.002894
PNW,0001628280-26-036111,2026-05-18T23:50:45.000Z,2026-05-19,-0.5,0.004236,0.011418,-0.007181,0.014187,0.023837,-0.00965,0.012808,0.027674,-0.014866
PNW,0000764622-26-000029,2026-05-06T20:06:51.000Z,2026-05-07,0.038462,-0.002813,0.00101,-0.003823,0.003014,-0.001337,0.004351,0.002411,-0.001975,0.004386
PNW,0000764622-26-000026,2026-05-04T12:24:10.000Z,2026-05-05,-0.213115,-0.011155,0.008677,-0.019832,-0.020237,0.004366,-0.024603,-0.014511,0.001754,-0.016265
PNW,0000764622-26-000018,2026-04-15T20:01:30.000Z,2026-04-16,0.056604,-0.001248,0.012363,-0.013612,-0.030623,0.008954,-0.039577,-0.006912,0.008043,-0.014955
PODD,0001193125-26-396779,2026-09-22T01:02:46.000Z,2026-09-23,-0.5,-0.005202,-0.005939,0.000737,-0.024764,-0.00843,-0.016334,-0.044106,-0.017061,-0.027045
PODD,0001145197-26-000177,2026-09-17T00:03:15.000Z,2026-09-18,-0.272727,-0.000498,0.005038,-0.005536,-0.029232,-0.002109,-0.027123,-0.031792,-0.003817,-0.027976
PODD,0001145197-26-000175,2026-09-11T00:02:58.000Z,2026-09-14,0.333333,0.01045,-0.005515,0.015965,0.027213,-0.008558,0.035771,0.019811,-0.007269,0.02708
PODD,0001145197-26-000167,2026-08-05T15:04:50.000Z,2026-08-06,-0.226667,0.013424,0.00705,0.006374,0.038765,0.009173,0.029592,0.051256,0.018773,0.032484
PODD,0001145197-26-000148,2026-06-25T15:06:41.000Z,2026-06-26,0.76,-0.003223,0.001142,-0.004365,0.009731,0.003695,0.006037,0.009605,0.012349,-0.002744
PODD,0001145197-26-000132,2026-05-27T00:06:27.000Z,2026-05-28,-0.64,0.016053,0.000698,0.015356,-0.001542,0.004586,-0.006128,0.026358,0.009156,0.017202
PODD,0001145197-26-000121,2026-05-22T00:03:22.000Z,2026-05-26,-0.384615,-0.05065,-0.000163,-0.050487,-0.057607,0.005025,-0.062632,-0.073927,0.008845,-0.082773
PODD,0001145197-26-000100,2026-05-06T15:05:39.000Z,2026-05-07,-0.236842,-0.038903,0.00101,-0.039913,-0.01278,-0.001337,-0.011444,-0.073067,-0.001975,-0.071092
PODD,0001145197-26-000095,2026-04-30T00:04:54.000Z,2026-05-01,-0.846154,-0.020852,-0.006355,-0.014497,-0.13574,0.009573,-0.145313,-0.119287,0.005579,-0.124866
PPG,0000079879-26-000246,2026-07-28T20:26:42.000Z,2026-07-29,0.178571,0.001788,0.000251,0.001537,0.019494,0.009992,0.009502,0.065278,0.022839,0.042439
PPG,0000079879-26-000167,2026-04-28T20:13:14.000Z,2026-04-29,0.086207,0.036393,0.014595,0.021798,-0.005827,0.005321,-0.011148,0.065336,0.021751,0.043585
PPG,0000079879-26-000164,2026-04-28T12:06:41.000Z,2026-04-29,0.75,0.036393,0.014595,0.021798,-0.005827,0.005321,-0.011148,0.065336,0.021751,0.043585
PPG,0000079879-26-000149,2026-04-21T20:33:44.000Z,2026-04-22,-0.375,-0.012358,-0.000628,-0.01173,-0.012268,-0.00455,-0.007719,-0.062506,-0.011083,-0.051422
PPG,0000079879-26-000129,2026-04-15T20:23:46.000Z,2026-04-16,-0.157895,0.023983,0.012363,0.01162,-0.011056,0.008954,-0.02001,-0.016673,0.008043,-0.024716
PPL,0000922224-26-000048,2026-08-27T20:12:14.000Z,2026-08-28,-0.111111,-0.002047,-0.006249,0.004202,0.009941,-0.009969,0.01991,0.026608,-0.007081,0.033689
PPL,0000922224-26-000046,2026-08-17T12:16:30.000Z,2026-08-18,-0.333333,-0.00365,0.009224,-0.012874,-0.034812,0.007591,-0.042403,-0.017687,0.007786,-0.025472
PPL,0000922224-26-000042,2026-08-07T11:50:25.000Z,2026-08-10,0.264368,0.008288,0.002101,0.006187,0.01972,0.011707,0.008013,0.027436,0.003686,0.023751
PPL,0000922224-26-000040,2026-06-30T12:50:10.000Z,2026-07-01,0.666667,0.035654,0.008354,0.0273,0.021617,0.008203,0.013414,0.001123,0.002918,-0.001795
PPL,0000922224-26-000036,2026-06-04T20:21:45.000Z,2026-06-05,0.428571,-0.010912,-0.002379,-0.008533,0.003523,-0.005524,0.009047,0.011139,0.016479,-0.00534
PPL,0000922224-26-000034,2026-05-18T20:37:20.000Z,2026-05-19,-0.6,0.00539,0.011418,-0.006028,0.030355,0.023837,0.006518,0.016738,0.027674,-0.010936
PPL,0000922224-26-000032,2026-05-15T20:17:00.000Z,2026-05-18,-0.333333,0.009161,-0.005561,0.014722,0.035499,0.009336,0.026163,0.034068,0.021677,0.012391
PPL,0000922224-26-000030,2026-05-13T20:25:31.000Z,2026-05-14,-0.6,-0.025154,-0.009867,-0.015287,-0.014813,-0.007509,-0.007303,0.0109,0.006807,0.004093
PPL,0000922224-26-000024,2026-05-08T11:53:15.000Z,2026-05-11,0.216216,0.003035,0.000149,0.002887,-0.012693,-0.000834,-0.01186,-0.036148,-0.003038,-0.03311
PRU,0001137774-26-000170,2026-08-05T00:24:19.000Z,2026-08-06,-0.186094,-0.001811,0.00705,-0.00886,0.006749,0.009173,-0.002424,0.026749,0.018773,0.007976
PRU,0001193125-26-314987,2026-07-24T14:02:22.000Z,2026-07-27,-0.661017,0.016736,0.010683,0.006054,0.00722,0.000796,0.006424,0.008942,0.009844,-0.000901
PRU,0001137774-26-000157,2026-07-16T00:23:22.000Z,2026-07-17,-0.555556,-0.009238,-0.004675,-0.004563,-0.001848,-0.002299,0.000452,0.007475,0.001193,0.006281
PRU,0001193125-26-257475,2026-06-05T00:25:44.000Z,2026-06-08,-0.333333,-0.000193,0.009475,-0.009668,0.026899,0.010944,0.015955,0.047918,0.022442,0.025475
PRU,0001193125-26-219846,2026-05-13T01:15:12.000Z,2026-05-14,-0.666667,-0.012306,-0.009867,-0.002439,-0.019767,-0.007509,-0.012258,0.010078,0.006807,0.00327
PRU,0001137774-26-000093,2026-05-06T00:20:37.000Z,2026-05-07,-0.213187,0.013777,0.00101,0.012767,0.031577,-0.001337,0.032913,0.037812,-0.001975,0.039787
PRU,0001193125-26-166839,2026-04-22T00:19:09.000Z,2026-04-23,-0.071429,-0.001484,-0.001856,0.000373,0.027133,-0.007985,0.035118,0.039852,0.003756,0.036096
PRU,0001137774-26-000087,2026-04-15T00:37:44.000Z,2026-04-16,-0.25072,0.018741,0.012363,0.006378,-0.033373,0.008954,-0.042327,-0.05442,0.008043,-0.062463
PRU,0001193125-26-152952,2026-04-14T00:30:54.000Z,2026-04-15,0.058824,0.003621,0.004765,-0.001144,0.031986,0.019971,0.012015,-0.045966,0.013661,-0.059628
PSA,0001193125-26-393149,2026-09-17T00:36:09.000Z,2026-09-18,-0.6,0.001215,0.005038,-0.003823,-0.032331,-0.002109,-0.030222,-0.028146,-0.003817,-0.02433
PSA,0001628280-26-061900,2026-09-15T01:08:22.000Z,2026-09-16,0.0,0.020633,0.004965,0.015667,0.006753,0.005892,0.000861,-0.026978,-0.00113,-0.025849
PSA,0001193125-26-387986,2026-09-11T00:51:54.000Z,2026-09-14,0.0,0.014637,-0.005515,0.020152,0.028591,-0.008558,0.037149,0.014603,-0.007269,0.021872
PSA,0001193125-26-377690,2026-09-01T17:19:25.000Z,2026-09-02,0.354839,0.014602,0.0072,0.007402,0.000896,-0.006517,0.007413,-0.022334,-0.022942,0.000608
PSA,0001193125-26-342525,2026-08-11T00:36:04.000Z,2026-08-12,0.5,0.015885,0.007478,0.008407,0.002256,-0.000758,0.003015,0.00479,0.003727,0.001063
PSA,0001628280-26-050608,2026-07-30T00:07:48.000Z,2026-07-31,-0.226415,0.005337,0.010454,-0.005118,0.009779,0.023077,-0.013298,0.013049,0.025049,-0.012001
PSA,0001193125-26-312563,2026-07-23T01:17:28.000Z,2026-07-24,0.034483,0.004775,0.007936,-0.003161,0.021583,0.01061,0.010973,0.005241,0.007518,-0.002277
PSA,0001193125-26-308951,2026-07-21T00:20:56.000Z,2026-07-22,-0.714286,0.010619,-0.003956,0.014575,0.039525,0.012083,0.027442,0.056914,0.0153,0.041613
PSA,0001193125-26-301175,2026-07-11T03:54:27.000Z,2026-07-13,-0.2,-0.009103,-0.003751,-0.005352,0.008202,0.004409,0.003793,-0.019667,-0.008034,-0.011632
PSA,0001193125-26-297556,2026-07-08T00:40:24.000Z,2026-07-09,0.0,0.003789,0.003672,0.000116,-0.001315,-0.000594,-0.000721,0.016126,0.008105,0.008021
PSA,0001193125-26-282750,2026-06-26T00:06:00.000Z,2026-06-29,-0.444444,-0.018924,-0.001081,-0.017843,0.015996,0.011239,0.004757,0.013068,0.011257,0.001811
PSA,0001193125-26-277592,2026-06-23T00:34:11.000Z,2026-06-24,0.451613,0.00887,0.005557,0.003313,0.02054,0.011861,0.008678,0.016105,0.0144,0.001705
PSA,0001628280-26-039263,2026-06-01T14:01:44.000Z,2026-06-02,-0.333333,0.00946,-0.004463,0.013923,0.035234,-0.004322,0.039556,0.079294,0.002786,0.076508
PSA,0001193125-26-215591,2026-05-11T14:10:28.000Z,2026-05-12,-0.333333,-0.024351,-0.005352,-0.018999,-0.060428,-0.010937,-0.049491,-0.044365,-0.008793,-0.035572
PSA,0001628280-26-027484,2026-04-28T00:00:41.000Z,2026-04-29,-0.111111,0.028427,0.014595,0.013832,0.004318,0.005321,-0.001003,0.050631,0.021751,0.02888
PSKY,0001104659-26-113913,2026-10-06T17:08:38.000Z,2026-10-07,-0.285421,0.04387,0.006856,0.037014,,,,,,
PSKY,0001104659-26-113076,2026-10-02T17:29:01.000Z,2026-10-05,-0.428571,-0.025064,0.006354,-0.031418,-0.050639,0.005411,-0.056051,,,
PSKY,0001104659-26-112829,2026-10-02T00:06:09.000Z,2026-10-05,-0.240506,-0.025064,0.006354,-0.031418,-0.050639,0.005411,-0.056051,,,
PSKY,0001104659-26-112347,2026-10-01T00:22:28.000Z,2026-10-05,-0.547619,-0.025064,0.006354,-0.031418,-0.050639,0.005411,-0.056051,,,
PSKY,0001104659-26-111174,2026-09-28T16:19:48.000Z,2026-10-05,-0.485207,-0.025064,0.006354,-0.031418,-0.050639,0.005411,-0.056051,,,
PSKY,0001104659-26-111034,2026-09-26T01:06:45.000Z,2026-10-05,-0.527778,-0.025064,0.006354,-0.031418,-0.050639,0.005411,-0.056051,,,
PSKY,0002041610-26-000052,2026-08-05T00:03:41.000Z,2026-08-07,0.210526,0.020675,0.000179,0.020496,0.068571,0.004379,0.064193,-0.028174,0.012525,-0.040699
PSKY,0001104659-26-089245,2026-08-01T00:27:36.000Z,2026-08-04,-0.543046,0.096659,-0.002081,0.09874,0.297136,0.000165,0.296971,0.142487,0.001963,0.140523
PSKY,0002041610-26-000043,2026-07-24T01:12:25.000Z,2026-07-29,0.333333,0.054088,0.000251,0.053837,0.179874,0.009992,0.169882,0.235242,0.022839,0.212403
PSKY,0001104659-26-085769,2026-07-22T23:06:13.000Z,2026-07-29,-0.510204,0.054088,0.000251,0.053837,0.179874,0.009992,0.169882,0.235242,0.022839,0.212403
PSKY,0001104659-26-079448,2026-07-01T03:00:56.000Z,2026-07-29,-0.510204,0.054088,0.000251,0.053837,0.179874,0.009992,0.169882,0.235242,0.022839,0.212403
PSKY,0002041610-26-000041,2026-06-30T01:25:03.000Z,2026-07-29,-0.020408,0.054088,0.000251,0.053837,0.179874,0.009992,0.169882,0.235242,0.022839,0.212403
PSKY,0001104659-26-075961,2026-06-22T14:03:04.000Z,2026-07-29,-0.529412,0.054088,0.000251,0.053837,0.179874,0.009992,0.169882,0.235242,0.022839,0.212403
PSKY,0001104659-26-075287,2026-06-18T03:10:54.000Z,2026-07-29,-0.6,0.054088,0.000251,0.053837,0.179874,0.009992,0.169882,0.235242,0.022839,0.212403
PSKY,0001104659-26-072030,2026-06-10T14:02:25.000Z,2026-07-29,-0.45098,0.054088,0.000251,0.053837,0.179874,0.009992,0.169882,0.235242,0.022839,0.212403
PSKY,0001104659-26-063952,2026-05-20T01:23:45.000Z,2026-07-29,-0.513043,0.054088,0.000251,0.053837,0.179874,0.009992,0.169882,0.235242,0.022839,0.212403
PSKY,0002041610-26-000033,2026-05-14T01:16:41.000Z,2026-07-29,-0.492773,0.054088,0.000251,0.053837,0.179874,0.009992,0.169882,0.235242,0.022839,0.212403
PSKY,0002041610-26-000022,2026-05-05T00:03:29.000Z,2026-07-29,0.117904,0.054088,0.000251,0.053837,0.179874,0.009992,0.169882,0.235242,0.022839,0.212403
PSKY,0001104659-26-041263,2026-04-09T17:00:21.000Z,2026-07-29,-0.617978,0.054088,0.000251,0.053837,0.179874,0.009992,0.169882,0.235242,0.022839,0.212403
PSX,0001193125-26-413219,2026-10-05T16:30:16.000Z,2026-10-06,0.333333,0.006783,-0.007665,0.014448,0.05091,0.002787,0.048123,,,
PSX,0001193125-26-361266,2026-08-22T00:58:45.000Z,2026-08-24,0.0,-0.020913,-0.000988,-0.019924,-0.008886,-0.001771,-0.007115,0.019094,-0.011446,0.03054
PSX,0001534701-26-000030,2026-08-05T18:03:40.000Z,2026-08-06,-0.393162,-0.007834,0.00705,-0.014884,0.09167,0.009173,0.082496,0.131812,0.018773,0.113039
PSX,0001193125-26-224232,2026-05-15T00:47:38.000Z,2026-05-18,-0.666667,0.014349,-0.005561,0.019911,-0.03198,0.009336,-0.041316,-0.032925,0.021677,-0.054602
PSX,0001534701-26-000020,2026-04-29T17:36:52.000Z,2026-04-30,-0.430894,-0.016522,-0.002823,-0.013699,0.006196,-0.00182,0.008016,-0.060508,0.00129,-0.061798
PTC,0001193125-26-413124,2026-10-05T15:22:43.000Z,2026-10-06,-0.108808,0.003109,-0.007665,0.010774,0.008653,0.002787,0.005866,,,
PTC,0001193125-26-323617,2026-07-30T00:01:24.000Z,2026-07-31,-0.421053,0.019388,0.010454,0.008933,0.016254,0.023077,-0.006823,0.076604,0.025049,0.051554
PTC,0001193125-26-208904,2026-05-07T00:02:22.000Z,2026-05-08,-0.454545,-0.004978,-0.002433,-0.002545,-0.039823,-0.007545,-0.032277,-0.032322,-0.013152,-0.01917
PWR,0001193125-26-391989,2026-09-15T20:30:22.000Z,2026-09-16,0.454545,-0.004425,0.004965,-0.00939,0.037673,0.005892,0.03178,0.025223,-0.00113,0.026353
PWR,0001193125-26-337945,2026-08-06T20:05:07.000Z,2026-08-07,-0.555556,-0.016373,0.000179,-0.016551,0.009169,0.004379,0.00479,0.020719,0.012525,0.008194
PWR,0001193125-26-331400,2026-08-04T10:04:14.000Z,2026-08-05,-0.6,-0.022182,-0.005057,-0.017125,-0.032402,0.00197,-0.034372,-0.007277,0.006071,-0.013348
PWR,0001193125-26-324855,2026-07-30T10:58:06.000Z,2026-07-31,-0.458333,0.01924,0.010454,0.008786,0.023421,0.023077,0.000344,0.006743,0.025049,-0.018306
PWR,0001193125-26-241989,2026-05-27T20:30:30.000Z,2026-05-28,-0.384615,-0.025161,0.000698,-0.025859,-0.032927,0.004586,-0.037513,-0.014971,0.009156,-0.024127
PWR,0001193125-26-193918,2026-04-30T10:58:06.000Z,2026-05-01,-0.534884,0.020385,-0.006355,0.02674,0.057975,0.009573,0.048403,0.003759,0.005579,-0.00182
PWR,0001193125-26-159117,2026-04-16T20:30:16.000Z,2026-04-17,0.733333,0.005134,0.002829,0.002305,0.019771,-0.003371,0.023142,0.038147,-0.006033,0.044181
PYPL,0001633917-26-000080,2026-07-28T11:02:42.000Z,2026-07-29,-0.215385,-0.011996,0.000251,-0.012248,-0.008226,0.009992,-0.018218,-0.007198,0.022839,-0.030037
PYPL,0001633917-26-000076,2026-05-21T21:14:04.000Z,2026-05-22,-0.764706,-0.001583,0.003283,-0.004865,0.0052,0.007078,-0.001878,0.021705,0.009892,0.011813
PYPL,0001193125-26-226653,2026-05-15T20:06:19.000Z,2026-05-18,-0.75,-0.012504,-0.005561,-0.006943,-0.001915,0.009336,-0.011251,-0.005069,0.021677,-0.026746
PYPL,0001633917-26-000065,2026-05-05T11:03:30.000Z,2026-05-06,-0.227273,-0.001081,-0.005314,0.004233,-0.025935,-0.006743,-0.019192,-0.022477,-0.011773,-0.010704
PYPL,0001193125-26-197533,2026-04-30T20:33:28.000Z,2026-05-01,0.3,-0.000991,-0.006355,0.005364,-0.082672,0.009573,-0.092245,-0.100515,0.005579,-0.106095
Q,0002058873-26-000037,2026-09-10T11:58:38.000Z,2026-09-11,-0.333333,-0.072547,0.00012,-0.072668,-0.091297,-0.013321,-0.077976,-0.050237,-0.013001,-0.037236
Q,0002058873-26-000033,2026-08-21T11:09:56.000Z,2026-08-24,0.4375,0.00301,-0.000988,0.003999,0.000871,-0.001771,0.002643,-0.053315,-0.011446,-0.041869
Q,0002058873-26-000028,2026-08-04T10:02:38.000Z,2026-08-05,0.236364,-0.016736,-0.005057,-0.011679,-0.009363,0.00197,-0.011333,0.047479,0.006071,0.041407
Q,0002058873-26-000025,2026-07-01T20:29:19.000Z,2026-07-02,-0.428571,0.034779,0.000325,0.034455,0.002963,-0.011237,0.0142,0.014462,-0.001412,0.015874
Q,0002058873-26-000019,2026-05-22T20:15:54.000Z,2026-05-26,-0.6,-0.033177,-0.000163,-0.033014,-0.051598,0.005025,-0.056622,-0.053179,0.008845,-0.062024
Q,0002058873-26-000013,2026-05-12T10:04:29.000Z,2026-05-13,0.310345,0.012961,0.004399,0.008562,-0.080175,0.002292,-0.082468,-0.055425,0.007758,-0.063184
QCOM,0001104659-26-105718,2026-09-08T13:00:20.000Z,2026-09-09,0.333333,0.002721,-0.006947,0.009668,0.021259,0.001141,0.020117,0.047846,-0.012328,0.060174
QCOM,0001104659-26-089234,2026-07-31T20:20:22.000Z,2026-08-03,-0.333333,0.073233,0.01478,0.058453,0.058191,0.007126,0.051065,0.069935,0.014267,0.055668
QCOM,0000804328-26-000085,2026-07-29T20:01:35.000Z,2026-07-30,-0.235294,-0.026319,-0.00127,-0.025049,0.073021,0.024323,0.048698,0.057982,0.016515,0.041466
QCOM,0001104659-26-077071,2026-06-24T12:10:32.000Z,2026-06-25,-0.25,-0.075695,0.005449,-0.081144,-0.098145,0.005293,-0.103439,-0.139824,0.018378,-0.158202
QCOM,0000804328-26-000060,2026-04-29T20:02:20.000Z,2026-04-30,-0.037037,-0.014311,-0.002823,-0.011488,0.038813,-0.00182,0.040633,0.12791,0.00129,0.126619
RCL,0001104659-26-109755,2026-09-23T14:01:38.000Z,2026-09-24,0.151515,0.015566,0.004146,0.01142,0.090761,-0.004126,0.094887,0.12976,-0.006119,0.135879
RCL,0001104659-26-099245,2026-08-21T00:30:45.000Z,2026-08-24,-0.333333,-0.002423,-0.000988,-0.001435,-0.027986,-0.001771,-0.026215,-0.082799,-0.011446,-0.071352
RCL,0001104659-26-092371,2026-08-07T16:00:32.000Z,2026-08-10,-0.2,-0.00276,0.002101,-0.00486,0.006104,0.011707,-0.005603,-0.020162,0.003686,-0.023848
RCL,0000884887-26-000036,2026-07-28T14:32:13.000Z,2026-07-29,-0.111111,-0.005068,0.000251,-0.005319,0.001298,0.009992,-0.008694,0.011867,0.022839,-0.010972
RCL,0001104659-26-085080,2026-07-21T00:30:21.000Z,2026-07-22,0.894737,-0.008536,-0.003956,-0.00458,0.067133,0.012083,0.05505,0.131992,0.0153,0.116692
RCL,0000884887-26-000030,2026-05-29T00:51:34.000Z,2026-06-01,-0.6,0.006054,0.002888,0.003166,0.019895,0.008009,0.011886,-0.054107,-0.004428,-0.049679
RCL,0001104659-26-064412,2026-05-20T21:45:04.000Z,2026-05-21,0.2,-0.016211,0.008498,-0.024709,0.057045,0.011755,0.04529,0.093385,0.01736,0.076025
RCL,0000884887-26-000024,2026-04-30T14:31:30.000Z,2026-05-01,-0.018519,-0.022858,-0.006355,-0.016503,0.081077,0.009573,0.071504,0.03649,0.005579,0.030911
REG,0001193125-26-388861,2026-09-11T15:43:00.000Z,2026-09-14,0.0,-0.00644,-0.005515,-0.000926,-0.018919,-0.008558,-0.010361,-0.021602,-0.007269,-0.014333
REG,0001193125-26-343812,2026-08-11T15:46:31.000Z,2026-08-12,0.0,0.014787,0.007478,0.00731,0.008318,-0.000758,0.009076,0.008714,0.003727,0.004987
REG,0001193125-26-337033,2026-08-06T13:40:53.000Z,2026-08-07,0.5,-0.013097,0.000179,-0.013275,-0.017894,0.004379,-0.022273,-0.005317,0.012525,-0.017841
REG,0001193125-26-323784,2026-07-29T20:22:08.000Z,2026-07-30,-0.384615,-0.000871,-0.00127,0.000399,-0.011573,0.024323,-0.035896,-0.04231,0.016515,-0.058825
REG,0001193125-26-251156,2026-06-01T19:24:50.000Z,2026-06-02,0.0,0.003683,-0.004463,0.008145,0.022228,-0.004322,0.02655,0.046298,0.002786,0.043512
REG,0001193125-26-243251,2026-05-28T14:16:16.000Z,2026-05-29,0.25,-0.015643,0.000853,-0.016496,-0.013445,-0.000925,-0.01252,0.004784,-0.001623,0.006407
REG,0001193125-26-242017,2026-05-27T20:39:25.000Z,2026-05-28,0.0,-0.014901,0.000698,-0.015598,-0.031712,0.004586,-0.036297,-0.023433,0.009156,-0.032589
REG,0001193125-26-228412,2026-05-18T16:26:59.000Z,2026-05-19,0.0,0.005172,0.011418,-0.006246,0.019395,0.023837,-0.004442,0.020817,0.027674,-0.006856
REG,0001193125-26-210895,2026-05-07T15:04:15.000Z,2026-05-08,-0.142857,0.001675,-0.002433,0.004109,-0.011857,-0.007545,-0.004312,-0.019719,-0.013152,-0.006567
REG,0001193125-26-191872,2026-04-29T20:27:25.000Z,2026-04-30,-0.417722,0.010276,-0.002823,0.0131,0.013359,-0.00182,0.015179,0.000128,0.00129,-0.001162
REG,0001193125-26-151349,2026-04-10T20:30:24.000Z,2026-04-13,0.0,0.01583,0.00427,0.01156,0.016852,0.009646,0.007205,0.035619,0.02507,0.010549
REGN,0001104659-26-113895,2026-10-06T15:51:50.000Z,2026-10-07,-0.111111,-0.003436,0.006856,-0.010292,,,,,,
REGN,0001104659-26-112340,2026-10-01T00:14:08.000Z,2026-10-02,0.037975,-0.011874,0.006073,-0.017947,0.009412,0.004875,0.004537,0.01518,0.015319,-0.00014
REGN,0000872589-26-000023,2026-07-30T14:48:32.000Z,2026-07-31,0.212121,-0.004445,0.010454,-0.0149,0.007802,0.023077,-0.015275,0.028493,0.025049,0.003444
REGN,0001104659-26-080562,2026-07-06T15:00:40.000Z,2026-07-07,-0.272727,-0.019742,-0.01091,-0.008832,-0.017317,-0.000967,-0.016349,-0.029738,-0.005177,-0.024562
REGN,0001104659-26-075127,2026-06-18T00:05:37.000Z,2026-06-22,-0.666667,0.009029,-0.00224,0.011268,0.012473,0.01021,0.002263,0.031527,0.017182,0.014345
REGN,0000872589-26-000014,2026-04-29T14:50:22.000Z,2026-04-30,0.095652,-0.007977,-0.002823,-0.005153,-0.006775,-0.00182,-0.004955,0.002885,0.00129,0.001595
RF,0001281761-26-000060,2026-08-11T13:02:20.000Z,2026-08-12,0.866667,0.001899,0.007478,-0.005579,0.003165,-0.000758,0.003923,-0.031962,0.003727,-0.035689
RF,0001281761-26-000057,2026-08-07T20:12:08.000Z,2026-08-10,0.182171,0.00445,0.002101,0.002349,0.006357,0.011707,-0.00535,0.007629,0.003686,0.003943
RF,0001281761-26-000050,2026-07-17T10:01:20.000Z,2026-07-20,-0.323718,-0.009322,0.00249,-0.011812,-0.014465,-0.001485,-0.01298,-0.011893,0.013676,-0.025569
RF,0001281761-26-000042,2026-05-11T21:00:02.000Z,2026-05-12,0.179884,-0.019153,-0.005352,-0.013801,-0.018048,-0.010937,-0.007111,-0.011418,-0.008793,-0.002625
RF,0001281761-26-000041,2026-05-11T20:58:13.000Z,2026-05-12,-0.529412,-0.019153,-0.005352,-0.013801,-0.018048,-0.010937,-0.007111,-0.011418,-0.008793,-0.002625
RF,0001281761-26-000032,2026-04-17T10:03:02.000Z,2026-04-20,-0.325175,0.001413,-0.006155,0.007568,0.003179,-0.006962,0.010141,-0.001766,-0.010689,0.008923
RJF,0000720005-26-000077,2026-09-23T20:23:54.000Z,2026-09-24,0.2,0.006992,0.004146,0.002845,0.006866,-0.004126,0.010992,0.009749,-0.006119,0.015869
RJF,0000720005-26-000075,2026-09-01T20:24:10.000Z,2026-09-02,0.368421,0.02927,0.0072,0.022069,0.00341,-0.006517,0.009927,-0.013754,-0.022942,0.009188
RJF,0000720005-26-000073,2026-08-19T20:18:36.000Z,2026-08-20,0.111111,0.016536,0.005829,0.010707,0.013693,0.005715,0.007978,0.021816,0.004712,0.017104
RJF,0000720005-26-000066,2026-07-22T20:15:23.000Z,2026-07-23,-0.065217,0.01902,0.007986,0.011035,0.06645,0.028046,0.038404,0.053148,0.017456,0.035691
RJF,0000720005-26-000063,2026-06-24T20:20:53.000Z,2026-06-25,0.333333,-0.003853,0.005449,-0.009302,0.010032,0.005293,0.004739,0.084506,0.018378,0.066128
RJF,0000720005-26-000060,2026-05-27T12:09:55.000Z,2026-05-28,0.690821,0.00993,0.000698,0.009232,0.033451,0.004586,0.028865,0.05993,0.009156,0.050774
RJF,0000720005-26-000058,2026-05-20T20:21:58.000Z,2026-05-21,0.111111,0.006914,0.008498,-0.001584,-0.033373,0.011755,-0.045128,-0.046603,0.01736,-0.063963
RJF,0000720005-26-000056,2026-05-19T20:05:59.000Z,2026-05-20,-0.5,-0.01085,0.003571,-0.014421,0.000394,0.015625,-0.01523,-0.06622,0.019547,-0.085766
RJF,0000720005-26-000046,2026-04-22T20:17:24.000Z,2026-04-23,-0.155556,6.5e-05,-0.001856,0.001922,0.014862,-0.007985,0.022847,0.032006,0.003756,0.02825
RL,0000950142-26-002493,2026-09-03T20:15:42.000Z,2026-09-04,0.785714,-0.011304,-0.00963,-0.001674,-0.041372,-0.025883,-0.015489,-0.027819,-0.018372,-0.009447
RL,0001628280-26-053896,2026-08-06T12:07:13.000Z,2026-08-07,-0.160305,0.028721,0.000179,0.028542,0.002073,0.004379,-0.002305,-0.016712,0.012525,-0.029237
RL,0000950142-26-002236,2026-07-31T22:49:31.000Z,2026-08-03,-0.5,-0.005918,0.01478,-0.020699,0.041192,0.007126,0.034066,0.070284,0.014267,0.056017
RL,0001628280-26-037053,2026-05-21T12:07:24.000Z,2026-05-22,-0.060403,0.010588,0.003283,0.007305,-0.018556,0.007078,-0.025634,-0.030362,0.009892,-0.040253
RMD,0001193125-26-378487,2026-09-02T00:30:50.000Z,2026-09-03,-0.333333,-0.003665,-0.004067,0.000401,-0.040316,-0.022788,-0.017528,-0.047646,-0.021878,-0.025768
RMD,0001193125-26-354154,2026-08-18T00:30:12.000Z,2026-08-19,0.3125,-0.006739,-0.006906,0.000167,0.010696,-0.000244,0.01094,0.024784,0.000727,0.024056
RMD,0001193125-26-337962,2026-08-07T00:05:37.000Z,2026-08-10,0.381818,0.021768,0.002101,0.019667,0.030402,0.011707,0.018695,0.001454,0.003686,-0.002231
RMD,0001193125-26-297658,2026-07-08T01:24:32.000Z,2026-07-09,0.5625,-0.021972,0.003672,-0.025644,-0.07407,-0.000594,-0.073477,-0.027297,0.008105,-0.035402
RMD,0001193125-26-197282,2026-05-01T00:10:25.000Z,2026-05-04,0.714286,-0.007401,0.007294,-0.014695,-0.012128,0.010479,-0.022607,-0.050948,0.009716,-0.060663
RMD,0001193125-26-197192,2026-05-01T00:06:30.000Z,2026-05-04,0.25,-0.007401,0.007294,-0.014695,-0.012128,0.010479,-0.022607,-0.050948,0.009716,-0.060663
ROK,0001193125-26-401143,2026-09-25T01:00:15.000Z,2026-09-28,0.333333,0.000719,-0.001568,0.002287,0.026042,-0.00347,0.029513,0.055563,0.005345,0.050218
ROK,0001024478-26-000028,2026-08-04T15:01:24.000Z,2026-08-05,0.04,-0.018331,-0.005057,-0.013275,-0.032952,0.00197,-0.034922,0.002977,0.006071,-0.003094
ROK,0001024478-26-000020,2026-05-05T15:04:32.000Z,2026-05-06,0.065421,-0.023512,-0.005314,-0.018198,-0.005856,-0.006743,0.000887,-0.009492,-0.011773,0.002282
ROK,0001024478-26-000014,2026-04-17T15:01:39.000Z,2026-04-20,0.571429,-0.008847,-0.006155,-0.002692,-0.011578,-0.006962,-0.004617,-0.016389,-0.010689,-0.005699
ROL,0000084839-26-000038,2026-07-22T20:06:26.000Z,2026-07-23,0.169811,-0.022312,0.007986,-0.030298,-0.010903,0.028046,-0.038949,-0.027637,0.017456,-0.045093
ROL,0000084839-26-000032,2026-05-27T12:35:14.000Z,2026-05-28,0.458333,-0.036827,0.000698,-0.037525,-0.088628,0.004586,-0.093214,-0.059085,0.009156,-0.068241
ROL,0000084839-26-000029,2026-05-01T20:05:25.000Z,2026-05-04,-0.5,-0.000739,0.007294,-0.008033,0.004432,0.010479,-0.006047,-0.020122,0.009716,-0.029838
ROL,0000084839-26-000019,2026-04-22T20:06:50.000Z,2026-04-23,0.357143,-0.006843,-0.001856,-0.004987,-0.021934,-0.007985,-0.013949,-0.022109,0.003756,-0.025865
ROP,0000882835-26-000039,2026-10-01T17:03:23.000Z,2026-10-02,0.818182,0.02557,0.006073,0.019497,0.011995,0.004875,0.007119,0.030269,0.015319,0.01495
ROP,0001193125-26-342309,2026-08-11T00:00:09.000Z,2026-08-12,-0.2,0.005743,0.007478,-0.001734,-0.013967,-0.000758,-0.013208,0.03059,0.003727,0.026863
ROP,0000882835-26-000031,2026-07-23T15:00:56.000Z,2026-07-24,0.0,0.020907,0.007936,0.012971,0.110878,0.01061,0.100268,0.06705,0.007518,0.059532
ROP,0001193125-26-230480,2026-05-19T23:04:48.000Z,2026-05-20,-0.25,0.002971,0.003571,-0.0006,-0.008727,0.015625,-0.024352,-0.01043,0.019547,-0.029976
ROP,0000882835-26-000015,2026-04-23T15:02:07.000Z,2026-04-24,-0.081081,-0.002688,-0.001822,-0.000866,0.007272,-0.008626,0.015899,0.013639,0.002731,0.010908
ROST,0000745732-26-000043,2026-09-18T00:03:41.000Z,2026-09-21,0.6,0.005449,-9.4e-05,0.005543,0.017946,-0.013065,0.031011,0.025254,-0.015452,0.040706
ROST,0000745732-26-000038,2026-08-21T00:11:01.000Z,2026-08-24,0.015385,-0.001366,-0.000988,-0.000378,-0.048236,-0.001771,-0.046465,-0.053743,-0.011446,-0.042297
ROST,0000745732-26-000027,2026-05-27T01:42:14.000Z,2026-05-28,-0.666667,0.019938,0.000698,0.019241,-0.014877,0.004586,-0.019462,0.025792,0.009156,0.016636
ROST,0000745732-26-000025,2026-05-22T00:02:44.000Z,2026-05-26,-0.176471,-0.005156,-0.000163,-0.004993,-0.01257,0.005025,-0.017595,-0.046276,0.008845,-0.055121
RSG,0001060391-26-000273,2026-08-06T20:08:11.000Z,2026-08-07,-0.644444,0.00028,0.000179,0.000101,-0.001398,0.004379,-0.005777,0.000699,0.012525,-0.011826
RSG,0001060391-26-000266,2026-07-29T23:02:32.000Z,2026-07-30,0.0,-0.003691,-0.00127,-0.002421,-0.017366,0.024323,-0.041689,-0.008234,0.016515,-0.024749
RSG,0001193125-26-279862,2026-06-23T21:58:37.000Z,2026-06-24,-0.333333,-0.000375,0.005557,-0.005932,0.00515,0.011861,-0.006711,0.005291,0.0144,-0.009109
RSG,0001060391-26-000215,2026-05-11T21:15:13.000Z,2026-05-12,-0.6,0.006374,-0.005352,0.011726,0.029351,-0.010937,0.040288,0.06221,-0.008793,0.071002
RSG,0001060391-26-000210,2026-05-07T20:10:28.000Z,2026-05-08,-0.527273,-0.011449,-0.002433,-0.009016,0.018248,-0.007545,0.025794,0.041496,-0.013152,0.054648
RTX,0001140361-26-036662,2026-09-16T00:30:20.000Z,2026-09-17,0.6,0.002377,-0.004282,0.006659,-0.013176,0.000835,-0.01401,-0.025473,-0.012073,-0.013399
RTX,0000101829-26-000025,2026-07-23T14:51:03.000Z,2026-07-24,-0.531034,0.026458,0.007936,0.018522,0.011561,0.01061,0.000951,0.01142,0.007518,0.003902
RTX,0001140361-26-018932,2026-05-05T01:29:52.000Z,2026-05-06,-0.6,0.000226,-0.005314,0.00554,0.01058,-0.006743,0.017324,0.007752,-0.011773,0.019525
RTX,0000101829-26-000009,2026-04-21T15:08:52.000Z,2026-04-22,-0.57377,-0.0089,-0.000628,-0.008272,-0.041623,-0.00455,-0.037073,-0.044884,-0.011083,-0.033801
RVTY,0000031791-26-000022,2026-08-04T14:20:40.000Z,2026-08-05,-0.7125,-0.006781,-0.005057,-0.001725,0.008694,0.00197,0.006724,0.024865,0.006071,0.018794
RVTY,0000031791-26-000016,2026-05-05T14:37:43.000Z,2026-05-06,-0.684932,-0.002422,-0.005314,0.002892,-0.001413,-0.006743,0.00533,-0.041175,-0.011773,-0.029401
RVTY,0001193125-26-201401,2026-05-02T00:05:18.000Z,2026-05-04,-0.714286,0.066929,0.007294,0.059635,0.142642,0.010479,0.132163,0.143798,0.009716,0.134083
SBAC,0001193125-26-402918,2026-09-25T20:37:58.000Z,2026-09-28,-0.5,-0.003794,-0.001568,-0.002226,-0.033103,-0.00347,-0.029633,-0.009851,0.005345,-0.015196
SBAC,0001193125-26-330639,2026-08-03T20:23:13.000Z,2026-08-04,-0.207547,-0.050559,-0.002081,-0.048478,-0.020596,0.000165,-0.020761,-0.031559,0.001963,-0.033522
SBAC,0001193125-26-315142,2026-07-24T11:31:52.000Z,2026-07-27,-0.647059,0.013441,0.010683,0.002758,0.053821,0.000796,0.053025,0.040148,0.009844,0.030305
SBAC,0001193125-26-314131,2026-07-23T20:15:30.000Z,2026-07-24,-0.333333,-0.005531,0.007936,-0.013467,0.073284,0.01061,0.062674,0.042692,0.007518,0.035174
SBAC,0001193125-26-304972,2026-07-15T21:29:52.000Z,2026-07-16,-0.6,0.003513,-0.007527,0.01104,-0.044423,-0.009631,-0.034792,-0.055069,-0.013539,-0.04153
SBAC,0001193125-26-236935,2026-05-22T20:15:46.000Z,2026-05-26,-0.6,-0.007584,-0.000163,-0.007421,0.007089,0.005025,0.002064,-0.027363,0.008845,-0.036209
SBAC,0001193125-26-191545,2026-04-29T20:09:58.000Z,2026-04-30,-0.137931,-0.011844,-0.002823,-0.009021,-0.017269,-0.00182,-0.01545,-0.011664,0.00129,-0.012954
SBUX,0000829224-26-000145,2026-09-24T14:55:27.000Z,2026-09-25,0.0,0.004322,-0.006655,0.010977,-0.009488,-0.0153,0.005812,-0.001581,-0.007354,0.005772
SBUX,0000829224-26-000129,2026-07-30T00:06:12.000Z,2026-07-31,-0.441341,-0.017862,0.010454,-0.028317,0.007126,0.023077,-0.015951,0.003135,0.025049,-0.021914
SBUX,0000829224-26-000106,2026-06-13T00:16:14.000Z,2026-06-15,0.5,0.000886,-0.000583,0.001469,-0.009253,-0.013772,0.00452,-0.005315,-0.015953,0.010638
SBUX,0000829224-26-000094,2026-05-21T00:15:21.000Z,2026-05-22,-0.5,-0.01639,0.003283,-0.019673,-0.022888,0.007078,-0.029967,-0.064009,0.009892,-0.073901
SBUX,0000829224-26-000088,2026-05-15T17:00:15.000Z,2026-05-18,-0.5,-0.002064,-0.005561,0.003497,-0.023171,0.009336,-0.032507,-0.048593,0.021677,-0.07027
SBUX,0000829224-26-000078,2026-04-29T00:06:39.000Z,2026-04-30,-0.545455,0.005412,-0.002823,0.008235,-0.003703,-0.00182,-0.001883,-0.010159,0.00129,-0.011449
SCHW,0001193125-26-347083,2026-08-13T00:59:35.000Z,2026-08-14,-0.428571,-0.004591,-0.00889,0.004299,-0.00189,-0.004365,0.002475,0.010892,-0.005973,0.016865
SCHW,0000316709-26-000027,2026-07-22T00:16:35.000Z,2026-07-23,0.15,0.003543,0.007986,-0.004443,0.042909,0.028046,0.014863,0.026769,0.017456,0.009313
SCHW,0001193125-26-288640,2026-06-30T00:53:48.000Z,2026-07-01,-0.428571,0.012738,0.008354,0.004384,0.06421,0.008203,0.056006,0.064001,0.002918,0.061083
SCHW,0001193125-26-251689,2026-06-02T01:00:25.000Z,2026-06-03,0.0,0.016284,0.009608,0.006675,0.017208,-0.002579,0.019786,0.03095,-0.004746,0.035696
SCHW,0001193125-26-237020,2026-05-23T00:30:19.000Z,2026-05-26,-0.666667,-0.042394,-0.000163,-0.042231,-0.022931,0.005025,-0.027955,-0.020022,0.008845,-0.028868
SCHW,0001193125-26-234609,2026-05-22T00:38:54.000Z,2026-05-26,-0.428571,-0.042394,-0.000163,-0.042231,-0.022931,0.005025,-0.027955,-0.020022,0.008845,-0.028868
SCHW,0001193125-26-170805,2026-04-23T01:10:42.000Z,2026-04-24,-0.555556,0.025537,-0.001822,0.027359,0.030057,-0.008626,0.038683,0.03435,0.002731,0.031619
SCHW,0000316709-26-000016,2026-04-17T00:17:45.000Z,2026-04-20,0.0,-0.012668,-0.006155,-0.006513,-0.045411,-0.006962,-0.038449,-0.025658,-0.010689,-0.014968
SHW,0001193125-26-405960,2026-09-29T15:05:07.000Z,2026-09-30,-0.777778,-0.007703,0.005201,-0.012903,-0.014879,0.014107,-0.028986,-0.025582,0.012976,-0.038558
SHW,0000089800-26-000046,2026-07-28T15:05:57.000Z,2026-07-29,-0.244898,0.002792,0.000251,0.002541,0.030069,0.009992,0.020077,0.075026,0.022839,0.052187
SHW,0001193125-26-263161,2026-06-09T18:11:26.000Z,2026-06-10,-0.666667,0.04271,0.014297,0.028413,0.053733,0.026342,0.027391,0.032543,0.008259,0.024284
SHW,0000089800-26-000036,2026-04-28T15:05:31.000Z,2026-04-29,-0.368421,0.011829,0.014595,-0.002765,-0.023156,0.005321,-0.028477,0.018185,0.021751,-0.003566
SHW,0000089800-26-000031,2026-04-25T01:07:24.000Z,2026-04-27,-0.714286,-0.035198,-0.004228,-0.03097,-0.043112,0.007371,-0.050483,-0.076198,-0.00166,-0.074538
SJM,0000091419-26-000079,2026-08-26T11:02:27.000Z,2026-08-27,-0.053571,0.003792,-0.003321,0.007114,-0.003186,-0.017483,0.014297,-0.025258,-0.006259,-0.018999
SJM,0000091419-26-000076,2026-08-17T20:15:36.000Z,2026-08-18,-0.666667,0.036624,0.009224,0.0274,0.049114,0.007591,0.041523,0.05865,0.007786,0.050864
SJM,0000091419-26-000047,2026-06-09T11:05:54.000Z,2026-06-10,-0.274725,-0.00188,0.014297,-0.016176,-0.009483,0.026342,-0.035825,-0.034942,0.008259,-0.043201
SLB,0001193125-26-415617,2026-10-07T00:26:37.000Z,2026-10-08,0.5,-0.003573,0.003659,-0.007232,,,,,,
SLB,0001193125-26-375358,2026-08-31T14:58:46.000Z,2026-09-01,0.153846,0.022425,0.004317,0.018109,0.01152,0.007356,0.004165,0.00343,-0.011649,0.015079
SLB,0001193125-26-315068,2026-07-24T15:02:06.000Z,2026-07-27,0.323741,-0.03008,0.010683,-0.040762,-0.050844,0.000796,-0.05164,-0.043082,0.009844,-0.052925
SLB,0001193125-26-265771,2026-06-10T23:54:51.000Z,2026-06-11,-0.090909,0.003214,0.007831,-0.004617,-0.052321,0.010001,-0.062323,-0.14125,-0.002776,-0.138474
SLB,0001193125-26-219818,2026-05-13T01:09:58.000Z,2026-05-14,0.0,-0.006637,-0.009867,0.00323,0.018296,-0.007509,0.025805,0.026906,0.006807,0.020099
SLB,0001193125-26-174940,2026-04-24T15:15:29.000Z,2026-04-27,0.014085,0.007605,-0.004228,0.011833,0.029875,0.007371,0.022504,0.007242,-0.00166,0.008902
SMCI,0001375365-26-000021,2026-08-12T00:06:16.000Z,2026-08-13,0.125,0.017365,0.000845,0.01652,-0.044688,-0.012715,-0.031974,-0.067926,-0.011206,-0.05672
SMCI,0001375365-26-000020,2026-08-06T00:05:48.000Z,2026-08-07,0.0,0.010601,0.000179,0.010422,0.208159,0.004379,0.203781,0.279794,0.012525,0.26727
SMCI,0001375365-26-000019,2026-07-22T00:10:55.000Z,2026-07-23,0.047619,-0.035256,0.007986,-0.043242,-0.088141,0.028046,-0.116187,-0.111218,0.017456,-0.128674
SMCI,0001193125-26-270430,2026-06-15T17:57:24.000Z,2026-06-16,-0.52381,-0.049281,-0.016485,-0.032796,0.213552,-0.012246,0.225798,0.110541,-0.008325,0.118865
SMCI,0001193125-26-269703,2026-06-13T01:12:12.000Z,2026-06-15,-0.642857,-0.052836,-0.000583,-0.052253,-0.006159,-0.013772,0.007614,0.080065,-0.015953,0.096018
SMCI,0001193125-26-263942,2026-06-10T00:52:05.000Z,2026-06-11,-0.903846,-0.047232,0.007831,-0.055063,-0.086018,0.010001,-0.09602,-0.040976,-0.002776,-0.0382
SMCI,0001375365-26-000015,2026-05-19T00:05:34.000Z,2026-05-20,0.0,0.0,0.003571,-0.003571,0.108787,0.015625,0.093162,0.23431,0.019547,0.214763
SMCI,0001375365-26-000013,2026-05-06T00:08:27.000Z,2026-05-07,0.047619,0.052052,0.00101,0.051042,-0.024688,-0.001337,-0.023351,-0.017549,-0.001975,-0.015574
SMCI,0001375365-26-000012,2026-04-21T00:05:20.000Z,2026-04-22,-0.571429,-0.083276,-0.000628,-0.082648,-0.045579,-0.00455,-0.04103,-0.098012,-0.011083,-0.086929
SNA,0000091440-26-000141,2026-07-23T10:31:34.000Z,2026-07-24,0.213115,0.008166,0.007936,0.00023,0.026502,0.01061,0.015892,0.015565,0.007518,0.008047
SNA,0000091440-26-000114,2026-05-01T20:34:27.000Z,2026-05-04,-0.75,0.017951,0.007294,0.010657,-0.003897,0.010479,-0.014376,-0.004461,0.009716,-0.014177
SNA,0000091440-26-000106,2026-04-23T10:31:55.000Z,2026-04-24,-0.033333,0.015987,-0.001822,0.017809,0.000106,-0.008626,0.008732,0.005206,0.002731,0.002474
SNDK,0001628280-26-062267,2026-09-17T00:24:55.000Z,2026-09-18,0.333333,-0.014053,0.005038,-0.01909,0.013813,-0.002109,0.015922,-0.007824,-0.003817,-0.004008
SNDK,0001193125-26-389293,2026-09-12T00:15:07.000Z,2026-09-14,-0.4,-0.013592,-0.005515,-0.008077,0.040206,-0.008558,0.048764,0.138306,-0.007269,0.145575
SNDK,0001628280-26-053346,2026-08-06T00:09:06.000Z,2026-08-07,-0.473684,0.021209,0.000179,0.021031,0.108958,0.004379,0.104579,0.353817,0.012525,0.341292
SNDK,0001193125-26-224694,2026-05-15T04:10:29.000Z,2026-05-18,-0.272727,0.037719,-0.005561,0.04328,0.156961,0.009336,0.147625,0.192452,0.021677,0.170775
SNDK,0001628280-26-028879,2026-05-01T00:07:41.000Z,2026-05-04,-0.5,0.119806,0.007294,0.112512,0.066966,0.010479,0.056487,0.232271,0.009716,0.222556
SNPS,0001193125-26-413359,2026-10-05T17:21:53.000Z,2026-10-06,0.4,-0.004949,-0.007665,0.002716,0.003994,0.002787,0.001206,,,
SNPS,0001193125-26-368620,2026-08-27T00:21:49.000Z,2026-08-28,-0.404959,-0.006823,-0.006249,-0.000574,-0.060188,-0.009969,-0.05022,-0.110187,-0.007081,-0.103106
SNPS,0001193125-26-345878,2026-08-12T17:15:06.000Z,2026-08-13,0.5,0.023679,0.000845,0.022835,-0.017826,-0.012715,-0.005112,-0.033588,-0.011206,-0.022382
SNPS,0001193125-26-241920,2026-05-28T00:15:28.000Z,2026-05-29,0.189189,0.035049,0.000853,0.034196,0.047096,-0.000925,0.048022,-0.022644,-0.001623,-0.021021
SNPS,0001193125-26-241911,2026-05-28T00:13:10.000Z,2026-05-29,-0.38843,0.035049,0.000853,0.034196,0.047096,-0.000925,0.048022,-0.022644,-0.001623,-0.021021
SNPS,0001193125-26-164085,2026-04-21T00:30:22.000Z,2026-04-22,-0.846154,-0.042765,-0.000628,-0.042137,0.044588,-0.00455,0.049137,0.008297,-0.011083,0.019381
SO,0000092122-26-000063,2026-08-06T19:15:47.000Z,2026-08-07,-0.538462,-0.014565,0.000179,-0.014743,-0.001834,0.004379,-0.006213,0.001187,0.012525,-0.011338
SO,0000092122-26-000060,2026-08-04T05:35:26.000Z,2026-08-05,-0.555556,-0.002148,-0.005057,0.002908,-0.018904,0.00197,-0.020875,-0.00623,0.006071,-0.012301
SO,0000092122-26-000058,2026-08-03T14:51:01.000Z,2026-08-04,-0.5,-0.001609,-0.002081,0.000473,-0.006005,0.000165,-0.00617,-0.014263,0.001963,-0.016226
SO,0000092122-26-000056,2026-07-30T16:12:10.000Z,2026-07-31,-0.526882,-0.016924,0.010454,-0.027378,-0.015232,0.023077,-0.038309,-0.019568,0.025049,-0.044618
SO,0000092122-26-000046,2026-06-08T16:44:45.000Z,2026-06-09,-0.090909,0.011512,-0.012293,0.023804,0.011296,0.009342,0.001954,0.014632,0.011449,0.003182
SO,0000092122-26-000040,2026-05-16T00:06:37.000Z,2026-05-18,-0.8,0.004589,-0.005561,0.01015,0.005656,0.009336,-0.00368,0.004055,0.021677,-0.017622
SO,0000092122-26-000036,2026-04-30T16:08:51.000Z,2026-05-01,-0.54023,-0.007445,-0.006355,-0.00109,-0.033089,0.009573,-0.042661,-0.05077,0.005579,-0.05635
SOLV,0001964738-26-000045,2026-08-05T20:17:48.000Z,2026-08-06,-0.365385,0.000241,0.00705,-0.006809,0.013742,0.009173,0.004568,0.042189,0.018773,0.023416
SOLV,0001964738-26-000043,2026-08-05T20:11:59.000Z,2026-08-06,0.1875,0.000241,0.00705,-0.006809,0.013742,0.009173,0.004568,0.042189,0.018773,0.023416
SOLV,0001964738-26-000038,2026-07-20T20:15:25.000Z,2026-07-21,0.5,-0.012214,-0.000161,-0.012053,-0.007506,0.003808,-0.011314,0.09631,0.023215,0.073095
SOLV,0001964738-26-000036,2026-06-05T20:25:31.000Z,2026-06-08,-0.850746,0.046978,0.009475,0.037503,0.005841,0.010944,-0.005104,-0.023616,0.022442,-0.046058
SOLV,0001964738-26-000031,2026-05-27T20:23:24.000Z,2026-05-28,-0.111111,-0.013037,0.000698,-0.013734,0.006452,0.004586,0.001867,0.08533,0.009156,0.076175
SOLV,0001964738-26-000027,2026-05-20T20:14:28.000Z,2026-05-21,-0.6,0.001042,0.008498,-0.007456,-0.011205,0.011755,-0.02296,-0.023453,0.01736,-0.040813
SOLV,0001964738-26-000022,2026-05-05T20:08:36.000Z,2026-05-06,-0.260274,0.009297,-0.005314,0.014611,0.044091,-0.006743,0.050834,0.048176,-0.011773,0.059949
SPG,0001104659-26-093361,2026-08-10T20:07:56.000Z,2026-08-11,-0.282051,0.004692,0.002433,0.002259,0.000228,0.010429,-0.010201,0.00492,-0.003447,0.008367
SPG,0001104659-26-062012,2026-05-15T14:14:08.000Z,2026-05-18,-0.666667,0.002195,-0.005561,0.007757,0.022353,0.009336,0.013017,0.032532,0.021677,0.010855
SPG,0001104659-26-058646,2026-05-11T20:07:37.000Z,2026-05-12,-0.289617,-0.024798,-0.005352,-0.019446,-0.027424,-0.010937,-0.016487,-0.02334,-0.008793,-0.014547
SPGI,0000064040-26-000040,2026-07-28T15:10:15.000Z,2026-07-29,-0.083969,-0.011057,0.000251,-0.011308,-0.008078,0.009992,-0.01807,-0.022901,0.022839,-0.04574
SPGI,0001104659-26-080751,2026-07-07T00:10:29.000Z,2026-07-08,-0.086957,0.005037,0.006398,-0.00136,0.016365,0.009569,0.006796,0.031779,0.004141,0.027638
SPGI,0001104659-26-080005,2026-07-02T05:25:43.000Z,2026-07-06,-0.517857,-0.008408,-0.000502,-0.007905,-0.031886,-0.005357,-0.026529,-0.020974,-0.001896,-0.019078
SPGI,0000064040-26-000031,2026-05-26T16:45:08.000Z,2026-05-27,-0.243243,0.004521,0.004229,0.000293,0.033087,0.00651,0.026577,-0.006133,0.004171,-0.010304
SPGI,0000064040-26-000028,2026-05-22T00:25:43.000Z,2026-05-26,-0.5,0.008049,-0.000163,0.008212,0.030321,0.005025,0.025297,0.014429,0.008845,0.005584
SPGI,0001104659-26-064848,2026-05-21T15:00:33.000Z,2026-05-22,-0.361111,-0.012261,0.003283,-0.015543,0.000192,0.007078,-0.006887,0.028634,0.009892,0.018743
SPGI,0001104659-26-063972,2026-05-20T01:39:32.000Z,2026-05-21,-0.5,0.004498,0.008498,-0.004,0.000168,0.011755,-0.011587,0.022267,0.01736,0.004907
SPGI,0001104659-26-063054,2026-05-18T16:53:09.000Z,2026-05-19,-0.484848,0.016106,0.011418,0.004689,0.017544,0.023837,-0.006293,0.013158,0.027674,-0.014516
SPGI,0001104659-26-058908,2026-05-12T14:02:32.000Z,2026-05-13,0.187817,-0.006469,0.004399,-0.010868,0.026713,0.002292,0.02442,0.025729,0.007758,0.01797
SPGI,0001104659-26-057215,2026-05-08T00:37:30.000Z,2026-05-11,-0.46875,0.00753,0.000149,0.007381,-0.04057,-0.000834,-0.039737,-0.008527,-0.003038,-0.005489
SPGI,0000064040-26-000019,2026-04-28T15:10:07.000Z,2026-04-29,-0.079646,-0.004525,0.014595,-0.019119,-0.019483,0.005321,-0.024805,-0.022207,0.021751,-0.043958
SRE,0001193125-26-361126,2026-08-21T20:17:01.000Z,2026-08-24,-0.6,-0.006385,-0.000988,-0.005397,0.002128,-0.001771,0.003899,-0.033936,-0.011446,-0.02249
SRE,0001193125-26-355501,2026-08-18T20:17:50.000Z,2026-08-19,-0.2,0.020914,-0.006906,0.02782,-0.011917,-0.000244,-0.011674,-0.003622,0.000727,-0.004349
SRE,0001032208-26-000043,2026-08-06T14:50:58.000Z,2026-08-07,0.045161,0.005126,0.000179,0.004948,0.02432,0.004379,0.019942,0.030162,0.012525,0.017637
SRE,0001032208-26-000040,2026-07-09T20:16:04.000Z,2026-07-10,-0.428571,0.002229,-0.000315,0.002545,-0.015074,-0.005796,-0.009278,-0.020701,-0.003257,-0.017444
SRE,0001032208-26-000037,2026-06-16T12:00:29.000Z,2026-06-17,-0.525424,0.004875,0.003447,0.001428,0.022604,0.00124,0.021363,0.042634,0.014319,0.028315
SRE,0001193125-26-263777,2026-06-09T20:17:37.000Z,2026-06-10,-0.2,0.005603,0.014297,-0.008694,0.009887,0.026342,-0.016455,-0.008569,0.008259,-0.016827
SRE,0001193125-26-226918,2026-05-15T20:29:56.000Z,2026-05-18,-0.6,0.011969,-0.005561,0.017531,0.014629,0.009336,0.005293,0.014629,0.021677,-0.007048
SRE,0001032208-26-000032,2026-05-14T20:24:53.000Z,2026-05-15,-0.666667,-0.002212,0.007625,-0.009836,0.01139,0.013274,-0.001884,0.026208,0.025519,0.000689
SRE,0001193125-26-219514,2026-05-12T20:18:56.000Z,2026-05-13,-0.2,0.012871,0.004399,0.008472,-0.015816,0.002292,-0.018108,-0.0024,0.007758,-0.010158
SRE,0001032208-26-000027,2026-05-07T14:56:43.000Z,2026-05-08,-0.147826,0.014203,-0.002433,0.016636,0.001639,-0.007545,0.009184,-0.012018,-0.013152,0.001134
SRE,0001032208-26-000020,2026-04-17T20:18:28.000Z,2026-04-20,-0.407407,-0.002463,-0.006155,0.003692,0.005676,-0.006962,0.012638,-0.009852,-0.010689,0.000837
STE,0001193125-26-338137,2026-08-07T00:25:24.000Z,2026-08-10,-0.636364,-0.002846,0.002101,-0.004947,-0.011887,0.011707,-0.023595,-0.038341,0.003686,-0.042026
STE,0001628280-26-053412,2026-08-06T00:33:00.000Z,2026-08-07,-0.333333,0.006064,0.000179,0.005885,-0.003664,0.004379,-0.008042,-0.017644,0.012525,-0.030169
STE,0001628280-26-033580,2026-05-12T00:34:04.000Z,2026-05-13,-0.509091,0.023117,0.004399,0.018718,0.008385,0.002292,0.006092,0.02307,0.007758,0.015311
STE,0001193125-26-212159,2026-05-08T00:35:55.000Z,2026-05-11,-0.358491,0.044588,0.000149,0.044439,0.070002,-0.000834,0.070836,0.054595,-0.003038,0.057633
STLD,0001104659-26-108777,2026-09-18T13:47:31.000Z,2026-09-21,-0.032258,0.017392,-9.4e-05,0.017486,0.022653,-0.013065,0.035718,0.001739,-0.015452,0.017191
STLD,0001104659-26-096861,2026-08-14T17:39:45.000Z,2026-08-17,0.666667,-0.032344,-0.004487,-0.027857,-0.151689,-0.002847,-0.148842,-0.111907,0.00437,-0.116277
STLD,0001104659-26-090129,2026-08-04T13:57:03.000Z,2026-08-05,0.945946,-0.016845,-0.005057,-0.011788,0.009926,0.00197,0.007956,-0.010453,0.006071,-0.016524
STLD,0001104659-26-085277,2026-07-21T13:42:18.000Z,2026-07-22,0.226667,0.008088,-0.003956,0.012043,0.048735,0.012083,0.036652,0.057409,0.0153,0.042108
STLD,0001104659-26-075470,2026-06-18T13:22:33.000Z,2026-06-22,0.058824,-0.029046,-0.00224,-0.026806,8e-05,0.01021,-0.010131,-0.066778,0.017182,-0.08396
STLD,0001104659-26-057616,2026-05-08T13:42:34.000Z,2026-05-11,-0.166667,-0.013434,0.000149,-0.013582,-0.005467,-0.000834,-0.004633,-0.031318,-0.003038,-0.028279
STLD,0001104659-26-045938,2026-04-21T19:06:39.000Z,2026-04-22,0.285714,-0.010595,-0.000628,-0.009967,-0.010639,-0.00455,-0.00609,-0.013585,-0.011083,-0.002501
STT,0000093751-26-000580,2026-09-14T14:33:46.000Z,2026-09-15,0.666667,-0.012046,-0.007863,-0.004183,-0.012208,-0.007122,-0.005086,-0.02636,-0.001667,-0.024693
STT,0001193125-26-346938,2026-08-13T00:25:31.000Z,2026-08-14,-0.333333,0.00678,-0.00889,0.01567,-0.030927,-0.004365,-0.026562,-0.024043,-0.005973,-0.01807
STT,0001193125-26-340238,2026-08-08T00:06:06.000Z,2026-08-10,-0.5,0.002893,0.002101,0.000792,0.016981,0.011707,0.005274,0.034069,0.003686,0.030384
STT,0001193125-26-314120,2026-07-24T00:14:56.000Z,2026-07-27,0.0,-0.011318,0.010683,-0.022001,-0.009964,0.000796,-0.01076,-0.005361,0.009844,-0.015205
STT,0000093751-26-000387,2026-07-16T15:30:28.000Z,2026-07-17,-0.274238,0.000438,-0.004675,0.005113,0.015014,-0.002299,0.017313,0.01589,0.001193,0.014697
STT,0000093751-26-000365,2026-05-27T00:16:59.000Z,2026-05-28,-0.75,-0.012499,0.000698,-0.013197,0.013768,0.004586,0.009182,0.032612,0.009156,0.023456
STT,0001193125-26-177253,2026-04-25T00:10:47.000Z,2026-04-27,0.0,-0.009999,-0.004228,-0.005771,-0.007661,0.007371,-0.015033,-0.038566,-0.00166,-0.036907
STT,0000093751-26-000184,2026-04-17T15:30:36.000Z,2026-04-20,-0.432343,0.022573,-0.006155,0.028728,0.007125,-0.006962,0.014087,0.025569,-0.010689,0.036259
STX,0001193125-26-385961,2026-09-09T12:42:48.000Z,2026-09-10,-0.625,-0.037294,0.00808,-0.045374,-0.104971,0.002559,-0.10753,-0.068651,-0.000603,-0.068049
STX,0001137789-26-000201,2026-09-04T20:07:59.000Z,2026-09-08,-0.333333,-0.020412,-0.009463,-0.010949,-0.082056,-0.008403,-0.073653,-0.146587,-0.013609,-0.132978
STX,0001137789-26-000153,2026-07-28T20:07:21.000Z,2026-07-29,-0.295775,0.114137,0.000251,0.113886,0.087163,0.009992,0.077171,0.095797,0.022839,0.072958
STX,0001193125-26-268170,2026-06-12T00:01:27.000Z,2026-06-15,-0.727273,0.012309,-0.000583,0.012892,0.050481,-0.013772,0.064253,0.019425,-0.015953,0.035378
STX,0001193125-26-243110,2026-05-28T12:54:01.000Z,2026-05-29,-0.6,0.047124,0.000853,0.046271,0.069209,-0.000925,0.070134,-0.036747,-0.001623,-0.035124
STX,0001193125-26-233588,2026-05-21T12:38:37.000Z,2026-05-22,-0.5,0.040641,0.003283,0.037358,0.083656,0.007078,0.076578,0.133538,0.009892,0.123646
STX,0001137789-26-000093,2026-05-06T12:48:22.000Z,2026-05-07,0.789474,0.021137,0.00101,0.020127,0.055268,-0.001337,0.056605,0.049997,-0.001975,0.051972
STX,0001137789-26-000084,2026-04-28T20:12:17.000Z,2026-04-29,-0.333333,0.047163,0.014595,0.032568,0.148049,0.005321,0.142728,0.222478,0.021751,0.200727
STZ,0000016918-26-000039,2026-10-07T00:18:54.000Z,2026-10-08,-0.266376,-0.008978,0.003659,-0.012638,,,,,,
STZ,0001193125-26-395558,2026-09-19T00:15:18.000Z,2026-09-21,-0.5,-0.006757,-9.4e-05,-0.006663,-0.035307,-0.013065,-0.022242,-0.046203,-0.015452,-0.030751
STZ,0000016918-26-000034,2026-09-09T01:20:04.000Z,2026-09-10,0.2,-0.010985,0.00808,-0.019064,-0.001535,0.002559,-0.004094,-0.010985,-0.000603,-0.010382
STZ,0000016918-26-000032,2026-07-25T00:15:22.000Z,2026-07-27,-0.764706,0.017809,0.010683,0.007126,0.013086,0.000796,0.012289,0.0207,0.009844,0.010857
STZ,0000016918-26-000028,2026-07-01T00:08:55.000Z,2026-07-02,-0.336585,-0.049393,0.000325,-0.049717,-0.051866,-0.011237,-0.040629,-0.024805,-0.001412,-0.023393
STZ,0000016918-26-000016,2026-05-21T15:34:15.000Z,2026-05-22,0.69697,-0.012441,0.003283,-0.015724,-0.049298,0.007078,-0.056376,-0.088629,0.009892,-0.09852
STZ,0001193125-26-209180,2026-05-07T00:38:22.000Z,2026-05-08,-0.625,-0.039134,-0.002433,-0.0367,-0.051886,-0.007545,-0.04434,-0.039538,-0.013152,-0.026386
STZ,0001193125-26-206713,2026-05-06T01:02:39.000Z,2026-05-07,-0.333333,-0.013577,0.00101,-0.014587,-0.051381,-0.001337,-0.050044,-0.06416,-0.001975,-0.062185
STZ,0000016918-26-000013,2026-05-05T01:16:55.000Z,2026-05-06,-0.111111,-0.013395,-0.005314,-0.008082,-0.064876,-0.006743,-0.058133,-0.077287,-0.011773,-0.065514
SW,0001104659-26-087794,2026-07-29T10:39:56.000Z,2026-07-30,-0.240741,-0.032618,-0.00127,-0.031348,0.021044,0.024323,-0.003279,-0.012416,0.016515,-0.028931
SW,0001104659-26-053535,2026-05-01T12:44:37.000Z,2026-05-04,-0.5,0.040558,0.007294,0.033264,0.096392,0.010479,0.085913,0.077166,0.009716,0.067451
SW,0001104659-26-052046,2026-04-30T10:38:13.000Z,2026-05-01,-0.354167,-0.037028,-0.006355,-0.030672,0.062389,0.009573,0.052816,0.053766,0.005579,0.048187
SWK,0001193125-26-383511,2026-09-04T19:02:50.000Z,2026-09-08,0.0,-0.022705,-0.009463,-0.013242,-0.048715,-0.008403,-0.040312,-0.055751,-0.013609,-0.042142
SWK,0000093556-26-000028,2026-07-29T10:22:24.000Z,2026-07-30,-0.007299,-0.010152,-0.00127,-0.008882,0.07169,0.024323,0.047367,0.057457,0.016515,0.040941
SWK,0001193125-26-281077,2026-06-24T20:15:28.000Z,2026-06-25,-0.463415,-0.003575,0.005449,-0.009024,0.019608,0.005293,0.014315,-0.004441,0.018378,-0.022819
SWK,0000093556-26-000013,2026-04-29T10:07:36.000Z,2026-04-30,-0.069767,0.004734,-0.002823,0.007557,-0.008956,-0.00182,-0.007136,0.0261,0.00129,0.02481
SWK,0001193125-26-182041,2026-04-27T20:05:30.000Z,2026-04-28,-0.888889,-0.03115,-0.002693,-0.028457,0.002553,0.008924,-0.006371,-0.011107,0.010188,-0.021295
SWK,0001193125-26-162675,2026-04-20T11:04:44.000Z,2026-04-21,-0.404255,-0.007213,-0.000183,-0.00703,0.005115,-0.002797,0.007912,0.027279,-0.008983,0.036262
SWKS,0001104659-26-113538,2026-10-05T16:43:10.000Z,2026-10-06,-0.179104,0.00773,-0.007665,0.015395,-0.068003,0.002787,-0.070791,,,
SWKS,0001104659-26-112129,2026-09-30T16:39:33.000Z,2026-10-01,-0.714286,0.022487,0.00285,0.019636,-0.004449,0.015368,-0.019818,-0.02898,0.014306,-0.043286
SWKS,0001104659-26-104395,2026-09-02T04:28:10.000Z,2026-09-03,-0.415094,0.035245,-0.004067,0.039311,0.07049,-0.022788,0.093278,0.235664,-0.021878,0.257542
SWKS,0001104659-26-093355,2026-08-11T00:06:10.000Z,2026-08-12,-0.714286,0.001148,0.007478,-0.00633,-0.027985,-0.000758,-0.027227,-0.017222,0.003727,-0.020949
SWKS,0001104659-26-089397,2026-08-03T14:12:04.000Z,2026-08-04,-0.631579,0.002994,-0.002081,0.005076,0.057344,0.000165,0.057179,0.023057,0.001963,0.021094
SWKS,0001104659-26-089381,2026-08-03T14:05:57.000Z,2026-08-04,-0.266376,0.002994,-0.002081,0.005076,0.057344,0.000165,0.057179,0.023057,0.001963,0.021094
SWKS,0000004127-26-000047,2026-07-29T00:04:34.000Z,2026-07-30,-0.444444,-0.003201,-0.00127,-0.001931,0.068982,0.024323,0.044659,0.069782,0.016515,0.053267
SWKS,0000004127-26-000045,2026-07-29T00:03:36.000Z,2026-07-30,-0.35,-0.003201,-0.00127,-0.001931,0.068982,0.024323,0.044659,0.069782,0.016515,0.053267
SWKS,0001104659-26-073096,2026-06-12T05:45:30.000Z,2026-06-15,-0.495495,-0.063467,-0.000583,-0.062884,-0.049961,-0.013772,-0.036188,-0.036979,-0.015953,-0.021025
SWKS,0001104659-26-064624,2026-05-21T01:29:32.000Z,2026-05-22,-0.459459,0.020928,0.003283,0.017645,-0.003671,0.007078,-0.01075,-0.076123,0.009892,-0.086014
SWKS,0001104659-26-064574,2026-05-21T00:50:47.000Z,2026-05-22,-0.405941,0.020928,0.003283,0.017645,-0.003671,0.007078,-0.01075,-0.076123,0.009892,-0.086014
SWKS,0000004127-26-000031,2026-05-20T00:06:13.000Z,2026-05-21,-0.857143,0.120751,0.008498,0.112253,0.079191,0.011755,0.067435,0.067806,0.01736,0.050446
SWKS,0000004127-26-000014,2026-05-06T00:05:33.000Z,2026-05-07,-0.316667,0.026753,0.00101,0.025743,0.019526,-0.001337,0.020863,0.031058,-0.001975,0.033033
SYF,0001601712-26-000037,2026-09-11T21:35:58.000Z,2026-09-14,-0.666667,0.002372,-0.005515,0.007887,-0.019373,-0.008558,-0.010815,-0.011597,-0.007269,-0.004328
SYF,0001601712-26-000035,2026-08-14T21:37:57.000Z,2026-08-17,-0.666667,-0.002105,-0.004487,0.002382,-0.050031,-0.002847,-0.047184,-0.00904,0.00437,-0.01341
SYF,0001193125-26-328719,2026-07-31T20:32:02.000Z,2026-08-03,-0.5,0.01593,0.01478,0.00115,0.015027,0.007126,0.007901,0.008834,0.014267,-0.005433
SYF,0001601712-26-000031,2026-07-21T10:01:42.000Z,2026-07-22,-0.666667,-0.014284,-0.003956,-0.010328,0.034336,0.012083,0.022253,0.029666,0.0153,0.014366
SYF,0001601712-26-000030,2026-07-21T10:00:35.000Z,2026-07-22,-0.295597,-0.014284,-0.003956,-0.010328,0.034336,0.012083,0.022253,0.029666,0.0153,0.014366
SYF,0001601712-26-000027,2026-06-29T20:07:24.000Z,2026-06-30,0.794872,0.009467,0.003828,0.00564,0.013149,0.012815,0.000335,-0.102433,0.001315,-0.103748
SYF,0001601712-26-000025,2026-06-25T20:08:00.000Z,2026-06-26,-0.6,-0.003687,0.001142,-0.004829,-0.024028,0.003695,-0.027722,-0.020468,0.012349,-0.032817
SYF,0001601712-26-000023,2026-06-08T21:45:15.000Z,2026-06-09,-0.666667,-0.038297,-0.012293,-0.026004,0.01424,0.009342,0.004898,0.040924,0.011449,0.029475
SYF,0001193125-26-259868,2026-06-05T21:00:30.000Z,2026-06-08,-0.5,0.02523,0.009475,0.015755,0.02523,0.010944,0.014286,0.057548,0.022442,0.035106
SYF,0001601712-26-000021,2026-05-14T21:38:25.000Z,2026-05-15,-0.666667,-0.004623,0.007625,-0.012248,0.009386,0.013274,-0.003887,0.006304,0.025519,-0.019215
SYF,0001601712-26-000014,2026-04-21T10:02:25.000Z,2026-04-22,-0.666667,-0.026306,-0.000628,-0.025678,-0.024654,-0.00455,-0.020104,-0.045368,-0.011083,-0.034285
SYF,0001601712-26-000013,2026-04-21T10:00:40.000Z,2026-04-22,-0.333333,-0.026306,-0.000628,-0.025678,-0.024654,-0.00455,-0.020104,-0.045368,-0.011083,-0.034285
SYK,0001193125-26-414956,2026-10-06T16:08:46.000Z,2026-10-07,0.833333,0.005701,0.006856,-0.001155,,,,,,
SYK,0000310764-26-000048,2026-07-31T00:09:48.000Z,2026-08-03,-0.333333,-0.015358,0.01478,-0.030138,-0.011049,0.007126,-0.018175,0.013511,0.014267,-0.000756
SYK,0000310764-26-000041,2026-06-26T23:45:42.000Z,2026-06-29,-0.218543,-0.044897,-0.001081,-0.043816,-0.009404,0.011239,-0.020643,0.000303,0.011257,-0.010954
SYK,0001193125-26-232643,2026-05-21T00:21:47.000Z,2026-05-22,0.333333,-0.010996,0.003283,-0.014279,-0.027964,0.007078,-0.035042,-0.053779,0.009892,-0.063671
SYK,0000310764-26-000029,2026-05-08T21:02:58.000Z,2026-05-11,-0.6,0.042006,0.000149,0.041857,0.081145,-0.000834,0.081979,0.108429,-0.003038,0.111468
SYK,0000310764-26-000025,2026-05-01T00:07:43.000Z,2026-05-04,-0.333333,0.015023,0.007294,0.007729,0.011517,0.010479,0.001037,-0.028534,0.009716,-0.03825
SYY,0001104659-26-114079,2026-10-07T00:43:26.000Z,2026-10-08,-0.578947,0.001535,0.003659,-0.002125,,,,,,
SYY,0001104659-26-110977,2026-09-26T00:12:48.000Z,2026-09-28,-0.636364,-0.001018,-0.001568,0.000549,-0.010182,-0.00347,-0.006712,-0.020949,0.005345,-0.026294
SYY,0001104659-26-110464,2026-09-25T01:22:42.000Z,2026-09-28,-0.5,-0.001018,-0.001568,0.000549,-0.010182,-0.00347,-0.006712,-0.020949,0.005345,-0.026294
SYY,0001104659-26-108285,2026-09-17T00:36:30.000Z,2026-09-18,-0.5,-0.007843,0.005038,-0.012881,-0.024162,-0.002109,-0.022053,-0.007464,-0.003817,-0.003647
SYY,0001104659-26-107510,2026-09-15T00:25:40.000Z,2026-09-16,-0.368421,0.005082,0.004965,0.000117,-0.003557,0.005892,-0.00945,-0.019947,-0.00113,-0.018817
SYY,0000950142-26-002526,2026-09-09T20:00:27.000Z,2026-09-10,-0.583924,0.010934,0.00808,0.002854,-0.032924,0.002559,-0.035483,-0.038877,-0.000603,-0.038275
SYY,0000950142-26-002525,2026-09-09T14:10:31.000Z,2026-09-10,0.125,0.010934,0.00808,0.002854,-0.032924,0.002559,-0.035483,-0.038877,-0.000603,-0.038275
SYY,0000950142-26-002498,2026-09-05T00:05:22.000Z,2026-09-08,-0.1875,0.021668,-0.009463,0.031131,0.04221,-0.008403,0.050613,-0.003006,-0.013609,0.010603
SYY,0000096021-26-000030,2026-08-20T16:04:55.000Z,2026-08-21,0.505882,-0.002854,0.00094,-0.003794,-0.009869,0.001965,-0.011834,-0.025684,-0.004583,-0.0211
SYY,0000950142-26-002314,2026-08-12T18:30:40.000Z,2026-08-13,-0.030928,-0.006703,0.000845,-0.007547,-0.019031,-0.012715,-0.006316,-0.005865,-0.011206,0.005341
SYY,0000096021-26-000026,2026-08-04T16:04:45.000Z,2026-08-05,-0.445783,0.001662,-0.005057,0.006719,-0.004037,0.00197,-0.006008,0.0057,0.006071,-0.000371
SYY,0001104659-26-079979,2026-07-02T04:01:00.000Z,2026-07-06,0.0,0.00463,-0.000502,0.005132,-0.026119,-0.005357,-0.020762,-0.009142,-0.001896,-0.007246
SYY,0000950142-26-001434,2026-05-18T21:00:25.000Z,2026-05-19,0.090909,0.003591,0.011418,-0.007827,0.01463,0.023837,-0.009207,0.000399,0.027674,-0.027275
SYY,0000096021-26-000019,2026-04-28T16:05:12.000Z,2026-04-29,-0.439252,0.010004,0.014595,-0.004591,-0.020008,0.005321,-0.02533,-0.008652,0.021751,-0.030403
SYY,0001193125-26-164087,2026-04-21T00:30:35.000Z,2026-04-22,-0.666667,0.003707,-0.000628,0.004335,-0.002251,-0.00455,0.002299,-0.020654,-0.011083,-0.009571
T,0001193125-26-386534,2026-09-10T00:39:37.000Z,2026-09-11,0.333333,0.017268,0.00012,0.017148,-0.007675,-0.013321,0.005647,-0.025326,-0.013001,-0.012325
T,0001193125-26-354091,2026-08-18T00:16:36.000Z,2026-08-19,-0.333333,0.001194,-0.006906,0.0081,0.022691,-0.000244,0.022935,0.029857,0.000727,0.029129
T,0001193125-26-332110,2026-08-04T20:07:06.000Z,2026-08-05,-0.333333,0.028187,-0.005057,0.033244,0.042931,0.00197,0.040961,0.051605,0.006071,0.045533
T,0001193125-26-321053,2026-07-29T00:23:38.000Z,2026-07-30,0.052632,0.001723,-0.00127,0.002993,0.007324,0.024323,-0.016999,0.021542,0.016515,0.005027
T,0000732717-26-000294,2026-07-22T14:33:17.000Z,2026-07-23,-0.193717,0.050958,0.007986,0.042973,0.074042,0.028046,0.045996,0.010889,0.017456,-0.006568
T,0001193125-26-272580,2026-06-17T00:05:51.000Z,2026-06-18,0.6,0.004089,0.000577,0.003512,0.016356,0.005063,0.011293,0.032258,0.016234,0.016024
T,0001193125-26-232817,2026-05-21T01:05:35.000Z,2026-05-22,-0.68,-0.009501,0.003283,-0.012784,-0.015044,0.007078,-0.022122,-0.028108,0.009892,-0.037999
T,0001193125-26-197776,2026-05-01T01:04:57.000Z,2026-05-04,-0.333333,-0.007663,0.007294,-0.014957,-0.032184,0.010479,-0.042663,-0.047126,0.009716,-0.056842
T,0000732717-26-000203,2026-04-22T14:43:29.000Z,2026-04-23,-0.233533,-0.015408,-0.001856,-0.013551,-0.020669,-0.007985,-0.012684,-0.018038,0.003756,-0.021794
T,0000732717-26-000201,2026-04-22T14:27:07.000Z,2026-04-23,-0.454545,-0.015408,-0.001856,-0.013551,-0.020669,-0.007985,-0.012684,-0.018038,0.003756,-0.021794
TAP,0000024545-26-000070,2026-08-06T14:34:03.000Z,2026-08-07,-0.372093,-0.019599,0.000179,-0.019777,-0.041503,0.004379,-0.045882,-0.013834,0.012525,-0.026359
TAP,0001104659-26-077086,2026-06-24T17:02:06.000Z,2026-06-25,0.0,0.023187,0.005449,0.017738,-0.038974,0.005293,-0.044267,-0.018747,0.018378,-0.037125
TAP,0001104659-26-066954,2026-05-28T00:15:24.000Z,2026-05-29,-0.714286,-0.012649,0.000853,-0.013502,-0.023021,-0.000925,-0.022095,-0.01189,-0.001623,-0.010267
TAP,0001104659-26-065786,2026-05-23T00:47:50.000Z,2026-05-26,-0.698113,0.015523,-0.000163,0.015686,-0.029753,0.005025,-0.034777,-0.04497,0.008845,-0.053816
TAP,0001104659-26-058010,2026-05-09T01:01:56.000Z,2026-05-11,-0.5,-0.002413,0.000149,-0.002562,-0.015203,-0.000834,-0.014369,0.005791,-0.003038,0.00883
TAP,0000024545-26-000035,2026-04-30T14:32:49.000Z,2026-05-01,-0.351598,-0.03346,-0.006355,-0.027104,0.014713,0.009573,0.00514,0.006407,0.005579,0.000828
TDG,0001193125-26-406037,2026-09-29T12:00:07.000Z,2026-09-30,-0.8,0.013523,0.005201,0.008322,0.009292,0.014107,-0.004814,0.012572,0.012976,-0.000404
TDG,0001260221-26-000064,2026-09-28T11:42:34.000Z,2026-09-29,-0.333333,-0.01563,-0.007103,-0.008527,-0.008556,0.000916,-0.009472,0.003219,0.01349,-0.010271
TDG,0001260221-26-000062,2026-09-21T20:15:11.000Z,2026-09-22,-0.333333,-0.006418,-0.007084,0.000666,0.003398,-0.008912,0.01231,-0.011354,-0.016986,0.005632
TDG,0001260221-26-000059,2026-09-14T20:43:31.000Z,2026-09-15,-0.529412,-0.004507,-0.007863,0.003356,0.000968,-0.007122,0.008089,0.025272,-0.001667,0.026939
TDG,0001260221-26-000057,2026-09-14T13:06:06.000Z,2026-09-15,-0.3,-0.004507,-0.007863,0.003356,0.000968,-0.007122,0.008089,0.025272,-0.001667,0.026939
TDG,0001260221-26-000056,2026-09-14T13:04:38.000Z,2026-09-15,-0.5,-0.004507,-0.007863,0.003356,0.000968,-0.007122,0.008089,0.025272,-0.001667,0.026939
TDG,0001260221-26-000052,2026-08-04T11:17:39.000Z,2026-08-05,0.130435,0.005866,-0.005057,0.010923,-0.02489,0.00197,-0.026861,-0.015326,0.006071,-0.021398
TDG,0001260221-26-000048,2026-07-27T11:16:56.000Z,2026-07-28,-0.333333,-0.033158,-0.008959,-0.0242,-0.040972,-0.010642,-0.03033,-0.025169,0.014764,-0.039932
TDG,0001260221-26-000046,2026-07-24T11:15:13.000Z,2026-07-27,0.333333,0.01687,0.010683,0.006188,-0.028268,0.000796,-0.029064,-0.000552,0.009844,-0.010396
TDG,0001260221-26-000044,2026-07-13T10:45:13.000Z,2026-07-14,-0.181818,0.013856,-0.00151,0.015367,-0.000749,0.000925,-0.001674,-0.008105,-0.001998,-0.006107
TDG,0001260221-26-000039,2026-05-05T11:17:21.000Z,2026-05-06,0.192308,0.006981,-0.005314,0.012295,-0.028134,-0.006743,-0.021391,-0.025921,-0.011773,-0.014148
TDG,0001193125-26-161564,2026-04-17T20:15:13.000Z,2026-04-20,-0.857143,-0.054095,-0.006155,-0.04794,-0.085406,-0.006962,-0.078444,-0.091212,-0.010689,-0.080522
TDG,0001260221-26-000036,2026-04-15T11:14:29.000Z,2026-04-16,-0.583333,0.030654,0.012363,0.01829,-0.018368,0.008954,-0.027322,-0.050862,0.008043,-0.058905
TDG,0001260221-26-000033,2026-04-14T12:22:54.000Z,2026-04-15,-0.625,-0.036448,0.004765,-0.041213,-5.5e-05,0.019971,-0.020026,-0.068205,0.013661,-0.081866
TDY,0001094285-26-000050,2026-09-28T20:27:53.000Z,2026-09-29,0.454545,0.002015,-0.007103,0.009117,0.019122,0.000916,0.018206,0.027461,0.01349,0.013971
TDY,0001094285-26-000047,2026-08-10T12:53:21.000Z,2026-08-11,0.0,0.006967,0.002433,0.004534,-0.003036,0.010429,-0.013465,-0.024555,-0.003447,-0.021108
TDY,0001094285-26-000039,2026-07-22T11:21:21.000Z,2026-07-23,-0.595745,0.006342,0.007986,-0.001644,-0.00238,0.028046,-0.030426,-0.003133,0.017456,-0.020589
TDY,0001193125-26-171087,2026-04-22T22:44:02.000Z,2026-04-23,-0.590909,-0.00471,-0.001856,-0.002854,-0.015128,-0.007985,-0.007143,-0.009053,0.003756,-0.012808
TDY,0001094285-26-000024,2026-04-22T11:04:53.000Z,2026-04-23,-0.590909,-0.00471,-0.001856,-0.002854,-0.015128,-0.007985,-0.007143,-0.009053,0.003756,-0.012808
TECH,0001140361-26-037450,2026-09-23T21:08:31.000Z,2026-09-24,-0.433333,0.000551,0.004146,-0.003595,-0.002618,-0.004126,0.001508,-0.002343,-0.006119,0.003777
TECH,0001140361-26-036499,2026-09-14T20:46:13.000Z,2026-09-15,-0.714286,-0.000138,-0.007863,0.007724,0.000415,-0.007122,0.007536,0.002903,-0.001667,0.00457
TECH,0001104659-26-094391,2026-08-12T10:30:30.000Z,2026-08-13,-0.281553,0.003187,0.000845,0.002342,0.000693,-0.012715,0.013408,0.001524,-0.011206,0.01273
TECH,0001999371-26-013527,2026-06-25T22:49:24.000Z,2026-06-26,-0.325581,-0.001408,0.001142,-0.002551,0.0,0.003695,-0.003695,-0.001127,0.012349,-0.013476
TECH,0001999371-26-013429,2026-06-25T12:21:30.000Z,2026-06-26,0.235294,-0.001408,0.001142,-0.002551,0.0,0.003695,-0.003695,-0.001127,0.012349,-0.013476
TECH,0001104659-26-055887,2026-05-06T10:30:36.000Z,2026-05-07,-0.257732,-0.050088,0.00101,-0.051098,-0.068552,-0.001337,-0.067216,-0.121194,-0.001975,-0.119219
TEL,0001104659-26-114188,2026-10-07T14:23:29.000Z,2026-10-08,-0.333333,0.007139,0.003659,0.00348,,,,,,
TEL,0001104659-26-085589,2026-07-22T14:40:03.000Z,2026-07-23,-0.255814,0.020876,0.007986,0.012891,0.077972,0.028046,0.049926,0.039187,0.017456,0.021731
TEL,0001104659-26-046285,2026-04-22T14:09:48.000Z,2026-04-23,-0.268293,-0.014054,-0.001856,-0.012198,-0.061682,-0.007985,-0.053697,-0.027879,0.003756,-0.031634
TER,0001193125-26-342367,2026-08-10T20:08:31.000Z,2026-08-11,-0.071429,0.061071,0.002433,0.058638,0.103357,0.010429,0.092928,0.065154,-0.003447,0.068602
TER,0001193125-26-321933,2026-07-29T10:00:36.000Z,2026-07-30,-0.275362,0.006019,-0.00127,0.007289,0.104162,0.024323,0.079838,0.05308,0.016515,0.036564
TER,0001193125-26-215848,2026-05-11T12:55:28.000Z,2026-05-12,-0.6,0.013754,-0.005352,0.019106,-0.057386,-0.010937,-0.046449,-0.103027,-0.008793,-0.094234
TER,0001193125-26-188706,2026-04-29T10:00:49.000Z,2026-04-30,-0.238095,0.005677,-0.002823,0.008501,0.039683,-0.00182,0.041503,0.030978,0.00129,0.029688
TFC,0000092230-26-000105,2026-09-15T11:00:31.000Z,2026-09-16,-0.043478,0.000206,0.004965,-0.004759,0.011561,0.005892,0.005668,-0.029727,-0.00113,-0.028598
TFC,0001193125-26-323732,2026-07-29T20:10:37.000Z,2026-07-30,0.0,-0.003269,-0.00127,-0.001999,0.012498,0.024323,-0.011825,0.011152,0.016515,-0.005364
TFC,0001193125-26-313404,2026-07-23T12:43:10.000Z,2026-07-24,0.0,0.006955,0.007936,-0.000981,0.010626,0.01061,1.6e-05,0.001546,0.007518,-0.005972
TFC,0000092230-26-000096,2026-07-17T10:30:36.000Z,2026-07-20,-0.198718,0.007451,0.00249,0.004961,0.003922,-0.001485,0.005406,0.021961,0.013676,0.008285
TFC,0001193125-26-270320,2026-06-15T12:07:59.000Z,2026-06-16,0.391304,-0.01954,-0.016485,-0.003055,-0.007531,-0.012246,0.004714,0.013434,-0.008325,0.021758
TFC,0000092230-26-000066,2026-06-08T20:17:46.000Z,2026-06-09,0.866667,0.006676,-0.012293,0.018969,0.045114,0.009342,0.035772,-0.006069,0.011449,-0.017518
TFC,0001193125-26-226701,2026-05-15T20:09:47.000Z,2026-05-18,-0.6,-0.005951,-0.005561,-0.00039,0.017853,0.009336,0.008517,0.034644,0.021677,0.012967
TFC,0001193125-26-201455,2026-05-01T20:13:52.000Z,2026-05-04,-0.833333,0.009499,0.007294,0.002205,0.005255,0.010479,-0.005225,-0.020275,0.009716,-0.029991
TFC,0001193125-26-171954,2026-04-23T12:28:57.000Z,2026-04-24,0.0,0.009856,-0.001822,0.011678,-0.001577,-0.008626,0.007049,0.003942,0.002731,0.001211
TFC,0000092230-26-000039,2026-04-17T10:30:46.000Z,2026-04-20,-0.173502,0.004524,-0.006155,0.010678,0.011015,-0.006962,0.017977,0.007671,-0.010689,0.01836
TGT,0000027419-26-000034,2026-08-19T11:51:13.000Z,2026-08-20,0.377778,0.045434,0.005829,0.039605,0.032986,0.005715,0.02727,0.048531,0.004712,0.043818
TGT,0000027419-26-000032,2026-08-14T20:42:28.000Z,2026-08-17,-0.555556,0.009734,-0.004487,0.014221,0.047944,-0.002847,0.050791,0.125025,0.00437,0.120655
TGT,0000027419-26-000028,2026-07-22T20:16:20.000Z,2026-07-23,0.809524,0.017103,0.007986,0.009117,0.072278,0.028046,0.044232,0.074584,0.017456,0.057127
TGT,0000027419-26-000026,2026-06-12T20:20:45.000Z,2026-06-15,-0.866667,0.001727,-0.000583,0.00231,-0.018247,-0.013772,-0.004475,0.007059,-0.015953,0.023012
TGT,0000027419-26-000020,2026-05-20T11:57:30.000Z,2026-05-21,0.297297,-0.00436,0.008498,-0.012858,0.017281,0.011755,0.005526,0.007293,0.01736,-0.010067
TJX,0000109198-26-000051,2026-09-17T16:21:51.000Z,2026-09-18,0.5,0.029236,0.005038,0.024198,0.034187,-0.002109,0.036296,0.022163,-0.003817,0.025979
TJX,0000109198-26-000045,2026-08-19T13:09:11.000Z,2026-08-20,0.424242,-0.001137,0.005829,-0.006966,-0.008601,0.005715,-0.014316,-0.045988,0.004712,-0.0507
TJX,0000109198-26-000041,2026-06-11T14:51:01.000Z,2026-06-12,-0.666667,-0.006413,0.003465,-0.009878,-0.025414,-0.014304,-0.01111,-0.025177,-0.009873,-0.015304
TJX,0000109198-26-000023,2026-05-20T13:12:27.000Z,2026-05-21,0.28,0.005144,0.008498,-0.003354,-0.002858,0.011755,-0.014613,-0.017211,0.01736,-0.034571
TKO,0001193125-26-330561,2026-08-03T20:08:11.000Z,2026-08-04,-0.287671,-0.007804,-0.002081,-0.005723,0.011111,0.000165,0.010946,0.05539,0.001963,0.053427
TKO,0001193125-26-269552,2026-06-12T20:30:07.000Z,2026-06-15,-0.333333,-0.005766,-0.000583,-0.005183,-0.011979,-0.013772,0.001794,0.007505,-0.015953,0.023459
TKO,0001193125-26-219498,2026-05-12T20:16:51.000Z,2026-05-13,-0.2,0.047904,0.004399,0.043505,0.056451,0.002292,0.054159,0.057594,0.007758,0.049836
TKO,0001193125-26-208955,2026-05-06T20:08:21.000Z,2026-05-07,-0.206349,-0.00384,0.00101,-0.00485,-0.022292,-0.001337,-0.020956,0.026612,-0.001975,0.028587
TMO,0000097745-26-000138,2026-07-23T10:04:03.000Z,2026-07-24,-0.192308,-0.015363,0.007936,-0.023299,0.01443,0.01061,0.00382,0.010629,0.007518,0.003111
TMO,0000097745-26-000117,2026-05-26T11:31:03.000Z,2026-05-27,-0.6,0.067973,0.004229,0.063744,0.082922,0.00651,0.076412,0.038886,0.004171,0.034715
TMO,0000097745-26-000086,2026-04-23T10:03:39.000Z,2026-04-24,0.046512,-0.003555,-0.001822,-0.001733,-0.007345,-0.008626,0.001281,-0.001064,0.002731,-0.003796
TMUS,0001193125-26-381901,2026-09-03T20:12:15.000Z,2026-09-04,0.343284,0.000937,-0.00963,0.010566,-0.024019,-0.025883,0.001864,0.007602,-0.018372,0.025974
TMUS,0001283699-26-000100,2026-07-23T10:29:40.000Z,2026-07-24,-0.136691,-0.015992,0.007936,-0.023928,0.007941,0.01061,-0.00267,-0.040979,0.007518,-0.048497
TMUS,0001193125-26-297534,2026-07-07T20:29:49.000Z,2026-07-08,0.081633,0.007439,0.006398,0.001041,0.045909,0.009569,0.03634,0.041523,0.004141,0.037382
TMUS,0001193125-26-275787,2026-06-18T20:00:46.000Z,2026-06-22,-0.5,0.025047,-0.00224,0.027287,0.008386,0.01021,-0.001824,-0.033822,0.017182,-0.051004
TMUS,0001283699-26-000062,2026-04-28T20:03:26.000Z,2026-04-29,-0.210728,-0.013473,0.014595,-0.028068,-0.018923,0.005321,-0.024245,-0.025281,0.021751,-0.047032
TMUS,0001193125-26-173749,2026-04-23T20:16:34.000Z,2026-04-24,-0.75,-0.037144,-0.001822,-0.035323,0.044099,-0.008626,0.052725,0.032982,0.002731,0.030251
TPL,0001104659-26-111009,2026-09-26T00:37:12.000Z,2026-09-28,-0.75,-0.027946,-0.001568,-0.026378,-0.004998,-0.00347,-0.001528,0.019281,0.005345,0.013937
TPL,0001811074-26-000056,2026-08-06T00:16:48.000Z,2026-08-07,0.186667,0.028739,0.000179,0.02856,0.006223,0.004379,0.001845,0.052458,0.012525,0.039934
TPL,0001811074-26-000045,2026-06-24T00:16:17.000Z,2026-06-25,0.538462,0.012147,0.005449,0.006698,0.119169,0.005293,0.113876,0.041326,0.018378,0.022948
TPL,0001811074-26-000040,2026-05-18T16:01:31.000Z,2026-05-19,0.325,0.020174,0.011418,0.008756,0.018907,0.023837,-0.00493,0.029196,0.027674,0.001523
TPL,0001811074-26-000033,2026-05-07T00:18:21.000Z,2026-05-08,0.170732,0.021385,-0.002433,0.023818,-0.019508,-0.007545,-0.011962,-0.022907,-0.013152,-0.009755
TPL,0001104659-26-041495,2026-04-10T00:05:16.000Z,2026-04-13,0.333333,-0.010965,0.00427,-0.015236,0.022794,0.009646,0.013148,0.043309,0.02507,0.01824
TPR,0001140361-26-032624,2026-08-13T10:46:05.000Z,2026-08-14,-0.092199,0.00031,-0.00889,0.0092,0.021244,-0.004365,0.025609,0.009226,-0.005973,0.015199
TPR,0001140361-26-019428,2026-05-07T10:45:48.000Z,2026-05-08,-0.066667,-0.001049,-0.002433,0.001384,-0.005844,-0.007545,0.001702,-0.031166,-0.013152,-0.018014
TRGP,0001193125-26-364099,2026-08-25T11:00:06.000Z,2026-08-26,0.6,-0.017277,-0.002977,-0.0143,-0.001292,-0.01248,0.011188,-0.001939,-0.016322,0.014383
TRGP,0001193125-26-336525,2026-08-06T10:15:16.000Z,2026-08-07,-0.066667,0.036361,0.000179,0.036182,0.045938,0.004379,0.041559,0.073656,0.012525,0.061131
TRGP,0001193125-26-306591,2026-07-17T10:00:11.000Z,2026-07-20,-0.5,-0.007544,0.00249,-0.010034,0.01144,-0.001485,0.012924,-0.052098,0.013676,-0.065774
TRGP,0001193125-26-296255,2026-07-06T20:30:14.000Z,2026-07-07,-0.6,0.014791,-0.01091,0.025701,-0.00168,-0.000967,-0.000713,0.02845,-0.005177,0.033627
TRGP,0001193125-26-237018,2026-05-22T20:30:07.000Z,2026-05-26,-0.6,-0.023121,-0.000163,-0.022957,-0.054911,0.005025,-0.059936,-0.024417,0.008845,-0.033263
TRGP,0001193125-26-210165,2026-05-07T10:15:18.000Z,2026-05-08,-0.076923,0.020393,-0.002433,0.022827,0.06114,-0.007545,0.068685,0.096203,-0.013152,0.109356
TRMB,0000864749-26-000111,2026-10-02T20:08:07.000Z,2026-10-05,-0.714286,0.036388,0.006354,0.030034,0.017684,0.005411,0.012273,,,
TRMB,0000864749-26-000106,2026-08-12T11:01:35.000Z,2026-08-13,-0.746032,0.001043,0.000845,0.000198,-0.009559,-0.012715,0.003156,0.037192,-0.011206,0.048398
TRMB,0000864749-26-000073,2026-05-27T11:43:43.000Z,2026-05-28,-0.636364,0.02713,0.000698,0.026433,0.051347,0.004586,0.046762,0.014203,0.009156,0.005047
TRMB,0000864749-26-000071,2026-05-26T21:28:23.000Z,2026-05-27,-0.272727,0.000729,0.004229,-0.0035,0.059585,0.00651,0.053074,0.011662,0.004171,0.007491
TRMB,0000864749-26-000061,2026-05-06T11:05:56.000Z,2026-05-07,-0.655172,-0.016977,0.00101,-0.017986,-0.086338,-0.001337,-0.085001,-0.098464,-0.001975,-0.096489
TROW,0001628280-26-051211,2026-07-31T11:03:53.000Z,2026-08-03,-0.219512,0.020086,0.01478,0.005306,0.000969,0.007126,-0.006157,0.002291,0.014267,-0.011976
TROW,0001628280-26-035912,2026-05-18T20:00:09.000Z,2026-05-19,0.857143,0.001081,0.011418,-0.010336,0.016418,0.023837,-0.007419,0.02733,0.027674,-0.000344
TROW,0001628280-26-033420,2026-05-11T20:01:03.000Z,2026-05-12,-0.6,0.001653,-0.005352,0.007005,-0.008071,-0.010937,0.002866,-0.010891,-0.008793,-0.002098
TROW,0001628280-26-028572,2026-04-30T11:02:49.000Z,2026-05-01,-0.160305,-0.003288,-0.006355,0.003068,0.026204,0.009573,0.016631,0.018468,0.005579,0.012889
TROW,0001628280-26-026397,2026-04-22T12:00:35.000Z,2026-04-23,-0.525054,-0.004322,-0.001856,-0.002466,0.012866,-0.007985,0.020851,0.034074,0.003756,0.030318
TRV,0001104659-26-092716,2026-08-07T20:15:32.000Z,2026-08-10,0.333333,-2.7e-05,0.002101,-0.002127,-0.014962,0.011707,-0.026669,-0.029578,0.003686,-0.033263
TRV,0001193125-26-316247,2026-07-24T21:07:46.000Z,2026-07-27,-0.333333,0.0176,0.010683,0.006917,-0.036788,0.000796,-0.037584,-0.042347,0.009844,-0.05219
TRV,0000086312-26-000143,2026-07-17T10:58:28.000Z,2026-07-20,-0.263298,0.003067,0.00249,0.000576,0.021357,-0.001485,0.022842,0.059295,0.013676,0.045619
TRV,0001104659-26-065727,2026-05-22T20:15:33.000Z,2026-05-26,-0.833333,-0.016074,-0.000163,-0.015911,-0.042481,0.005025,-0.047506,-0.04258,0.008845,-0.051425
TRV,0001104659-26-065156,2026-05-21T20:16:14.000Z,2026-05-22,-0.394355,-0.005286,0.003283,-0.008569,-0.039646,0.007078,-0.046725,-0.057202,0.009892,-0.067093
TRV,0000086312-26-000110,2026-04-16T10:58:25.000Z,2026-04-17,-0.311143,-0.0001,0.002829,-0.002929,0.002892,-0.003371,0.006263,0.006383,-0.006033,0.012416
TSCO,0000916365-26-000065,2026-08-26T00:52:24.000Z,2026-08-27,-0.764706,0.000576,-0.003321,0.003898,0.000288,-0.017483,0.017771,-0.002882,-0.006259,0.003377
TSCO,0000916365-26-000063,2026-08-08T00:23:31.000Z,2026-08-10,0.333333,0.019353,0.002101,0.017252,0.044772,0.011707,0.033064,0.001733,0.003686,-0.001952
TSCO,0000916365-26-000055,2026-08-06T17:01:43.000Z,2026-08-07,0.6,0.001736,0.000179,0.001557,0.054109,0.004379,0.04973,0.036748,0.012525,0.024223
TSCO,0000916365-26-000052,2026-07-23T15:03:12.000Z,2026-07-24,-0.070423,0.025145,0.007936,0.017209,-0.000645,0.01061,-0.011255,-0.008059,0.007518,-0.015577
TSCO,0000916365-26-000046,2026-05-28T17:02:34.000Z,2026-05-29,0.487179,0.007929,0.000853,0.007076,-0.075801,-0.000925,-0.074875,-0.055503,-0.001623,-0.05388
TSCO,0000916365-26-000039,2026-05-22T00:52:31.000Z,2026-05-26,-0.7,0.037551,-0.000163,0.037714,0.066644,0.005025,0.06162,0.015223,0.008845,0.006378
TSCO,0000916365-26-000033,2026-05-16T00:36:10.000Z,2026-05-18,-0.6,-0.018285,-0.005561,-0.012724,-0.001576,0.009336,-0.010912,-0.06053,0.021677,-0.082207
TSCO,0000916365-26-000028,2026-05-14T17:02:05.000Z,2026-05-15,0.6,0.037618,0.007625,0.029994,0.036637,0.013274,0.023363,0.034347,0.025519,0.008828
TSCO,0000916365-26-000020,2026-04-21T14:59:07.000Z,2026-04-22,0.365854,-0.020277,-0.000628,-0.019649,-0.084446,-0.00455,-0.079896,-0.107546,-0.011083,-0.096463
TSLA,0001628280-26-064366,2026-10-02T13:04:26.000Z,2026-10-05,-0.2,0.005149,0.006354,-0.001206,-0.009849,0.005411,-0.01526,,,
TSLA,0001628280-26-063820,2026-09-29T20:38:50.000Z,2026-09-30,-0.76,-0.001973,0.005201,-0.007174,0.067416,0.014107,0.053309,0.064823,0.012976,0.051848
TSLA,0001628280-26-049213,2026-07-22T20:35:52.000Z,2026-07-23,0.196262,-0.020833,0.007986,-0.028818,-0.038318,0.028046,-0.066364,-0.033908,0.017456,-0.051364
TSLA,0001628280-26-046717,2026-07-02T13:01:26.000Z,2026-07-06,-0.2,-0.040189,-0.000502,-0.039687,-0.031493,-0.005357,-0.026136,-0.05958,-0.001896,-0.057685
TSLA,0001628280-26-026551,2026-04-22T20:10:44.000Z,2026-04-23,0.120879,0.006904,-0.001856,0.00876,0.006154,-0.007985,0.014139,0.021166,0.003756,0.01741
TSN,0000100493-26-000067,2026-09-03T13:13:53.000Z,2026-09-04,-0.24,0.016725,-0.00963,0.026355,0.020226,-0.025883,0.046109,0.033839,-0.018372,0.052211
TSN,0001140361-26-034204,2026-08-24T20:47:35.000Z,2026-08-25,-0.571429,-0.010845,0.002192,-0.013037,-0.03096,-0.00427,-0.02669,-0.027916,-0.018417,-0.009499
TSN,0001140361-26-034195,2026-08-24T20:21:29.000Z,2026-08-25,-0.818182,-0.010845,0.002192,-0.013037,-0.03096,-0.00427,-0.02669,-0.027916,-0.018417,-0.009499
TSN,0000100493-26-000063,2026-08-13T20:29:12.000Z,2026-08-14,0.111111,0.007564,-0.00889,0.016454,0.006533,-0.004365,0.010898,0.005329,-0.005973,0.011302
TSN,0001140361-26-032111,2026-08-11T01:55:02.000Z,2026-08-12,-0.294118,0.010392,0.007478,0.002914,0.05017,-0.000758,0.050929,0.049095,0.003727,0.045368
TSN,0001140361-26-031947,2026-08-10T13:01:06.000Z,2026-08-11,-0.333333,-0.010987,0.002433,-0.01342,0.030835,0.010429,0.020406,0.027645,-0.003447,0.031092
TSN,0000100493-26-000057,2026-08-03T11:37:26.000Z,2026-08-04,-0.51938,-0.009363,-0.002081,-0.007282,-0.011917,0.000165,-0.012082,-0.039326,0.001963,-0.041289
TSN,0000100493-26-000050,2026-06-18T20:38:59.000Z,2026-06-22,-0.416667,0.034408,-0.00224,0.036648,0.041254,0.01021,0.031043,0.056566,0.017182,0.039385
TSN,0000100493-26-000032,2026-06-09T11:31:38.000Z,2026-06-10,-0.475894,-0.00873,0.014297,-0.023026,0.020844,0.026342,-0.005498,0.001247,0.008259,-0.007012
TSN,0000100493-26-000030,2026-06-08T12:03:11.000Z,2026-06-09,0.130435,-0.006021,-0.012293,0.006272,0.017,0.009342,0.007658,0.013636,0.011449,0.002187
TSN,0000100493-26-000026,2026-05-28T12:04:18.000Z,2026-05-29,0.563636,-0.009585,0.000853,-0.010438,-0.05652,-0.000925,-0.055594,-0.029417,-0.001623,-0.027793
TSN,0000100493-26-000019,2026-05-04T11:31:44.000Z,2026-05-05,-0.622642,-0.005114,0.008677,-0.013791,-0.000877,0.004366,-0.005243,-0.014319,0.001754,-0.016073
TT,0001628280-26-050743,2026-07-30T14:00:44.000Z,2026-07-31,-0.186047,0.01376,0.010454,0.003305,0.06293,0.023077,0.039853,0.060138,0.025049,0.035089
TT,0001628280-26-049227,2026-07-23T01:06:55.000Z,2026-07-24,-0.2,0.004886,0.007936,-0.003051,-0.071083,0.01061,-0.081693,-0.054138,0.007518,-0.061656
TT,0001628280-26-042055,2026-06-10T14:16:32.000Z,2026-06-11,0.793103,-0.004107,0.007831,-0.011939,0.033033,0.010001,0.023032,0.05055,-0.002776,0.053326
TT,0001628280-26-041032,2026-06-05T14:13:46.000Z,2026-06-08,-0.75,0.0258,0.009475,0.016324,0.002658,0.010944,-0.008286,0.029678,0.022442,0.007236
TT,0001628280-26-028547,2026-04-30T14:01:21.000Z,2026-05-01,-0.170732,4.1e-05,-0.006355,0.006397,0.003494,0.009573,-0.006078,-0.041749,0.005579,-0.047328
TT,0001628280-26-026988,2026-04-24T14:14:45.000Z,2026-04-27,-0.5,-0.010599,-0.004228,-0.006371,0.013665,0.007371,0.006294,0.001235,-0.00166,0.002894
TTD,0001671933-26-000099,2026-09-15T02:55:12.000Z,2026-09-16,-0.225806,-0.015873,0.004965,-0.020838,-0.042098,0.005892,-0.04799,-0.124914,-0.00113,-0.123784
TTD,0001193125-26-382690,2026-09-04T14:03:23.000Z,2026-09-08,-0.285714,-0.009986,-0.009463,-0.000523,0.022825,-0.008403,0.031228,0.0699,-0.013609,0.083509
TTD,0001671933-26-000085,2026-08-07T00:09:47.000Z,2026-08-10,0.297297,0.012696,0.002101,0.010595,0.087379,0.011707,0.075671,0.000747,0.003686,-0.002939
TTD,0001671933-26-000074,2026-07-13T16:38:31.000Z,2026-07-14,0.384615,0.022703,-0.00151,0.024214,-0.018479,0.000925,-0.019405,-0.036431,-0.001998,-0.034433
TTD,0001671933-26-000068,2026-06-10T00:11:31.000Z,2026-06-11,0.789474,0.020106,0.007831,0.012274,0.003175,0.010001,-0.006827,-0.020635,-0.002776,-0.017859
TTD,0001671933-26-000063,2026-06-02T00:35:28.000Z,2026-06-03,0.647059,0.02286,0.009608,0.013252,-0.054961,-0.002579,-0.052382,-0.06177,-0.004746,-0.057025
TTD,0001671933-26-000060,2026-05-29T04:08:47.000Z,2026-06-01,0.0,-0.091301,0.002888,-0.094189,-0.094315,0.008009,-0.102324,-0.163221,-0.004428,-0.158793
TTD,0001671933-26-000057,2026-05-09T00:02:30.000Z,2026-05-11,0.0,-0.017658,0.000149,-0.017807,-0.05158,-0.000834,-0.050746,0.034851,-0.003038,0.037889
TTD,0001671933-26-000055,2026-05-08T02:16:52.000Z,2026-05-11,-0.666667,-0.017658,0.000149,-0.017807,-0.05158,-0.000834,-0.050746,0.034851,-0.003038,0.037889
TTD,0001671933-26-000053,2026-05-08T00:05:12.000Z,2026-05-11,0.133333,-0.017658,0.000149,-0.017807,-0.05158,-0.000834,-0.050746,0.034851,-0.003038,0.037889
TTD,0001671933-26-000038,2026-04-21T00:02:01.000Z,2026-04-22,-0.625,-0.039898,-0.000628,-0.03927,-0.017827,-0.00455,-0.013277,0.03438,-0.011083,0.045464
TTWO,0001628280-26-064001,2026-10-01T00:31:36.000Z,2026-10-02,-0.428571,0.003601,0.006073,-0.002472,0.006314,0.004875,0.001438,0.054728,0.015319,0.039409
TTWO,0001628280-26-063032,2026-09-23T00:15:42.000Z,2026-09-24,-0.636364,-0.007587,0.004146,-0.011733,-0.000985,-0.004126,0.003141,0.003153,-0.006119,0.009272
TTWO,0001628280-26-054580,2026-08-07T15:37:31.000Z,2026-08-10,-0.192982,-0.012107,0.002101,-0.014208,-0.045983,0.011707,-0.057691,-0.047166,0.003686,-0.050852
TTWO,0001628280-26-037260,2026-05-22T00:08:54.000Z,2026-05-26,-0.313433,-0.010015,-0.000163,-0.009852,0.015815,0.005025,0.010791,0.007749,0.008845,-0.001096
TXN,0000950103-26-014118,2026-09-17T20:11:46.000Z,2026-09-18,-0.384615,0.015864,0.005038,0.010826,0.022427,-0.002109,0.024536,0.042867,-0.003817,0.046683
TXN,0000097476-26-000148,2026-07-22T20:04:06.000Z,2026-07-23,-0.081081,-0.018983,0.007986,-0.026969,-0.02779,0.028046,-0.055836,-0.02186,0.017456,-0.039317
TXN,0000950103-26-008325,2026-06-02T20:16:52.000Z,2026-06-03,0.0,-0.010435,0.009608,-0.020043,-0.057325,-0.002579,-0.054747,-0.086134,-0.004746,-0.081388
TXN,0000097476-26-000097,2026-04-22T20:03:59.000Z,2026-04-23,-0.081081,-0.018035,-0.001856,-0.016178,-0.061049,-0.007985,-0.053064,-0.004075,0.003756,-0.007831
TXN,0000097476-26-000094,2026-04-17T21:03:16.000Z,2026-04-20,-0.666667,-0.002353,-0.006155,0.003801,0.207659,-0.006962,0.214621,0.153188,-0.010689,0.163877
TXT,0000217346-26-000034,2026-07-28T10:34:22.000Z,2026-07-29,-0.25,0.016813,0.000251,0.016561,0.00864,0.009992,-0.001352,0.032808,0.022839,0.009969
TXT,0001104659-26-054116,2026-05-01T20:05:28.000Z,2026-05-04,-0.666667,0.007587,0.007294,0.000293,0.007147,0.010479,-0.003332,0.007917,0.009716,-0.001798
TXT,0000217346-26-000009,2026-04-30T10:32:06.000Z,2026-05-01,0.360656,-0.039907,-0.006355,-0.033552,-0.017209,0.009573,-0.026781,-0.039168,0.005579,-0.044748
TYL,0000860731-26-000052,2026-09-15T17:37:11.000Z,2026-09-16,0.333333,-0.014057,0.004965,-0.019023,-0.040353,0.005892,-0.046246,-0.040151,-0.00113,-0.039021
TYL,0000860731-26-000048,2026-07-29T20:35:01.000Z,2026-07-30,0.16129,-0.042405,-0.00127,-0.041135,-0.030868,0.024323,-0.055191,-0.052519,0.016515,-0.069035
TYL,0000860731-26-000044,2026-06-12T18:48:51.000Z,2026-06-15,0.333333,0.029085,-0.000583,0.029668,-0.03771,-0.013772,-0.023938,-0.036917,-0.015953,-0.020963
TYL,0000860731-26-000042,2026-05-29T13:14:10.000Z,2026-06-01,-0.571429,-0.049328,0.002888,-0.052217,-0.065731,0.008009,-0.07374,-0.07901,-0.004428,-0.074583
TYL,0000860731-26-000040,2026-05-14T21:13:12.000Z,2026-05-15,-0.434783,0.028536,0.007625,0.020911,0.017218,0.013274,0.003944,0.00436,0.025519,-0.021159
TYL,0000860731-26-000038,2026-05-12T11:42:56.000Z,2026-05-13,-0.083333,0.001641,0.004399,-0.002758,0.074349,0.002292,0.072057,0.062527,0.007758,0.054769
TYL,0000860731-26-000036,2026-05-11T11:02:32.000Z,2026-05-12,-0.090909,-0.035718,-0.005352,-0.030366,0.007234,-0.010937,0.018171,0.042274,-0.008793,0.051066
TYL,0000860731-26-000034,2026-05-05T18:42:26.000Z,2026-05-06,-0.6,0.032528,-0.005314,0.037841,-0.026134,-0.006743,-0.019391,-0.068798,-0.011773,-0.057025
TYL,0000860731-26-000031,2026-04-29T20:31:53.000Z,2026-04-30,0.2,-0.016533,-0.002823,-0.013709,-0.039046,-0.00182,-0.037226,-0.029489,0.00129,-0.03078
TYL,0000860731-26-000026,2026-04-20T15:39:53.000Z,2026-04-21,0.894737,0.014409,-0.000183,0.014592,0.001669,-0.002797,0.004467,-0.002929,-0.008983,0.006055
UAL,0000100517-26-000135,2026-07-15T20:00:02.000Z,2026-07-16,-0.103704,-0.028617,-0.007527,-0.02109,-0.009343,-0.009631,0.000288,-0.029122,-0.013539,-0.015583
UAL,0001104659-26-065739,2026-05-22T20:20:47.000Z,2026-05-26,-0.777778,0.063255,-0.000163,0.063418,0.083837,0.005025,0.078812,0.027379,0.008845,0.018534
UAL,0001104659-26-048992,2026-04-27T11:07:44.000Z,2026-04-28,0.253731,-0.019799,-0.002693,-0.017105,0.023338,0.008924,0.014414,0.036058,0.010188,0.02587
UAL,0000100517-26-000089,2026-04-21T20:00:07.000Z,2026-04-22,-0.249042,-0.005016,-0.000628,-0.004388,0.002072,-0.00455,0.006621,-0.033693,-0.011083,-0.02261
UBER,0001552781-26-000486,2026-09-15T21:15:42.000Z,2026-09-16,-0.25,-0.001409,0.004965,-0.006374,-0.001832,0.005892,-0.007724,-0.02184,-0.00113,-0.02071
UBER,0001552781-26-000414,2026-08-07T20:15:48.000Z,2026-08-10,-0.898734,0.006536,0.002101,0.004435,-0.027554,0.011707,-0.039261,-0.038959,0.003686,-0.042645
UBER,0001543151-26-000027,2026-08-05T10:56:58.000Z,2026-08-06,-0.403509,0.064566,0.00705,0.057517,0.114517,0.009173,0.105343,0.07677,0.018773,0.057998
UBER,0001552781-26-000382,2026-07-16T10:35:59.000Z,2026-07-17,-0.231293,-0.004002,-0.004675,0.000673,-0.029395,-0.002299,-0.027096,-0.089981,0.001193,-0.091174
UBER,0001552781-26-000320,2026-05-11T12:30:30.000Z,2026-05-12,0.5,-0.021739,-0.005352,-0.016387,-0.016632,-0.010937,-0.005695,-0.029728,-0.008793,-0.020935
UBER,0001552781-26-000314,2026-05-08T20:15:20.000Z,2026-05-11,-0.6,0.002758,0.000149,0.002609,-0.019173,-0.000834,-0.018339,-0.014051,-0.003038,-0.011013
UBER,0001543151-26-000019,2026-05-06T10:56:33.000Z,2026-05-07,-0.4,-0.016682,0.00101,-0.017692,-0.004822,-0.001337,-0.003486,-0.026587,-0.001975,-0.024612
UDR,0000074208-26-000077,2026-09-09T20:17:29.000Z,2026-09-10,0.0,-0.000569,0.00808,-0.008649,-0.002456,0.002559,-0.005015,-0.022458,-0.000603,-0.021855
UDR,0000074208-26-000070,2026-07-27T20:19:30.000Z,2026-07-28,0.023256,0.018462,-0.008959,0.02742,-0.021538,-0.010642,-0.010897,-0.011539,0.014764,-0.026302
UDR,0000074208-26-000063,2026-05-29T20:16:44.000Z,2026-06-01,0.0,0.006557,0.002888,0.003669,0.062842,0.008009,0.054833,0.054918,-0.004428,0.059346
UDR,0000074208-26-000060,2026-05-27T20:17:39.000Z,2026-05-28,-0.666667,-0.025871,0.000698,-0.026569,-0.027455,0.004586,-0.032041,0.026927,0.009156,0.017771
UDR,0000074208-26-000052,2026-05-04T20:17:13.000Z,2026-05-05,0.217391,0.002707,0.008677,-0.005969,-0.000812,0.004366,-0.005178,0.011641,0.001754,0.009887
UDR,0000074208-26-000045,2026-04-29T20:18:07.000Z,2026-04-30,0.080569,0.001376,-0.002823,0.004199,0.016511,-0.00182,0.018331,0.016235,0.00129,0.014945
UHS,0001193125-26-359953,2026-08-21T15:58:07.000Z,2026-08-24,-0.625,-0.003628,-0.000988,-0.00264,-0.021655,-0.001771,-0.019884,-0.03441,-0.011446,-0.022964
UHS,0001193125-26-354078,2026-08-18T00:15:14.000Z,2026-08-19,-0.028571,0.003133,-0.006906,0.01004,0.023617,-0.000244,0.023861,0.036906,0.000727,0.036179
UHS,0001193125-26-348057,2026-08-13T17:23:03.000Z,2026-08-14,0.0,0.003,-0.00889,0.01189,0.013587,-0.004365,0.017952,0.042583,-0.005973,0.048556
UHS,0001193125-26-318940,2026-07-28T16:19:44.000Z,2026-07-29,-0.139535,-0.028961,0.000251,-0.029212,0.005233,0.009992,-0.004759,0.020813,0.022839,-0.002025
UHS,0001193125-26-310330,2026-07-22T00:15:15.000Z,2026-07-23,-0.733333,0.029616,0.007986,0.02163,0.09883,0.028046,0.070784,0.07946,0.017456,0.062004
UHS,0001193125-26-235480,2026-05-22T15:30:15.000Z,2026-05-26,-0.714286,-0.01494,-0.000163,-0.014777,-0.067165,0.005025,-0.072189,-0.089894,0.008845,-0.098739
UHS,0001193125-26-233402,2026-05-21T15:30:16.000Z,2026-05-22,0.272727,-0.007414,0.003283,-0.010697,-0.048669,0.007078,-0.055748,-0.08308,0.009892,-0.092971
UHS,0001193125-26-183643,2026-04-28T16:15:52.000Z,2026-04-29,-0.225806,0.001786,0.014595,-0.012809,-0.011312,0.005321,-0.016633,0.003096,0.021751,-0.018655
UHS,0001193125-26-175197,2026-04-24T16:15:17.000Z,2026-04-27,-0.647059,-0.094535,-0.004228,-0.090307,-0.062615,0.007371,-0.069986,-0.07487,-0.00166,-0.073211
ULTA,0001104659-26-102438,2026-08-27T20:07:37.000Z,2026-08-28,0.030303,0.037874,-0.006249,0.044123,0.066164,-0.009969,0.076133,0.090087,-0.007081,0.097168
ULTA,0001104659-26-097497,2026-08-17T10:30:42.000Z,2026-08-18,0.6,0.0215,0.009224,0.012276,0.009134,0.007591,0.001543,0.039633,0.007786,0.031847
ULTA,0001104659-26-083524,2026-07-14T20:30:25.000Z,2026-07-15,0.428571,0.027288,0.01,0.017288,0.047067,-0.002387,0.049455,0.037285,-0.000527,0.037812
ULTA,0001104659-26-071896,2026-06-09T21:01:03.000Z,2026-06-10,-0.565217,0.012045,0.014297,-0.002252,0.001912,0.026342,-0.02443,-0.042485,0.008259,-0.050744
ULTA,0001104659-26-069464,2026-06-02T20:06:38.000Z,2026-06-03,0.04,-0.018442,0.009608,-0.02805,-0.017848,-0.002579,-0.015269,-0.000976,-0.004746,0.003769
UNH,0000731766-26-000205,2026-09-09T00:04:56.000Z,2026-09-10,-0.333333,-0.023668,0.00808,-0.031748,-0.025845,0.002559,-0.028404,-0.027711,-0.000603,-0.027108
UNH,0000731766-26-000191,2026-07-16T14:00:59.000Z,2026-07-17,0.12766,-0.010655,-0.004675,-0.00598,0.012251,-0.002299,0.01455,-0.012556,0.001193,-0.013749
UNH,0000731766-26-000138,2026-06-06T00:17:52.000Z,2026-06-08,-0.714286,0.015815,0.009475,0.00634,-0.002509,0.010944,-0.013453,0.016769,0.022442,-0.005673
UNH,0000731766-26-000129,2026-05-12T01:28:55.000Z,2026-05-13,-0.333333,-0.00516,0.004399,-0.009559,-0.025003,0.002292,-0.027295,-0.044521,0.007758,-0.052279
UNH,0000731766-26-000121,2026-04-21T14:02:24.000Z,2026-04-22,-0.021645,0.002942,-0.000628,0.00357,0.00331,-0.00455,0.007859,0.04871,-0.011083,0.059794
UNP,0000100885-26-000249,2026-07-23T11:46:39.000Z,2026-07-24,-0.042254,-0.026097,0.007936,-0.034033,-0.049232,0.01061,-0.059842,-0.049427,0.007518,-0.056945
UNP,0000100885-26-000174,2026-05-18T20:15:23.000Z,2026-05-19,-0.6,-0.021211,0.011418,-0.032628,-0.020916,0.023837,-0.044753,0.028833,0.027674,0.00116
UNP,0000100885-26-000154,2026-04-23T11:46:33.000Z,2026-04-24,-0.125,0.000782,-0.001822,0.002603,-0.014589,-0.008626,-0.005962,-0.008857,0.002731,-0.011589
UPS,0001628280-26-059609,2026-08-31T20:37:13.000Z,2026-09-01,0.688889,0.003409,0.004317,-0.000907,-0.003604,0.007356,-0.01096,-0.033509,-0.011649,-0.02186
UPS,0001104659-26-098351,2026-08-18T20:15:33.000Z,2026-08-19,-0.5,-0.002722,-0.006906,0.004184,-0.001361,-0.000244,-0.001117,0.027124,0.000727,0.026397
UPS,0001104659-26-094502,2026-08-12T11:45:32.000Z,2026-08-13,0.0,-0.009854,0.000845,-0.010699,-0.018806,-0.012715,-0.006092,-0.012549,-0.011206,-0.001343
UPS,0001628280-26-049912,2026-07-28T10:03:54.000Z,2026-07-29,-0.17757,0.00679,0.000251,0.006539,0.022093,0.009992,0.012101,0.030031,0.022839,0.007192
UPS,0001628280-26-043196,2026-06-15T20:17:23.000Z,2026-06-16,-0.2,-0.044446,-0.016485,-0.027961,-0.025268,-0.012246,-0.013022,-0.035266,-0.008325,-0.026942
UPS,0001628280-26-034597,2026-05-13T20:11:24.000Z,2026-05-14,-0.428571,0.005182,-0.009867,0.015049,0.000429,-0.007509,0.007939,0.0151,0.006807,0.008293
UPS,0001628280-26-033522,2026-05-11T20:22:24.000Z,2026-05-12,-0.636364,0.000102,-0.005352,0.005454,0.004978,-0.010937,0.015914,0.000226,-0.008793,0.009019
UPS,0001628280-26-027717,2026-04-28T10:09:08.000Z,2026-04-29,-0.25,0.020542,0.014595,0.005947,-0.096614,0.005321,-0.101935,-0.063034,0.021751,-0.084784
URI,0001193125-26-385238,2026-09-08T20:23:50.000Z,2026-09-09,-0.5,-0.03858,-0.006947,-0.031633,-0.033992,0.001141,-0.035133,-0.02189,-0.012328,-0.009562
URI,0001067701-26-000028,2026-07-22T20:23:15.000Z,2026-07-23,-0.364929,0.001649,0.007986,-0.006336,-0.042511,0.028046,-0.070557,-0.062367,0.017456,-0.079823
URI,0001104659-26-075708,2026-06-18T20:01:25.000Z,2026-06-22,-0.733333,-0.027034,-0.00224,-0.024795,0.042858,0.01021,0.032647,0.027446,0.017182,0.010265
URI,0001193125-26-214719,2026-05-08T20:26:21.000Z,2026-05-11,-0.818182,0.018771,0.000149,0.018622,0.039247,-0.000834,0.040081,0.008923,-0.003038,0.011961
URI,0001067701-26-000018,2026-04-22T20:24:56.000Z,2026-04-23,-0.450237,-0.012536,-0.001856,-0.010679,-0.024382,-0.007985,-0.016397,-0.027301,0.003756,-0.031057
USB,0000036104-26-000039,2026-07-16T10:59:35.000Z,2026-07-17,-0.174129,0.0,-0.004675,0.004675,0.021064,-0.002299,0.023364,0.013145,0.001193,0.011952
USB,0000036104-26-000035,2026-06-24T21:30:14.000Z,2026-06-25,-0.368421,-0.004901,0.005449,-0.01035,-0.004788,0.005293,-0.010081,0.017126,0.018378,-0.001252
USB,0001193125-26-173818,2026-04-23T20:30:18.000Z,2026-04-24,-0.714286,0.007017,-0.001822,0.008839,0.010615,-0.008626,0.019242,0.012954,0.002731,0.010223
USB,0000036104-26-000021,2026-04-16T10:47:23.000Z,2026-04-17,-0.148741,0.00123,0.002829,-0.001599,-0.005797,-0.003371,-0.002426,-0.023713,-0.006033,-0.01768
V,0001403161-26-000121,2026-09-23T20:06:31.000Z,2026-09-24,-0.333333,-0.001631,0.004146,-0.005777,-0.005707,-0.004126,-0.001581,-0.022094,-0.006119,-0.015975
V,0001403161-26-000103,2026-07-28T20:05:26.000Z,2026-07-29,-0.18,-0.006672,0.000251,-0.006923,-0.008299,0.009992,-0.018291,-0.000515,0.022839,-0.023354
V,0001403161-26-000096,2026-07-15T20:23:24.000Z,2026-07-16,-0.2,-0.018021,-0.007527,-0.010494,-0.025524,-0.009631,-0.015894,-0.037082,-0.013539,-0.023543
V,0001403161-26-000086,2026-06-26T20:07:23.000Z,2026-06-29,-0.333333,0.004215,-0.001081,0.005296,0.059944,0.011239,0.048705,0.03088,0.011257,0.019622
V,0001193125-26-219432,2026-05-12T20:11:02.000Z,2026-05-13,-0.789474,0.0069,0.004399,0.0025,0.038494,0.002292,0.036202,0.032593,0.007758,0.024835
V,0001193125-26-215875,2026-05-11T13:10:25.000Z,2026-05-12,-0.142857,-0.018718,-0.005352,-0.013366,-0.002053,-0.010937,0.008884,0.010692,-0.008793,0.019484
V,0001403161-26-000077,2026-04-28T20:05:56.000Z,2026-04-29,-0.196078,-0.014991,0.014595,-0.029586,-0.02392,0.005321,-0.029242,-0.04796,0.021751,-0.069711
VEEV,0001393052-26-000032,2026-08-27T00:06:32.000Z,2026-08-28,-0.037037,0.032527,-0.006249,0.038776,0.014565,-0.009969,0.024534,-0.005783,-0.007081,0.001298
VEEV,0001213900-26-092096,2026-08-21T00:05:25.000Z,2026-08-24,0.142857,-0.006762,-0.000988,-0.005773,0.135515,-0.001771,0.137286,0.149843,-0.011446,0.161289
VEEV,0001393052-26-000029,2026-06-19T00:06:35.000Z,2026-06-22,-0.5,0.042766,-0.00224,0.045006,0.032123,0.01021,0.021913,0.150561,0.017182,0.13338
VEEV,0001393052-26-000022,2026-06-04T00:04:04.000Z,2026-06-05,0.06383,-0.031111,-0.002379,-0.028731,-0.051272,-0.005524,-0.045748,-0.07572,0.016479,-0.092198
VEEV,0001393052-26-000018,2026-04-21T00:18:41.000Z,2026-04-22,0.333333,-0.046587,-0.000628,-0.045959,-0.020332,-0.00455,-0.015783,-0.033948,-0.011083,-0.022865
VICI,0001705696-26-000092,2026-09-08T16:35:16.000Z,2026-09-09,0.851852,-0.01904,-0.006947,-0.012093,-0.006743,0.001141,-0.007885,-0.026973,-0.012328,-0.014645
VICI,0001104659-26-097167,2026-08-15T00:15:29.000Z,2026-08-17,-0.764706,-0.001926,-0.004487,0.002561,0.023498,-0.002847,0.026344,0.031587,0.00437,0.027217
VICI,0001104659-26-092034,2026-08-07T00:18:14.000Z,2026-08-10,-0.578947,-0.003452,0.002101,-0.005553,0.010357,0.011707,-0.001351,-0.004219,0.003686,-0.007905
VICI,0001705696-26-000088,2026-07-30T00:15:25.000Z,2026-07-31,-0.319838,0.007211,0.010454,-0.003244,0.001898,0.023077,-0.021179,0.014801,0.025049,-0.010249
VICI,0001705696-26-000068,2026-04-30T00:15:25.000Z,2026-05-01,-0.336032,-0.017145,-0.006355,-0.01079,0.002449,0.009573,-0.007124,0.009097,0.005579,0.003518
VICI,0001705696-26-000053,2026-04-29T00:15:52.000Z,2026-04-30,-0.6,-0.021233,-0.002823,-0.018409,-0.031849,-0.00182,-0.030029,-0.014041,0.00129,-0.015331
VLO,0001628280-26-062625,2026-09-18T16:42:46.000Z,2026-09-21,0.5,-0.041015,-9.4e-05,-0.040921,-0.02647,-0.013065,-0.013405,-0.009408,-0.015452,0.006044
VLO,0001628280-26-050822,2026-07-30T16:15:29.000Z,2026-07-31,-0.60396,-0.01713,0.010454,-0.027584,-0.033589,0.023077,-0.056666,-0.046628,0.025049,-0.071678
VLO,0001628280-26-048495,2026-07-17T00:49:01.000Z,2026-07-20,0.0,0.004756,0.00249,0.002265,-0.025693,-0.001485,-0.024209,-0.026747,0.013676,-0.040422
VLO,0001628280-26-032765,2026-05-08T22:55:49.000Z,2026-05-11,-0.62963,-0.004071,0.000149,-0.004219,-0.013541,-0.000834,-0.012708,0.041873,-0.003038,0.044911
VLO,0001628280-26-028602,2026-04-30T16:09:55.000Z,2026-05-01,-0.660377,0.019281,-0.006355,0.025637,-0.041236,0.009573,-0.050809,-0.023535,0.005579,-0.029114
VLTO,0001967680-26-000043,2026-07-28T20:31:18.000Z,2026-07-29,-0.087719,-0.041688,0.000251,-0.041939,-0.040575,0.009992,-0.050567,-0.016898,0.022839,-0.039737
VLTO,0001967680-26-000034,2026-06-01T20:48:48.000Z,2026-06-02,-0.625,0.027175,-0.004463,0.031637,0.043916,-0.004322,0.048238,0.045251,0.002786,0.042465
VLTO,0001967680-26-000028,2026-05-14T20:31:45.000Z,2026-05-15,-0.6,0.022162,0.007625,0.014537,0.016032,0.013274,0.002758,0.023223,0.025519,-0.002296
VLTO,0001967680-26-000023,2026-04-28T20:31:33.000Z,2026-04-29,-0.030303,-0.014195,0.014595,-0.02879,-0.013748,0.005321,-0.019069,-0.028948,0.021751,-0.050699
VMC,0001140361-26-029958,2026-07-29T11:05:34.000Z,2026-07-30,-0.302326,-0.009844,-0.00127,-0.008574,0.051099,0.024323,0.026776,0.038306,0.016515,0.02179
VMC,0001140361-26-029775,2026-07-27T21:27:11.000Z,2026-07-28,-0.333333,-0.015602,-0.008959,-0.006644,-0.068823,-0.010642,-0.058182,-0.011511,0.014764,-0.026275
VMC,0001140361-26-020591,2026-05-11T20:31:11.000Z,2026-05-12,-0.333333,-0.017148,-0.005352,-0.011796,-0.04117,-0.010937,-0.030233,-0.071134,-0.008793,-0.062342
VMC,0001140361-26-017638,2026-04-29T11:05:35.000Z,2026-04-30,-0.432432,-0.014648,-0.002823,-0.011825,-0.033903,-0.00182,-0.032083,-0.042454,0.00129,-0.043744
VRSK,0001193125-26-385242,2026-09-08T20:24:55.000Z,2026-09-09,0.333333,-0.011967,-0.006947,-0.00502,0.050789,0.001141,0.049648,0.023862,-0.012328,0.03619
VRSK,0001193125-26-355652,2026-08-18T20:58:35.000Z,2026-08-19,0.0,0.006597,-0.006906,0.013503,0.016626,-0.000244,0.01687,0.007616,0.000727,0.006889
VRSK,0001437749-26-024748,2026-07-29T11:16:18.000Z,2026-07-30,0.037037,-0.027452,-0.00127,-0.026182,-0.037684,0.024323,-0.062007,-0.052907,0.016515,-0.069423
VRSK,0001193125-26-321243,2026-07-28T21:10:37.000Z,2026-07-29,0.428571,-0.060052,0.000251,-0.060303,-0.094018,0.009992,-0.10401,-0.114473,0.022839,-0.137312
VRSK,0001193125-26-234734,2026-05-21T20:52:19.000Z,2026-05-22,-0.666667,0.002805,0.003283,-0.000478,0.009994,0.007078,0.002915,0.075156,0.009892,0.065265
VRSK,0001437749-26-013728,2026-04-29T11:16:12.000Z,2026-04-30,0.070423,-0.018321,-0.002823,-0.015497,-0.021898,-0.00182,-0.020078,-0.053119,0.00129,-0.05441
VRSN,0001014473-26-000030,2026-08-28T00:01:37.000Z,2026-08-31,0.333333,0.000312,-0.008009,0.008322,0.017587,0.003345,0.014242,-0.021091,-0.010337,-0.010753
VRSN,0001014473-26-000026,2026-07-24T00:08:53.000Z,2026-07-27,-0.5,0.023033,0.010683,0.012351,0.042792,0.000796,0.041995,0.087585,0.009844,0.077741
VRSN,0001140361-26-026574,2026-06-27T00:23:48.000Z,2026-06-29,-0.777778,-0.003683,-0.001081,-0.002602,0.015605,0.011239,0.004365,0.056596,0.011257,0.045339
VRSN,0001140361-26-026514,2026-06-26T17:14:35.000Z,2026-06-29,0.0,-0.003683,-0.001081,-0.002602,0.015605,0.011239,0.004365,0.056596,0.011257,0.045339
VRSN,0001014473-26-000023,2026-05-22T00:10:58.000Z,2026-05-26,-0.866667,-0.036531,-0.000163,-0.036368,-0.069999,0.005025,-0.075024,-0.030796,0.008845,-0.039641
VRSN,0001014473-26-000019,2026-04-24T00:07:46.000Z,2026-04-27,-0.621622,0.009332,-0.004228,0.01356,0.002837,0.007371,-0.004534,0.02333,-0.00166,0.024989
VRT,0001628280-26-063311,2026-09-24T14:38:08.000Z,2026-09-25,-0.153846,-0.036481,-0.006655,-0.029827,-0.04726,-0.0153,-0.03196,-0.004343,-0.007354,0.003011
VRT,0001193125-26-379306,2026-09-02T14:42:34.000Z,2026-09-03,-0.181818,0.043522,-0.004067,0.047588,-0.022096,-0.022788,0.000693,-0.043782,-0.021878,-0.021904
VRT,0001628280-26-059961,2026-09-02T14:04:11.000Z,2026-09-03,0.0,0.043522,-0.004067,0.047588,-0.022096,-0.022788,0.000693,-0.043782,-0.021878,-0.021904
VRT,0001628280-26-050323,2026-07-29T14:01:57.000Z,2026-07-30,-0.519481,0.061846,-0.00127,0.063116,0.186505,0.024323,0.162182,0.209539,0.016515,0.193023
VRT,0001628280-26-044317,2026-06-19T00:17:55.000Z,2026-06-22,-0.5,-0.110739,-0.00224,-0.108499,-0.090485,0.01021,-0.100695,-0.142446,0.017182,-0.159628
VRT,0001628280-26-042641,2026-06-12T14:33:08.000Z,2026-06-15,-0.043478,-0.039528,-0.000583,-0.038945,0.067707,-0.013772,0.08148,0.020485,-0.015953,0.036439
VRT,0001628280-26-040031,2026-06-03T14:36:25.000Z,2026-06-04,0.0,-0.072271,-0.009468,-0.062803,-0.106199,-0.002575,-0.103624,-0.08039,-0.001107,-0.079283
VRT,0001628280-26-027297,2026-04-27T14:34:29.000Z,2026-04-28,0.04,0.00377,-0.002693,0.006463,0.07632,0.008924,0.067396,0.117988,0.010188,0.1078
VRT,0001628280-26-026379,2026-04-22T14:00:51.000Z,2026-04-23,-0.507246,0.005315,-0.001856,0.007171,-0.051966,-0.007985,-0.043981,0.020948,0.003756,0.017192
VRT,0001628280-26-024824,2026-04-13T14:36:36.000Z,2026-04-14,0.217391,-0.030112,0.000612,-0.030723,-0.010209,0.017606,-0.027815,0.006216,0.014425,-0.008209
VRTX,0000875320-26-000264,2026-09-01T20:25:14.000Z,2026-09-02,-0.28,0.002173,0.0072,-0.005027,-0.050022,-0.006517,-0.043505,-0.075779,-0.022942,-0.052837
VRTX,0000875320-26-000256,2026-08-03T20:09:43.000Z,2026-08-04,0.236842,0.012784,-0.002081,0.014866,0.036264,0.000165,0.036099,0.106411,0.001963,0.104448
VRTX,0001193125-26-296710,2026-07-07T01:55:41.000Z,2026-07-08,-0.160221,-0.003872,0.006398,-0.01027,-0.036475,0.009569,-0.046044,-0.042835,0.004141,-0.046976
VRTX,0000875320-26-000204,2026-05-13T20:03:13.000Z,2026-05-14,-0.714286,-0.029884,-0.009867,-0.020017,-0.035745,-0.007509,-0.028236,-0.037455,0.006807,-0.044262
VRTX,0000875320-26-000171,2026-05-04T20:05:36.000Z,2026-05-05,0.142857,0.007753,0.008677,-0.000924,0.012866,0.004366,0.008501,0.056391,0.001754,0.054637
VRTX,0000875320-26-000166,2026-04-29T20:05:05.000Z,2026-04-30,-0.5,-0.008096,-0.002823,-0.005272,-0.007066,-0.00182,-0.005247,-0.005569,0.00129,-0.006859
VST,0001140361-26-038468,2026-10-03T04:12:47.000Z,2026-10-05,0.0,0.107737,0.006354,0.101382,0.077645,0.005411,0.072234,,,
VST,0001140361-26-037577,2026-09-25T01:13:57.000Z,2026-09-28,-0.333333,0.020359,-0.001568,0.021927,0.012534,-0.00347,0.016005,0.049775,0.005345,0.044431
VST,0001692819-26-000017,2026-08-07T15:00:25.000Z,2026-08-10,-0.308271,0.014349,0.002101,0.012248,0.024708,0.011707,0.013,0.022678,0.003686,0.018993
VST,0001140361-26-028619,2026-07-16T17:02:23.000Z,2026-07-17,-0.5,0.016405,-0.004675,0.02108,0.072697,-0.002299,0.074996,0.051081,0.001193,0.049888
VST,0001140361-26-028454,2026-07-15T01:29:37.000Z,2026-07-16,-0.2,0.018878,-0.007527,0.026405,0.06404,-0.009631,0.073671,0.10763,-0.013539,0.121169
VST,0001140361-26-026944,2026-07-01T00:30:41.000Z,2026-07-02,0.0,0.040847,0.000325,0.040523,0.024959,-0.011237,0.036195,0.051705,-0.001412,0.053117
VST,0001692819-26-000011,2026-05-07T15:01:21.000Z,2026-05-08,-0.288889,0.029312,-0.002433,0.031745,-0.034592,-0.007545,-0.027047,-0.054427,-0.013152,-0.041275
VST,0001140361-26-018872,2026-05-05T00:15:58.000Z,2026-05-06,-0.866667,-0.027418,-0.005314,-0.022104,-0.039421,-0.006743,-0.032678,-0.099059,-0.011773,-0.087286
VST,0001140361-26-017445,2026-04-29T00:15:32.000Z,2026-04-30,-0.733333,-0.016219,-0.002823,-0.013396,0.016092,-0.00182,0.017912,-0.024645,0.00129,-0.025935
VTR,0001104659-26-107921,2026-09-16T00:10:37.000Z,2026-09-17,0.25,-0.011629,-0.004282,-0.007347,-0.009691,0.000835,-0.010526,-0.010033,-0.012073,0.002041
VTR,0000740260-26-000022,2026-07-30T00:39:17.000Z,2026-07-31,-0.154286,-0.028446,0.010454,-0.038901,-0.01048,0.023077,-0.033557,-0.001604,0.025049,-0.026653
VTR,0001104659-26-074016,2026-06-16T00:02:00.000Z,2026-06-17,0.428571,-0.006695,0.003447,-0.010142,0.039197,0.00124,0.037956,0.064273,0.014319,0.049953
VTR,0001104659-26-062795,2026-05-16T01:15:38.000Z,2026-05-18,-0.584416,0.002383,-0.005561,0.007944,-0.001588,0.009336,-0.010924,0.00261,0.021677,-0.019067
VTR,0000740260-26-000016,2026-04-28T00:33:06.000Z,2026-04-29,-0.15508,0.005608,0.014595,-0.008986,0.004807,0.005321,-0.000514,-0.008584,0.021751,-0.030335
VTRS,0001792044-26-000037,2026-08-06T15:56:03.000Z,2026-08-07,-0.365217,-0.00913,0.000179,-0.009308,-0.020085,0.004379,-0.024464,-0.012173,0.012525,-0.024698
VTRS,0001140361-26-027216,2026-07-02T00:20:55.000Z,2026-07-06,-0.869565,0.009524,-0.000502,0.010026,-0.027381,-0.005357,-0.022024,-0.024405,-0.001896,-0.022509
VTRS,0001140361-26-025744,2026-06-19T00:10:51.000Z,2026-06-22,-0.75,0.024057,-0.00224,0.026297,0.044863,0.01021,0.034653,0.055266,0.017182,0.038085
VTRS,0001140361-26-025228,2026-06-16T00:32:33.000Z,2026-06-17,-0.5,-0.022886,0.003447,-0.026333,0.001271,0.00124,3.1e-05,0.021615,0.014319,0.007295
VTRS,0001140361-26-021672,2026-05-16T00:30:24.000Z,2026-05-18,-0.6,-0.02,-0.005561,-0.014439,-0.002424,0.009336,-0.01176,-0.007308,0.021677,-0.028985
VTRS,0001792044-26-000025,2026-05-07T15:47:46.000Z,2026-05-08,-0.431694,-0.01456,-0.002433,-0.012127,0.011648,-0.007545,0.019194,-0.040186,-0.013152,-0.027034
VTRS,0001140361-26-018887,2026-05-05T00:39:32.000Z,2026-05-06,0.157895,0.090282,-0.005314,0.095596,0.060815,-0.006743,0.067558,0.089028,-0.011773,0.100802
VZ,0001193125-26-407520,2026-09-30T00:15:46.000Z,2026-10-01,0.333333,-0.001305,0.00285,-0.004155,0.0,0.015368,-0.015368,0.008047,0.014306,-0.006259
VZ,0001193125-26-315236,2026-07-24T17:07:03.000Z,2026-07-27,0.333333,0.018385,0.010683,0.007703,-0.025571,0.000796,-0.026367,0.000845,0.009844,-0.008998
VZ,0000732712-26-000040,2026-07-24T15:00:31.000Z,2026-07-27,-0.272727,0.018385,0.010683,0.007703,-0.025571,0.000796,-0.026367,0.000845,0.009844,-0.008998
VZ,0001193125-26-286771,2026-06-29T14:24:49.000Z,2026-06-30,-0.8,-0.008266,0.003828,-0.012094,-0.006377,0.012815,-0.019192,0.002598,0.001315,0.001283
VZ,0001193125-26-273410,2026-06-17T16:07:15.000Z,2026-06-18,-0.111111,-0.00022,0.000577,-0.000797,0.006833,0.005063,0.00177,0.025788,0.016234,0.009554
VZ,0001193125-26-252577,2026-06-02T16:15:58.000Z,2026-06-03,-0.222222,-0.038157,0.009608,-0.047765,-0.025938,-0.002579,-0.023359,0.006431,-0.004746,0.011176
VZ,0001193125-26-245230,2026-05-29T00:10:34.000Z,2026-06-01,-0.636364,0.002933,0.002888,4.5e-05,-0.05992,0.008009,-0.06793,-0.047978,-0.004428,-0.04355
VZ,0001193125-26-224113,2026-05-15T00:21:48.000Z,2026-05-18,0.2,0.020958,-0.005561,0.026519,0.032293,0.009336,0.022957,0.036997,0.021677,0.01532
VZ,0001193125-26-215839,2026-05-11T16:52:08.000Z,2026-05-12,-0.263158,-0.015022,-0.005352,-0.00967,-0.032548,-0.010937,-0.021611,-0.003964,-0.008793,0.004829
VZ,0000732712-26-000019,2026-04-27T15:00:42.000Z,2026-04-28,-0.2,-0.013336,-0.002693,-0.010643,0.018417,0.008924,0.009493,0.002117,0.010188,-0.008071
WAB,0000943452-26-000013,2026-10-02T00:02:27.000Z,2026-10-05,0.0,-0.002398,0.006354,-0.008753,-0.037895,0.005411,-0.043306,,,
WAB,0001628280-26-049105,2026-07-22T14:59:48.000Z,2026-07-23,-0.315789,0.015135,0.007986,0.007149,0.026175,0.028046,-0.001871,-0.018558,0.017456,-0.036014
WAB,0001140361-26-021657,2026-05-16T00:07:22.000Z,2026-05-18,-0.6,-0.018757,-0.005561,-0.013196,-0.019257,0.009336,-0.028593,0.006219,0.021677,-0.015458
WAB,0001628280-26-026384,2026-04-22T15:02:32.000Z,2026-04-23,-0.2,-0.00887,-0.001856,-0.007014,-0.02327,-0.007985,-0.015285,0.001633,0.003756,-0.002123
WAT,0001193125-26-360081,2026-08-21T13:20:55.000Z,2026-08-24,0.25,0.008984,-0.000988,0.009972,0.025587,-0.001771,0.027358,0.009446,-0.011446,0.020892
WAT,0001193125-26-331413,2026-08-04T10:10:22.000Z,2026-08-05,-0.19403,-0.00075,-0.005057,0.004307,0.029425,0.00197,0.027455,0.040375,0.006071,0.034304
WAT,0001193125-26-236929,2026-05-22T20:15:20.000Z,2026-05-26,-0.666667,0.010454,-0.000163,0.010617,0.132678,0.005025,0.127653,0.098305,0.008845,0.08946
WAT,0001193125-26-204955,2026-05-05T10:10:49.000Z,2026-05-06,-0.111111,0.002747,-0.005314,0.00806,-0.004177,-0.006743,0.002566,-0.04177,-0.011773,-0.029997
WDAY,0001104659-26-112898,2026-10-02T01:22:41.000Z,2026-10-05,-0.789474,-0.012754,0.006354,-0.019109,-0.006086,0.005411,-0.011497,,,
WDAY,0001327811-26-000048,2026-09-30T00:01:40.000Z,2026-10-01,-0.333333,-0.003266,0.00285,-0.006117,-0.001071,0.015368,-0.016439,0.005676,0.014306,-0.00863
WDAY,0001327811-26-000042,2026-08-28T00:01:44.000Z,2026-08-31,-0.438202,0.00471,-0.008009,0.01272,0.047962,0.003345,0.044617,-0.056571,-0.010337,-0.046234
WDAY,0001327811-26-000031,2026-06-23T00:36:19.000Z,2026-06-24,-0.875,-0.036582,0.005557,-0.04214,0.04649,0.011861,0.034629,0.103142,0.0144,0.088742
WDAY,0001327811-26-000024,2026-05-22T00:02:46.000Z,2026-05-26,-0.388235,0.00387,-0.000163,0.004033,0.178762,0.005025,0.173737,0.200452,0.008845,0.191606
WDAY,0001327811-26-000019,2026-04-25T00:46:44.000Z,2026-04-27,-0.538462,0.028431,-0.004228,0.032659,0.038785,0.007371,0.031414,0.085377,-0.00166,0.087037
WDC,0001193125-26-389859,2026-09-14T16:00:07.000Z,2026-09-15,-0.483871,0.012161,-0.007863,0.020024,0.071366,-0.007122,0.078488,0.127779,-0.001667,0.129446
WDC,0001193125-26-365796,2026-08-26T14:02:21.000Z,2026-08-27,0.0,-0.005519,-0.003321,-0.002198,-0.025022,-0.017483,-0.007539,-0.044221,-0.006259,-0.037962
WDC,0001628280-26-053305,2026-08-06T00:04:35.000Z,2026-08-07,-0.230769,0.009302,0.000179,0.009124,0.045591,0.004379,0.041212,0.17154,0.012525,0.159016
WDC,0001193125-26-267514,2026-06-12T00:06:03.000Z,2026-06-15,0.2,0.042156,-0.000583,0.042739,0.141845,-0.013772,0.155617,0.026349,-0.015953,0.042303
WDC,0001193125-26-254621,2026-06-03T16:00:06.000Z,2026-06-04,0.0,-0.110594,-0.009468,-0.101126,-0.100165,-0.002575,-0.09759,-0.080056,-0.001107,-0.078949
WDC,0001628280-26-038632,2026-05-28T17:08:27.000Z,2026-05-29,0.764706,0.028219,0.000853,0.027365,0.118409,-0.000925,0.119334,-0.036439,-0.001623,-0.034816
WDC,0001628280-26-028878,2026-05-01T00:07:36.000Z,2026-05-04,-0.204082,0.051768,0.007294,0.044474,0.048716,0.010479,0.038237,0.166087,0.009716,0.156371
WEC,0000783325-26-000099,2026-09-04T20:15:21.000Z,2026-09-08,0.052632,-0.0085,-0.009463,0.000963,-0.016159,-0.008403,-0.007756,-0.033159,-0.013609,-0.01955
WEC,0000783325-26-000095,2026-08-18T20:15:12.000Z,2026-08-19,0.0,-0.007591,-0.006906,-0.000685,-0.016097,-0.000244,-0.015853,-0.016645,0.000727,-0.017373
WEC,0000783325-26-000092,2026-08-11T12:29:49.000Z,2026-08-12,0.75,0.010723,0.007478,0.003245,0.021475,-0.000758,0.022233,0.010843,0.003727,0.007116
WEC,0000783325-26-000084,2026-08-03T20:16:07.000Z,2026-08-04,0.052632,-0.009062,-0.002081,-0.006981,-0.014828,0.000165,-0.014993,-0.023524,0.001963,-0.025487
WEC,0000783325-26-000080,2026-07-29T11:27:01.000Z,2026-07-30,-0.466667,-0.005725,-0.00127,-0.004455,-0.007269,0.024323,-0.031593,-0.018901,0.016515,-0.035416
WEC,0000783325-26-000077,2026-06-01T20:18:31.000Z,2026-06-02,0.052632,-0.001633,-0.004463,0.00283,0.024676,-0.004322,0.028998,0.026036,0.002786,0.023251
WEC,0000783325-26-000062,2026-05-12T17:12:36.000Z,2026-05-13,-0.8,0.003533,0.004399,-0.000866,-0.015254,0.002292,-0.017546,-0.005366,0.007758,-0.013125
WEC,0000783325-26-000060,2026-05-11T20:15:13.000Z,2026-05-12,0.052632,-0.003375,-0.005352,0.001977,-0.022072,-0.010937,-0.011135,-0.001198,-0.008793,0.007594
WEC,0000783325-26-000056,2026-05-07T21:44:05.000Z,2026-05-08,0.5,0.009941,-0.002433,0.012374,0.004836,-0.007545,0.012382,-0.014015,-0.013152,-0.000863
WEC,0000783325-26-000049,2026-05-05T11:26:14.000Z,2026-05-06,-0.5,-0.010181,-0.005314,-0.004867,-0.010269,-0.006743,-0.003525,-0.015271,-0.011773,-0.003498
WELL,0001628280-26-050186,2026-07-28T20:20:23.000Z,2026-07-29,-0.5,-0.022607,0.000251,-0.022858,-0.033101,0.009992,-0.043093,-0.015887,0.022839,-0.038726
WELL,0000766704-26-000026,2026-07-27T20:06:23.000Z,2026-07-28,-0.279412,-0.010223,-0.008959,-0.001264,-0.037484,-0.010642,-0.026843,-0.049267,0.014764,-0.064031
WELL,0001193125-26-302020,2026-07-13T20:10:27.000Z,2026-07-14,-0.333333,-0.011483,-0.00151,-0.009973,0.03072,0.000925,0.029795,0.043941,-0.001998,0.045939
WELL,0001193125-26-249823,2026-06-01T12:15:31.000Z,2026-06-02,-0.189189,0.021705,-0.004463,0.026167,0.059278,-0.004322,0.0636,0.058459,0.002786,0.055673
WELL,0001193125-26-237176,2026-05-22T21:15:42.000Z,2026-05-26,-0.714286,-0.018109,-0.000163,-0.017945,-0.058681,0.005025,-0.063705,-0.104433,0.008845,-0.113278
WELL,0001193125-26-189039,2026-04-29T11:44:31.000Z,2026-04-30,0.0,-0.001978,-0.002823,0.000845,-0.013987,-0.00182,-0.012167,-0.020199,0.00129,-0.021489
WELL,0000766704-26-000018,2026-04-28T20:06:36.000Z,2026-04-29,-0.266667,0.024754,0.014595,0.010159,0.023811,0.005321,0.018489,0.020652,0.021751,-0.001099
WFC,0001193125-26-401071,2026-09-25T00:22:55.000Z,2026-09-28,0.0,-0.004084,-0.001568,-0.002516,-0.00693,-0.00347,-0.00346,0.007796,0.005345,0.002451
WFC,0000072971-26-000308,2026-09-24T00:43:09.000Z,2026-09-25,0.333333,-0.026034,-0.006655,-0.019379,-0.035193,-0.0153,-0.019894,-0.030372,-0.007354,-0.023019
WFC,0001193125-26-356890,2026-08-20T00:08:07.000Z,2026-08-21,-0.428571,0.010496,0.00094,0.009556,0.016579,0.001965,0.014614,0.033993,-0.004583,0.038577
WFC,0000072971-26-000288,2026-07-14T14:28:21.000Z,2026-07-15,-0.212329,0.006399,0.01,-0.003601,-0.013484,-0.002387,-0.011097,-0.012456,-0.000527,-0.011929
WFC,0001193125-26-232818,2026-05-21T01:05:46.000Z,2026-05-22,0.0,0.01466,0.003283,0.011377,0.003272,0.007078,-0.003806,0.010079,0.009892,0.000187
WFC,0000072971-26-000227,2026-05-01T00:44:19.000Z,2026-05-04,-0.818182,0.008967,0.007294,0.001673,-0.000253,0.010479,-0.010732,-0.065412,0.009716,-0.075128
WFC,0000072971-26-000213,2026-04-14T14:28:12.000Z,2026-04-15,-0.264706,0.011956,0.004765,0.007191,0.020924,0.019971,0.000953,0.003612,0.013661,-0.010049
WM,0001104659-26-101077,2026-08-26T12:37:07.000Z,2026-08-27,0.773585,0.008725,-0.003321,0.012047,0.00923,-0.017483,0.026713,0.018185,-0.006259,0.024444
WM,0001104659-26-087575,2026-07-28T20:42:59.000Z,2026-07-29,-0.246377,-0.043407,0.000251,-0.043658,-0.042984,0.009992,-0.052976,-0.051944,0.022839,-0.074783
WM,0001104659-26-060755,2026-05-14T13:00:43.000Z,2026-05-15,-0.555556,0.013238,0.007625,0.005613,-0.001046,0.013274,-0.01432,-0.008734,0.025519,-0.034253
WM,0001104659-26-059860,2026-05-13T13:09:10.000Z,2026-05-14,0.333333,0.00457,-0.009867,0.014437,0.016086,-0.007509,0.023596,-0.00489,0.006807,-0.011697
WM,0001104659-26-050425,2026-04-28T20:41:53.000Z,2026-04-29,-0.342857,0.009726,0.014595,-0.004869,-0.010681,0.005321,-0.016003,-0.042508,0.021751,-0.064259
WMB,0001193125-26-387930,2026-09-10T20:27:55.000Z,2026-09-11,-0.8,-0.012354,0.00012,-0.012475,-0.026767,-0.013321,-0.013446,-0.010981,-0.013001,0.00202
WMB,0001193125-26-387359,2026-09-10T13:00:10.000Z,2026-09-11,0.0,-0.012354,0.00012,-0.012475,-0.026767,-0.013321,-0.013446,-0.010981,-0.013001,0.00202
WMB,0001193125-26-381926,2026-09-03T20:21:35.000Z,2026-09-04,0.333333,0.022657,-0.00963,0.032286,-0.017937,-0.025883,0.007946,-0.022623,-0.018372,-0.004251
WMB,0000107263-26-000028,2026-08-21T20:15:08.000Z,2026-08-24,-0.333333,0.00155,-0.000988,0.002538,0.045371,-0.001771,0.047142,0.057489,-0.011446,0.068935
WMB,0000107263-26-000024,2026-08-03T20:18:41.000Z,2026-08-04,-0.027322,0.004195,-0.002081,0.006276,-0.015522,0.000165,-0.015687,0.011187,0.001963,0.009224
WMB,0001193125-26-301533,2026-07-13T13:20:07.000Z,2026-07-14,0.108434,-0.021058,-0.00151,-0.019548,-0.03422,0.000925,-0.035145,-0.034483,-0.001998,-0.032485
WMB,0000107263-26-000020,2026-07-01T20:38:57.000Z,2026-07-02,0.333333,-0.004375,0.000325,-0.0047,0.029122,-0.011237,0.040359,0.025704,-0.001412,0.027116
WMB,0001193125-26-232714,2026-05-20T20:33:45.000Z,2026-05-21,-0.047619,0.012255,0.008498,0.003757,-0.040635,0.011755,-0.05239,-0.079076,0.01736,-0.096436
WMB,0000107263-26-000015,2026-05-04T20:18:23.000Z,2026-05-05,-0.146853,-0.031004,0.008677,-0.03968,-0.054651,0.004366,-0.059016,-0.018261,0.001754,-0.020014
WMB,0000107263-26-000013,2026-05-04T13:15:12.000Z,2026-05-05,-0.647059,-0.031004,0.008677,-0.03968,-0.054651,0.004366,-0.059016,-0.018261,0.001754,-0.020014
WMT,0000104169-26-000145,2026-08-20T14:59:01.000Z,2026-08-21,0.358696,0.026905,0.00094,0.025964,0.006172,0.001965,0.004207,-0.005882,-0.004583,-0.001299
WMT,0000104169-26-000111,2026-06-06T00:07:36.000Z,2026-06-08,-0.6,-0.007928,0.009475,-0.017403,0.005591,0.010944,-0.005353,0.008262,0.022442,-0.01418
WMT,0000104169-26-000095,2026-05-21T14:59:53.000Z,2026-05-22,0.362637,-0.014135,0.003283,-0.017418,-0.011391,0.007078,-0.018469,-0.047144,0.009892,-0.057035
WMT,0001193125-26-194086,2026-04-30T15:54:16.000Z,2026-05-01,0.0,-0.00965,-0.006355,-0.003295,-0.01155,0.009573,-0.021123,-0.006999,0.005579,-0.012579
WRB,0000011544-26-000033,2026-07-20T20:13:03.000Z,2026-07-21,-0.305263,0.002772,-0.000161,0.002933,0.045732,0.003808,0.041924,0.055571,0.023215,0.032355
WRB,0000011544-26-000030,2026-06-26T21:22:06.000Z,2026-06-29,-0.2,-0.00676,-0.001081,-0.005679,0.015068,0.011239,0.003829,0.007464,0.011257,-0.003794
WRB,0000011544-26-000020,2026-06-11T20:17:12.000Z,2026-06-12,-0.5,-0.003515,0.003465,-0.006981,-0.002637,-0.014304,0.011668,-0.016552,-0.009873,-0.006679
WRB,0000011544-26-000016,2026-06-10T20:15:22.000Z,2026-06-11,0.8,0.010808,0.007831,0.002977,0.012289,0.010001,0.002288,-0.00533,-0.002776,-0.002554
WRB,0000011544-26-000013,2026-06-05T20:16:07.000Z,2026-06-08,-0.714286,0.007041,0.009475,-0.002434,0.011835,0.010944,0.000891,0.019176,0.022442,-0.003266
WRB,0000011544-26-000008,2026-04-21T20:12:45.000Z,2026-04-22,-0.340206,0.014074,-0.000628,0.014702,-0.019259,-0.00455,-0.01471,-0.008148,-0.011083,0.002935
WSM,0000719955-26-000203,2026-08-26T12:03:35.000Z,2026-08-27,0.130435,-0.013884,-0.003321,-0.010563,-0.068289,-0.017483,-0.050806,-0.065604,-0.006259,-0.059345
WSM,0000719955-26-000164,2026-06-22T20:18:44.000Z,2026-06-23,-0.6,0.042098,0.006955,0.035142,0.057708,0.017921,0.039787,0.030777,0.017995,0.012782
WSM,0000719955-26-000126,2026-05-21T13:02:53.000Z,2026-05-22,0.0,0.030545,0.003283,0.027263,0.068052,0.007078,0.060974,0.050078,0.009892,0.040186
WST,0000105770-26-000097,2026-07-23T11:14:59.000Z,2026-07-24,-0.204545,0.009293,0.007936,0.001357,0.028886,0.01061,0.018276,0.039557,0.007518,0.032039
WST,0000105770-26-000093,2026-07-14T20:29:25.000Z,2026-07-15,-0.142857,0.009582,0.01,-0.000418,-0.018607,-0.002387,-0.01622,-0.001643,-0.000527,-0.001116
WST,0000105770-26-000080,2026-06-01T20:32:30.000Z,2026-06-02,0.47619,0.013262,-0.004463,0.017725,0.007464,-0.004322,0.011786,0.072044,0.002786,0.069258
WST,0000105770-26-000068,2026-05-11T21:06:38.000Z,2026-05-12,-0.647059,-0.030987,-0.005352,-0.025635,-0.029416,-0.010937,-0.01848,-0.026084,-0.008793,-0.017291
WST,0000105770-26-000056,2026-05-05T20:49:31.000Z,2026-05-06,-0.666667,0.030267,-0.005314,0.035581,0.031195,-0.006743,0.037938,-0.032475,-0.011773,-0.020702
WST,0000105770-26-000047,2026-04-23T11:11:01.000Z,2026-04-24,-0.027027,-0.012934,-0.001822,-0.011113,-0.034549,-0.008626,-0.025922,-0.017159,0.002731,-0.01989
WTW,0001171843-26-005042,2026-07-30T14:02:22.000Z,2026-07-31,0.027933,0.016998,0.010454,0.006544,0.0064,0.023077,-0.016677,0.026494,0.025049,0.001445
WTW,0001193125-26-234740,2026-05-22T00:53:57.000Z,2026-05-26,-0.733333,-0.009011,-0.000163,-0.008848,-0.026058,0.005025,-0.031083,0.000234,0.008845,-0.008611
WTW,0001171843-26-002866,2026-04-30T14:02:20.000Z,2026-05-01,-0.04878,0.014356,-0.006355,0.020711,-0.015331,0.009573,-0.024904,7.8e-05,0.005579,-0.005502
WY,0001193125-26-400727,2026-09-24T16:38:27.000Z,2026-09-25,0.376404,-0.014493,-0.006655,-0.007838,-0.047976,-0.0153,-0.032676,-0.076962,-0.007354,-0.069608
WY,0000106535-26-000009,2026-08-27T20:15:20.000Z,2026-08-28,0.384181,-0.011421,-0.006249,-0.005173,-0.019036,-0.009969,-0.009067,-0.01727,-0.007081,-0.010189
WY,0001193125-26-326124,2026-07-30T20:10:22.000Z,2026-07-31,-0.058824,0.00799,0.010454,-0.002464,0.032361,0.023077,0.009284,0.021974,0.025049,-0.003076
WY,0000106535-26-000007,2026-06-25T20:20:37.000Z,2026-06-26,0.372549,-0.027262,0.001142,-0.028404,-0.069143,0.003695,-0.072837,-0.075464,0.012349,-0.087813
WY,0000106535-26-000005,2026-05-28T20:30:53.000Z,2026-05-29,0.374648,-0.03264,0.000853,-0.033493,-0.001632,-0.000925,-0.000707,0.00734,-0.001623,0.008964
WY,0000106535-26-000003,2026-05-20T20:17:36.000Z,2026-05-21,-0.833333,0.005952,0.008498,-0.002546,0.042092,0.011755,0.030337,0.042092,0.01736,0.024732
WY,0001193125-26-197281,2026-04-30T20:10:26.000Z,2026-05-01,-0.113043,-0.019175,-0.006355,-0.012819,0.002084,0.009573,-0.007489,-0.019175,0.005579,-0.024754
WYNN,0001174922-26-000069,2026-09-22T20:05:25.000Z,2026-09-23,-0.866667,-0.01547,-0.005939,-0.00953,-0.011418,-0.00843,-0.002988,-0.0248,-0.017061,-0.00774
WYNN,0001174922-26-000066,2026-09-10T22:43:18.000Z,2026-09-11,-0.625,0.000684,0.00012,0.000564,-0.039567,-0.013321,-0.026245,-0.068643,-0.013001,-0.055642
WYNN,0001174922-26-000062,2026-09-10T13:07:41.000Z,2026-09-11,-0.6,0.000684,0.00012,0.000564,-0.039567,-0.013321,-0.026245,-0.068643,-0.013001,-0.055642
WYNN,0001174922-26-000057,2026-08-31T20:05:50.000Z,2026-09-01,0.0,0.010155,0.004317,0.005838,0.010375,0.007356,0.00302,-0.004084,-0.011649,0.007565
WYNN,0001174922-26-000051,2026-08-04T20:04:23.000Z,2026-08-05,0.371429,0.00346,-0.005057,0.008517,0.013346,0.00197,0.011376,0.017993,0.006071,0.011922
WYNN,0001174922-26-000047,2026-07-22T20:41:47.000Z,2026-07-23,-0.333333,0.00155,0.007986,-0.006435,0.023251,0.028046,-0.004795,0.040612,0.017456,0.023155
WYNN,0001174922-26-000037,2026-05-08T20:09:02.000Z,2026-05-11,-0.857143,-0.021334,0.000149,-0.021483,-0.03965,-0.000834,-0.038816,-0.03632,-0.003038,-0.033282
WYNN,0001174922-26-000034,2026-05-07T20:04:20.000Z,2026-05-08,0.52381,-0.029779,-0.002433,-0.027346,-0.060633,-0.007545,-0.053087,-0.068346,-0.013152,-0.055194
WYNN,0001174922-26-000027,2026-04-30T20:11:00.000Z,2026-05-01,-0.5,-0.023967,-0.006355,-0.017611,0.015003,0.009573,0.00543,-0.033591,0.005579,-0.039171
XEL,0000072903-26-000160,2026-08-20T20:58:11.000Z,2026-08-21,-0.238095,0.013499,0.00094,0.012559,0.018086,0.001965,0.016121,0.001966,-0.004583,0.006549
XEL,0000072903-26-000149,2026-07-29T21:52:34.000Z,2026-07-30,-0.604278,-0.000384,-0.00127,0.000886,-0.006136,0.024323,-0.030459,-0.016106,0.016515,-0.032622
XEL,0000072903-26-000147,2026-07-29T13:23:37.000Z,2026-07-30,0.826087,-0.000384,-0.00127,0.000886,-0.006136,0.024323,-0.030459,-0.016106,0.016515,-0.032622
XEL,0000072903-26-000144,2026-07-14T00:23:33.000Z,2026-07-15,-0.368421,0.009211,0.01,-0.000788,-0.007319,-0.002387,-0.004931,0.011861,-0.000527,0.012388
XEL,0000072903-26-000109,2026-06-22T23:53:52.000Z,2026-06-23,-0.411765,0.014191,0.006955,0.007236,0.023652,0.017921,0.005732,-0.000373,0.017995,-0.018369
XEL,0000072903-26-000107,2026-06-22T11:08:51.000Z,2026-06-23,-0.294118,0.014191,0.006955,0.007236,0.023652,0.017921,0.005732,-0.000373,0.017995,-0.018369
XEL,0000072903-26-000103,2026-06-09T17:51:55.000Z,2026-06-10,-0.294118,0.002177,0.014297,-0.01212,0.023668,0.026342,-0.002674,-0.000714,0.008259,-0.008973
XEL,0000072903-26-000101,2026-06-03T00:41:37.000Z,2026-06-04,-0.3,0.01633,-0.009468,0.025798,0.001286,-0.002575,0.003861,0.006429,-0.001107,0.007536
XEL,0000072903-26-000097,2026-05-22T20:18:50.000Z,2026-05-26,-0.6,0.002724,-0.000163,0.002887,-0.015845,0.005025,-0.02087,-0.036024,0.008845,-0.044869
XEL,0000072903-26-000077,2026-05-11T20:43:14.000Z,2026-05-12,-0.333333,0.000125,-0.005352,0.005477,-0.024781,-0.010937,-0.013844,-0.002128,-0.008793,0.006665
XEL,0000072903-26-000075,2026-05-05T20:12:59.000Z,2026-05-06,-0.411765,-0.00149,-0.005314,0.003824,0.000621,-0.006743,0.007364,-0.007945,-0.011773,0.003828
XEL,0001193125-26-201734,2026-05-01T21:21:35.000Z,2026-05-04,-0.090909,0.00345,0.007294,-0.003844,-0.009117,0.010479,-0.019596,-0.007022,0.009716,-0.016738
XEL,0000072903-26-000070,2026-04-29T21:43:34.000Z,2026-04-30,-0.569231,-0.00446,-0.002823,-0.001637,-0.018083,-0.00182,-0.016263,-0.03038,0.00129,-0.03167
XOM,0001193125-26-402986,2026-09-25T21:20:49.000Z,2026-09-28,0.333333,-0.007199,-0.001568,-0.005631,0.007999,-0.00347,0.011469,0.009107,0.005345,0.003762
XOM,0001193125-26-373026,2026-08-28T15:26:26.000Z,2026-08-31,-0.866667,0.022367,-0.008009,0.030377,0.007829,0.003345,0.004484,-0.001802,-0.010337,0.008535
XOM,0002115436-26-000006,2026-07-31T10:31:39.000Z,2026-08-03,-0.129187,-0.007094,0.01478,-0.021874,-0.001419,0.007126,-0.008545,0.030504,0.014267,0.016237
XOM,0002115436-26-000003,2026-07-07T20:19:57.000Z,2026-07-08,-0.673469,-0.026004,0.006398,-0.032402,0.023949,0.009569,0.01438,0.023949,0.004141,0.019808
XYL,0001524472-26-000134,2026-09-29T20:21:40.000Z,2026-09-30,-0.8,-0.003851,0.005201,-0.009052,0.011356,0.014107,-0.002751,0.005431,0.012976,-0.007544
XYL,0001524472-26-000132,2026-09-08T23:57:28.000Z,2026-09-09,-0.75,-0.010126,-0.006947,-0.00318,-0.001394,0.001141,-0.002535,-0.003437,-0.012328,0.008891
XYL,0001524472-26-000123,2026-08-18T13:03:47.000Z,2026-08-19,0.586207,-0.023836,-0.006906,-0.01693,-0.017468,-0.000244,-0.017225,-0.024008,0.000727,-0.024736
XYL,0001524472-26-000119,2026-08-13T20:22:51.000Z,2026-08-14,0.888889,-0.018466,-0.00889,-0.009576,-0.028994,-0.004365,-0.024629,-0.052306,-0.005973,-0.046334
XYL,0001524472-26-000108,2026-07-28T11:06:22.000Z,2026-07-29,-0.495652,-0.043478,0.000251,-0.043729,-0.024973,0.009992,-0.034965,0.000983,0.022839,-0.021856
XYL,0001193125-26-248342,2026-05-29T20:15:56.000Z,2026-06-01,-0.666667,0.018093,0.002888,0.015204,0.017077,0.008009,0.009068,0.010985,-0.004428,0.015413
XYL,0001524472-26-000091,2026-05-18T20:19:58.000Z,2026-05-19,-0.666667,0.017679,0.011418,0.006262,0.037051,0.023837,0.013214,0.035358,0.027674,0.007685
XYL,0001524472-26-000065,2026-04-28T11:03:33.000Z,2026-04-29,-0.509434,0.023917,0.014595,0.009322,-0.004853,0.005321,-0.010174,0.027643,0.021751,0.005892
XYZ,0001193125-26-335117,2026-08-06T00:11:16.000Z,2026-08-07,-0.288288,-0.000253,0.000179,-0.000432,-0.009114,0.004379,-0.013493,0.049114,0.012525,0.036589
XYZ,0001193125-26-275869,2026-06-19T00:12:10.000Z,2026-06-22,-0.6,-0.00958,-0.00224,-0.00734,0.013822,0.01021,0.003612,0.067743,0.017182,0.050562
XYZ,0001193125-26-259540,2026-06-06T00:05:38.000Z,2026-06-08,0.0,-0.023312,0.009475,-0.032788,-0.011871,0.010944,-0.022815,0.063358,0.022442,0.040916
XYZ,0001193125-26-212032,2026-05-08T00:21:05.000Z,2026-05-11,-0.280632,-0.01435,0.000149,-0.014499,-0.022414,-0.000834,-0.02158,-0.034714,-0.003038,-0.031676
XYZ,0001193125-26-204101,2026-05-05T00:30:32.000Z,2026-05-06,-0.2,-0.009742,-0.005314,-0.004428,0.033037,-0.006743,0.03978,-0.014824,-0.011773,-0.003051
YUM,0001041061-26-000187,2026-09-02T00:39:35.000Z,2026-09-03,-0.170732,-0.011997,-0.004067,-0.00793,-0.043583,-0.022788,-0.020795,-0.071849,-0.021878,-0.049971
YUM,0001041061-26-000171,2026-08-21T18:19:04.000Z,2026-08-24,0.333333,-0.006864,-0.000988,-0.005875,-0.041945,-0.001771,-0.040174,-0.025675,-0.011446,-0.014229
YUM,0001104659-26-092305,2026-08-07T14:15:58.000Z,2026-08-10,-0.333333,-0.003991,0.002101,-0.006092,0.037983,0.011707,0.026275,-0.001307,0.003686,-0.004993
YUM,0001041061-26-000149,2026-07-30T15:01:16.000Z,2026-07-31,-0.069767,-0.029228,0.010454,-0.039682,-0.005937,0.023077,-0.029014,-0.016441,0.025049,-0.04149
YUM,0001193125-26-272881,2026-06-17T01:16:02.000Z,2026-06-18,-0.628319,-0.008224,0.000577,-0.008801,0.006777,0.005063,0.001714,0.029081,0.016234,0.012847
YUM,0001193125-26-271893,2026-06-16T17:01:41.000Z,2026-06-17,-0.173913,-0.0135,0.003447,-0.016948,-0.016032,0.00124,-0.017272,-0.019017,0.014319,-0.033337
YUM,0001041061-26-000136,2026-06-03T00:33:07.000Z,2026-06-04,0.2,0.018841,-0.009468,0.028309,0.023974,-0.002575,0.026548,0.035049,-0.001107,0.036155
YUM,0001041061-26-000128,2026-05-20T00:16:41.000Z,2026-05-21,-0.75,0.005378,0.008498,-0.00312,-0.010083,0.011755,-0.021839,-0.036586,0.01736,-0.053946
YUM,0001041061-26-000108,2026-04-29T15:02:14.000Z,2026-04-30,0.009174,-0.00808,-0.002823,-0.005257,-0.036079,-0.00182,-0.034259,-0.015033,0.00129,-0.016323
ZBH,0001193125-26-385256,2026-09-09T00:30:26.000Z,2026-09-10,0.235294,0.011359,0.00808,0.003279,0.064582,0.002559,0.062023,0.01958,-0.000603,0.020183
ZBH,0001193125-26-335108,2026-08-06T00:11:11.000Z,2026-08-07,-0.319261,0.01274,0.000179,0.012561,0.013879,0.004379,0.0095,0.042465,0.012525,0.02994
ZBH,0001193125-26-333761,2026-08-05T14:30:16.000Z,2026-08-06,-0.377483,-0.006585,0.00705,-0.013635,0.000412,0.009173,-0.008762,0.024488,0.018773,0.005715
ZBH,0001193125-26-288390,2026-06-30T00:02:39.000Z,2026-07-01,-0.625,0.039206,0.008354,0.030853,0.062255,0.008203,0.054052,0.060116,0.002918,0.057199
ZBH,0001193125-26-242207,2026-05-28T01:30:16.000Z,2026-05-29,-0.75,0.007409,0.000853,0.006556,0.032188,-0.000925,0.033113,0.060731,-0.001623,0.062354
ZBH,0001193125-26-218098,2026-05-12T14:30:17.000Z,2026-05-13,-0.413793,-0.000846,0.004399,-0.005245,0.029255,0.002292,0.026963,0.032157,0.007758,0.024398
ZBH,0001193125-26-183430,2026-04-28T14:33:21.000Z,2026-04-29,0.333333,0.029474,0.014595,0.014879,0.032472,0.005321,0.02715,0.03447,0.021751,0.012719
ZBH,0001193125-26-183411,2026-04-28T14:30:16.000Z,2026-04-29,-0.462185,0.029474,0.014595,0.014879,0.032472,0.005321,0.02715,0.03447,0.021751,0.012719
ZBRA,0001628280-26-052158,2026-08-04T11:38:50.000Z,2026-08-05,-0.194805,-0.012873,-0.005057,-0.007816,0.024635,0.00197,0.022664,0.025421,0.006071,0.019349
ZBRA,0001628280-26-038066,2026-05-26T20:04:33.000Z,2026-05-27,-0.454545,-0.018257,0.004229,-0.022486,-0.010099,0.00651,-0.016609,-0.012712,0.004171,-0.016883
ZBRA,0001628280-26-033877,2026-05-12T11:27:30.000Z,2026-05-13,-0.121951,0.045956,0.004399,0.041557,0.053899,0.002292,0.051606,-0.013333,0.007758,-0.021091
ZTS,0001193125-26-338080,2026-08-07T00:17:41.000Z,2026-08-10,0.555556,0.006949,0.002101,0.004848,0.013497,0.011707,0.00179,-0.024856,0.003686,-0.028542
ZTS,0001555280-26-000038,2026-08-06T15:06:31.000Z,2026-08-07,-0.323944,0.029865,0.000179,0.029686,0.012111,0.004379,0.007733,0.015552,0.012525,0.003027
ZTS,0001555280-26-000029,2026-05-22T03:35:48.000Z,2026-05-26,-0.666667,-0.009348,-0.000163,-0.009185,-0.031659,0.005025,-0.036684,-0.047862,0.008845,-0.056708
ZTS,0001555280-26-000026,2026-05-21T00:23:35.000Z,2026-05-22,0.2,-0.013404,0.003283,-0.016687,-0.037506,0.007078,-0.044585,-0.046237,0.009892,-0.056129
ZTS,0001555280-26-000021,2026-05-07T15:05:34.000Z,2026-05-08,-0.019608,-0.074369,-0.002433,-0.071936,-0.102499,-0.007545,-0.094954,-0.103948,-0.013152,-0.090796
