ticker,accession,accepted_datetime,filing_date,tone,n_pos,n_neg,n_words
A,0001090872-26-000062,2026-08-26T20:06:25.000Z,2026-08-26,0.048544,54,49,4694
A,0001193125-26-282845,2026-06-25T20:23:06.000Z,2026-06-25,-0.588235,7,27,1707
A,0001090872-26-000052,2026-05-27T20:06:04.000Z,2026-05-27,-0.037736,51,55,5106
A,0001193125-26-202636,2026-05-04T12:05:15.000Z,2026-05-04,0.125,9,7,1030
A,0001193125-26-142101,2026-04-03T20:05:10.000Z,2026-04-03,-0.5,1,3,643
A,0001193125-26-117614,2026-03-20T20:05:09.000Z,2026-03-20,-0.647059,3,14,970
A,0001193125-26-096487,2026-03-06T21:05:24.000Z,2026-03-06,-0.333333,1,2,471
A,0001090872-26-000015,2026-02-25T21:06:32.000Z,2026-02-25,-0.074627,31,36,3903
AAPL,0000320193-26-000018,2026-07-30T20:30:28.000Z,2026-07-30,-0.103448,13,16,1738
AAPL,0000320193-26-000011,2026-04-30T20:30:41.000Z,2026-04-30,0.0,16,16,1795
AAPL,0001140361-26-015711,2026-04-20T21:29:51.000Z,2026-04-20,0.25,5,3,673
ABBV,0001104659-26-098367,2026-08-18T20:30:26.000Z,2026-08-18,-0.714286,1,6,1506
ABBV,0001104659-26-091269,2026-08-05T21:17:20.000Z,2026-08-05,-0.333333,4,8,1426
ABBV,0001551152-26-000023,2026-07-31T11:51:32.000Z,2026-07-31,-0.151515,28,38,4874
ABBV,0001551152-26-000021,2026-07-06T20:12:09.000Z,2026-07-06,-0.733333,2,13,1123
ABBV,0001104659-26-076067,2026-06-22T11:11:21.000Z,2026-06-22,-0.088496,103,123,8124
ABBV,0001104659-26-059484,2026-05-12T21:01:51.000Z,2026-05-12,-0.714286,1,6,568
ABBV,0001551152-26-000013,2026-04-29T11:50:28.000Z,2026-04-29,-0.285714,15,27,3401
ABBV,0001551152-26-000011,2026-04-03T20:05:55.000Z,2026-04-03,-0.733333,2,13,1119
ABBV,0001104659-26-023534,2026-03-04T21:59:47.000Z,2026-03-04,-0.6,1,4,1231
ABBV,0001104659-26-020643,2026-02-26T22:14:40.000Z,2026-02-26,-0.384615,4,9,1357
ABNB,0001193125-26-337928,2026-08-06T20:02:53.000Z,2026-08-06,0.39759,116,50,7971
ABNB,0001559720-26-000018,2026-06-11T20:05:44.000Z,2026-06-11,-0.538462,3,10,726
ABNB,0001193125-26-211816,2026-05-07T20:00:27.000Z,2026-05-07,0.21875,78,50,7264
ABNB,0001193125-26-108514,2026-03-16T20:50:27.000Z,2026-03-16,-0.703704,4,23,1629
ABT,0001104659-26-099247,2026-08-20T20:33:15.000Z,2026-08-20,-0.578947,20,75,2671
ABT,0001628280-26-048377,2026-07-16T11:36:19.000Z,2026-07-16,-0.164835,38,53,5039
ABT,0001104659-26-049434,2026-04-27T20:06:40.000Z,2026-04-27,-0.619048,4,17,1624
ABT,0001104659-26-044892,2026-04-17T20:04:06.000Z,2026-04-17,-0.830986,12,130,3082
ABT,0001628280-26-025365,2026-04-16T11:36:25.000Z,2026-04-16,-0.147541,26,35,3464
ABT,0001104659-26-033079,2026-03-23T12:54:17.000Z,2026-03-23,0.304348,15,8,1416
ABT,0001104659-26-025240,2026-03-09T20:21:32.000Z,2026-03-09,-0.6,2,8,1359
ABT,0001104659-26-020509,2026-02-26T21:16:53.000Z,2026-02-26,-0.666667,2,10,1052
ACGL,0000947484-26-000118,2026-07-28T20:04:34.000Z,2026-07-28,-0.476726,163,460,14211
ACGL,0000947484-26-000114,2026-06-16T20:08:25.000Z,2026-06-16,-0.461538,21,57,4906
ACGL,0000947484-26-000111,2026-06-09T20:58:44.000Z,2026-06-09,-0.866667,1,14,1460
ACGL,0000947484-26-000094,2026-06-03T12:47:07.000Z,2026-06-03,-0.095238,19,23,1874
ACGL,0000947484-26-000090,2026-06-03T10:06:06.000Z,2026-06-03,-0.393939,10,23,1689
ACGL,0000947484-26-000075,2026-06-02T12:55:53.000Z,2026-06-02,-0.488372,11,32,3354
ACGL,0000947484-26-000063,2026-05-07T20:00:28.000Z,2026-05-07,-0.176471,7,10,1061
ACGL,0000947484-26-000051,2026-04-28T20:07:36.000Z,2026-04-28,-0.490598,149,436,13609
ACGL,0000947484-26-000044,2026-04-20T20:05:31.000Z,2026-04-20,0.0,1,1,489
ACGL,0000947484-26-000019,2026-02-26T21:02:57.000Z,2026-02-26,0.0,5,5,675
ACN,0001193125-26-300813,2026-07-10T19:13:14.000Z,2026-07-10,-0.333333,1,2,805
ACN,0001467373-26-000035,2026-06-23T11:05:28.000Z,2026-06-23,0.0,1,1,500
ACN,0001467373-26-000031,2026-06-18T10:41:29.000Z,2026-06-18,-0.333333,25,50,3983
ACN,0001467373-26-000019,2026-04-24T10:35:41.000Z,2026-04-24,-0.666667,1,5,923
ACN,0001467373-26-000013,2026-03-19T10:40:55.000Z,2026-03-19,-0.5,1,3,679
ADBE,0000796343-26-000120,2026-07-17T20:14:16.000Z,2026-07-17,-0.636364,2,9,638
ADBE,0000796343-26-000109,2026-06-11T20:08:53.000Z,2026-06-11,0.0,64,64,4951
ADBE,0000796343-26-000101,2026-04-21T20:07:57.000Z,2026-04-21,-0.405405,11,26,1692
ADBE,0000796343-26-000048,2026-03-12T20:09:23.000Z,2026-03-12,0.228571,86,54,5320
ADI,0000006281-26-000072,2026-08-19T11:03:13.000Z,2026-08-19,-0.028571,17,18,3588
ADI,0001193125-26-324223,2026-07-29T21:15:35.000Z,2026-07-29,-0.904762,2,40,1118
ADI,0001193125-26-294488,2026-07-02T20:05:43.000Z,2026-07-02,-0.894737,1,18,1245
ADI,0000006281-26-000050,2026-05-20T11:01:45.000Z,2026-05-20,-0.117647,15,19,3477
ADI,0000006281-26-000048,2026-05-19T20:05:16.000Z,2026-05-19,0.42029,49,20,1660
ADI,0000006281-26-000022,2026-03-12T20:30:13.000Z,2026-03-12,-0.666667,2,10,870
ADM,0001193125-26-345800,2026-08-12T12:00:10.000Z,2026-08-12,-0.2,4,6,498
ADM,0001193125-26-342579,2026-08-10T20:50:53.000Z,2026-08-10,0.0,1,1,481
ADM,0000007084-26-000040,2026-08-04T10:03:55.000Z,2026-08-04,0.0,66,66,5026
ADM,0001193125-26-314103,2026-07-23T20:11:04.000Z,2026-07-23,0.590909,35,9,1838
ADM,0000007084-26-000027,2026-05-12T20:39:00.000Z,2026-05-12,-0.75,1,7,649
ADM,0000007084-26-000021,2026-05-05T10:04:26.000Z,2026-05-05,-0.074074,50,58,4596
ADM,0001193125-26-100440,2026-03-10T21:17:30.000Z,2026-03-10,0.714286,18,3,1142
ADP,0000008670-26-000025,2026-07-29T10:57:30.000Z,2026-07-29,0.281553,66,37,5142
ADP,0000950142-26-001884,2026-06-26T21:03:12.000Z,2026-06-26,-0.466667,4,11,1288
ADP,0001193125-26-212131,2026-05-07T20:31:31.000Z,2026-05-07,0.0,1,1,662
ADP,0000008670-26-000016,2026-04-29T10:55:17.000Z,2026-04-29,0.148936,54,40,4646
ADSK,0001213900-26-084276,2026-08-03T12:38:19.000Z,2026-08-03,0.0,1,1,420
ADSK,0001213900-26-077574,2026-07-13T20:13:32.000Z,2026-07-13,-0.5,2,6,1003
ADSK,0000769397-26-000050,2026-06-18T20:02:08.000Z,2026-06-18,-0.6,2,8,751
ADSK,0001213900-26-068533,2026-06-15T13:13:39.000Z,2026-06-15,-0.428571,6,15,1213
ADSK,0000769397-26-000041,2026-05-28T20:14:49.000Z,2026-05-28,-0.401575,38,89,4531
ADSK,0001213900-26-062125,2026-05-28T20:12:14.000Z,2026-05-28,-0.145833,41,55,3846
ADSK,0000769397-26-000024,2026-04-24T20:07:21.000Z,2026-04-24,0.866667,14,1,984
ADSK,0000769397-26-000010,2026-02-26T21:07:03.000Z,2026-02-26,-0.265625,47,81,6384
AEE,0001104659-26-100236,2026-08-24T17:17:10.000Z,2026-08-24,-0.75,2,14,745
AEE,0001104659-26-090493,2026-08-04T21:15:55.000Z,2026-08-04,-0.333333,1,2,639
AEE,0001002910-26-000020,2026-07-30T20:31:55.000Z,2026-07-30,-0.347826,30,62,4720
AEE,0001104659-26-078757,2026-06-29T18:35:17.000Z,2026-06-29,-0.75,2,14,749
AEE,0001104659-26-078317,2026-06-26T21:00:22.000Z,2026-06-26,-0.733333,2,13,754
AEE,0001104659-26-063184,2026-05-18T20:05:22.000Z,2026-05-18,-0.931034,1,28,865
AEE,0001002910-26-000013,2026-05-05T20:33:57.000Z,2026-05-05,-0.488372,22,64,4620
AEE,0001104659-26-023352,2026-03-04T18:23:48.000Z,2026-03-04,0.0,2,2,571
AEE,0001104659-26-021486,2026-02-27T20:18:35.000Z,2026-02-27,-0.75,2,14,773
AEP,0000004904-26-000055,2026-07-30T10:59:36.000Z,2026-07-30,-0.452632,26,69,4356
AEP,0000004904-26-000048,2026-07-21T12:28:34.000Z,2026-07-21,0.6,4,1,643
AEP,0001193125-26-223988,2026-05-14T20:06:13.000Z,2026-05-14,-0.8,2,18,2053
AEP,0000004904-26-000031,2026-05-05T11:03:37.000Z,2026-05-05,-0.340659,30,61,3867
AEP,0000004904-26-000026,2026-04-29T21:25:43.000Z,2026-04-29,-0.285714,5,9,885
AES,0000950103-26-011951,2026-08-05T20:09:48.000Z,2026-08-05,-0.777778,1,8,757
AES,0000874761-26-000138,2026-07-27T20:31:05.000Z,2026-07-27,-0.62963,5,22,1439
AES,0001140361-26-026562,2026-06-26T20:12:47.000Z,2026-06-26,-0.061224,23,26,2929
AES,0001193125-26-272726,2026-06-16T20:37:40.000Z,2026-06-16,-0.555556,2,7,1566
AES,0001140361-26-025084,2026-06-12T21:18:53.000Z,2026-06-12,-0.771429,8,62,6336
AES,0000874761-26-000100,2026-04-30T20:13:09.000Z,2026-04-30,-0.666667,1,5,511
AES,0000874761-26-000075,2026-04-16T10:59:45.000Z,2026-04-16,0.368421,13,6,955
AES,0001193125-26-116111,2026-03-19T20:44:53.000Z,2026-03-19,-0.6,1,4,876
AES,0001193125-26-084157,2026-03-02T12:07:28.000Z,2026-03-02,-0.006289,79,80,8681
AFL,0001628280-26-054333,2026-08-06T20:14:30.000Z,2026-08-06,-0.159574,237,327,18257
AFL,0001628280-26-046124,2026-06-30T10:03:22.000Z,2026-06-30,-0.857143,2,26,818
AFL,0001104659-26-067551,2026-05-28T20:35:43.000Z,2026-05-28,-0.8,1,9,1464
AFL,0001104659-26-061314,2026-05-14T21:11:06.000Z,2026-05-14,-0.666667,2,10,1094
AFL,0001628280-26-032022,2026-05-07T19:46:16.000Z,2026-05-07,0.428571,5,2,744
AFL,0001628280-26-028396,2026-04-29T20:19:50.000Z,2026-04-29,-0.177388,211,302,17122
AIG,0000005272-26-000072,2026-08-06T20:21:41.000Z,2026-08-06,-0.331034,97,193,6946
AIG,0000005272-26-000066,2026-05-14T20:27:03.000Z,2026-05-14,0.529412,13,4,1381
AIG,0000005272-26-000048,2026-04-30T20:17:53.000Z,2026-04-30,-0.33574,92,185,6825
AIG,0000005272-26-000042,2026-04-27T11:38:34.000Z,2026-04-27,0.771429,31,4,1487
AIG,0000005272-26-000032,2026-03-16T10:05:07.000Z,2026-03-16,-0.333333,1,2,439
AIZ,0001267238-26-000039,2026-08-04T20:30:54.000Z,2026-08-04,-0.419753,47,115,4389
AIZ,0001267238-26-000033,2026-05-22T20:23:19.000Z,2026-05-22,-0.777778,1,8,745
AIZ,0001267238-26-000024,2026-05-05T18:01:57.000Z,2026-05-05,-0.446541,44,115,4280
AJG,0001628280-26-051070,2026-07-30T20:18:40.000Z,2026-07-30,-0.418994,52,127,6446
AJG,0000354190-26-000184,2026-07-29T12:12:35.000Z,2026-07-29,0.2,3,2,683
AJG,0000354190-26-000171,2026-06-17T12:51:06.000Z,2026-06-17,-0.333333,1,2,406
AJG,0000354190-26-000142,2026-05-13T15:47:35.000Z,2026-05-13,-0.6,1,4,495
AJG,0000354190-26-000132,2026-04-30T20:19:29.000Z,2026-04-30,-0.41844,41,100,5777
AJG,0000354190-26-000073,2026-03-17T20:00:46.000Z,2026-03-17,-0.333333,1,2,423
AJG,0000354190-26-000069,2026-03-12T20:22:04.000Z,2026-03-12,0.2,3,2,482
AKAM,0001086222-26-000083,2026-08-06T20:07:38.000Z,2026-08-06,-0.225806,36,57,5357
AKAM,0001193125-26-237084,2026-05-22T20:44:37.000Z,2026-05-22,-0.75,1,7,1992
AKAM,0001193125-26-231745,2026-05-20T11:45:16.000Z,2026-05-20,-0.333333,5,10,2263
AKAM,0001193125-26-228949,2026-05-18T20:16:52.000Z,2026-05-18,-0.166667,5,7,2232
AKAM,0001086222-26-000064,2026-05-13T20:22:14.000Z,2026-05-13,-0.170732,17,24,1489
AKAM,0001086222-26-000054,2026-05-07T20:15:51.000Z,2026-05-07,-0.221053,37,58,5261
ALB,0000915913-26-000107,2026-08-21T10:30:27.000Z,2026-08-21,0.6,4,1,708
ALB,0000915913-26-000101,2026-08-05T20:22:29.000Z,2026-08-05,-0.09375,58,70,5724
ALB,0000915913-26-000095,2026-07-23T20:22:25.000Z,2026-07-23,0.2,9,6,1433
ALB,0000915913-26-000087,2026-06-05T20:15:55.000Z,2026-06-05,0.333333,2,1,530
ALB,0000915913-26-000075,2026-05-08T20:40:50.000Z,2026-05-08,-0.777778,1,8,976
ALB,0000915913-26-000070,2026-05-06T20:19:37.000Z,2026-05-06,-0.125,49,63,4911
ALB,0000915913-26-000064,2026-04-17T20:36:58.000Z,2026-04-17,-0.2,2,3,444
ALB,0000915913-26-000057,2026-03-25T20:19:57.000Z,2026-03-25,-0.5,1,3,609
ALB,0000915913-26-000032,2026-03-06T21:10:48.000Z,2026-03-06,-0.381818,17,38,4301
ALB,0000915913-26-000029,2026-03-04T21:23:41.000Z,2026-03-04,0.294118,11,6,1561
ALGN,0001097149-26-000056,2026-07-29T20:15:49.000Z,2026-07-29,0.818182,40,4,1382
ALGN,0001097149-26-000054,2026-07-29T20:04:59.000Z,2026-07-29,-0.11236,79,99,7928
ALGN,0001097149-26-000050,2026-07-09T00:29:04.000Z,2026-07-09,-0.2,2,3,391
ALGN,0001097149-26-000048,2026-06-19T01:02:10.000Z,2026-06-22,0.87234,44,3,1403
ALGN,0001097149-26-000042,2026-05-20T20:28:33.000Z,2026-05-20,-0.714286,1,6,542
ALGN,0001097149-26-000036,2026-04-30T23:51:52.000Z,2026-05-01,0.625,13,3,1225
ALGN,0001097149-26-000033,2026-04-29T20:04:10.000Z,2026-04-29,-0.07563,55,64,5965
ALGN,0001097149-26-000010,2026-02-26T21:06:04.000Z,2026-02-26,-0.555556,2,7,528
ALL,0000899051-26-000127,2026-08-20T11:45:23.000Z,2026-08-20,-0.714286,2,12,882
ALL,0000899051-26-000117,2026-08-05T20:15:57.000Z,2026-08-05,-0.311966,161,307,10845
ALL,0000899051-26-000111,2026-07-16T11:45:22.000Z,2026-07-16,-0.692308,2,11,878
ALL,0000899051-26-000109,2026-07-14T20:39:31.000Z,2026-07-14,0.625,13,3,1094
ALL,0000899051-26-000096,2026-06-18T11:43:36.000Z,2026-06-18,-0.764706,2,15,971
ALL,0000899051-26-000081,2026-05-27T20:52:43.000Z,2026-05-27,-0.666667,1,5,741
ALL,0000899051-26-000079,2026-05-21T11:41:50.000Z,2026-05-21,-0.777778,2,16,1022
ALL,0000899051-26-000074,2026-04-29T20:15:58.000Z,2026-04-29,-0.345055,149,306,10785
ALL,0000899051-26-000067,2026-04-16T11:49:58.000Z,2026-04-16,-0.764706,2,15,966
ALL,0000899051-26-000055,2026-03-19T11:50:25.000Z,2026-03-19,-0.75,2,14,952
ALLE,0001579241-26-000026,2026-07-23T10:02:30.000Z,2026-07-23,-0.214286,33,51,3747
ALLE,0001579241-26-000023,2026-06-09T20:28:01.000Z,2026-06-09,-0.714286,1,6,788
ALLE,0001579241-26-000013,2026-04-28T10:01:58.000Z,2026-04-28,-0.265823,29,50,3379
ALLE,0001579241-26-000010,2026-04-15T21:17:49.000Z,2026-04-15,0.0,1,1,506
AMAT,0001628280-26-056699,2026-08-13T20:03:36.000Z,2026-08-13,0.107438,67,54,4076
AMAT,0001628280-26-035071,2026-05-14T20:03:53.000Z,2026-05-14,0.1875,57,39,3874
AMAT,0001193125-26-106339,2026-03-13T20:54:42.000Z,2026-03-13,-0.5,2,6,568
AMCR,0001104659-26-096303,2026-08-14T10:20:27.000Z,2026-08-14,-0.538462,3,10,1005
AMCR,0001748790-26-000020,2026-08-12T10:09:09.000Z,2026-08-12,-0.529412,36,117,6215
AMCR,0001104659-26-073800,2026-06-15T12:36:29.000Z,2026-06-15,0.560976,32,9,2266
AMCR,0001104659-26-055873,2026-05-06T10:12:40.000Z,2026-05-06,0.0,1,1,542
AMCR,0001748790-26-000014,2026-05-06T10:05:53.000Z,2026-05-06,-0.608108,29,119,6566
AMCR,0001104659-26-025811,2026-03-10T20:02:42.000Z,2026-03-10,-0.75,1,7,1262
AMD,0000002488-26-000163,2026-08-19T20:16:56.000Z,2026-08-19,0.466667,11,4,1168
AMD,0001193125-26-354029,2026-08-17T20:05:40.000Z,2026-08-17,-0.625,6,26,2341
AMD,0000002488-26-000121,2026-08-04T20:16:24.000Z,2026-08-04,-0.175258,80,114,8176
AMD,0000002488-26-000115,2026-07-01T20:27:26.000Z,2026-07-01,0.111111,5,4,1250
AMD,0001193125-26-226746,2026-05-15T20:12:53.000Z,2026-05-15,-0.911111,2,43,1992
AMD,0000002488-26-000072,2026-05-05T20:16:06.000Z,2026-05-05,-0.093923,82,99,7355
AME,0001037868-26-000191,2026-08-26T20:42:40.000Z,2026-08-26,0.555556,14,4,755
AME,0001037868-26-000183,2026-08-11T18:00:57.000Z,2026-08-11,0.0,1,1,561
AME,0001037868-26-000173,2026-08-04T13:56:19.000Z,2026-08-04,0.714286,48,8,2921
AME,0001037868-26-000166,2026-06-12T18:58:41.000Z,2026-06-12,-0.75,3,21,1311
AME,0001037868-26-000163,2026-05-26T17:38:25.000Z,2026-05-26,0.666667,15,3,734
AME,0001037868-26-000157,2026-05-11T14:11:16.000Z,2026-05-11,-0.6,1,4,544
AME,0001037868-26-000151,2026-05-08T14:49:38.000Z,2026-05-08,0.818182,10,1,952
AME,0001037868-26-000146,2026-05-06T18:32:39.000Z,2026-05-06,0.219512,25,16,1459
AME,0001037868-26-000141,2026-04-30T16:00:31.000Z,2026-04-30,0.709091,47,8,2737
AMGN,0000318154-26-000124,2026-08-04T20:03:16.000Z,2026-08-04,-0.160839,60,83,8395
AMGN,0000318154-26-000119,2026-07-31T20:03:44.000Z,2026-07-31,-0.8,1,9,641
AMGN,0001193125-26-232786,2026-05-20T20:59:48.000Z,2026-05-20,-0.75,1,7,586
AMGN,0000318154-26-000097,2026-05-19T20:08:12.000Z,2026-05-19,-0.066667,35,40,2889
AMGN,0000318154-26-000054,2026-04-30T20:03:26.000Z,2026-04-30,-0.225434,67,106,8745
AMGN,0000318154-26-000048,2026-04-22T20:03:08.000Z,2026-04-22,0.083333,39,33,2402
AMP,0000820027-26-000038,2026-07-23T11:46:31.000Z,2026-07-23,0.116071,125,99,5853
AMP,0001104659-26-071727,2026-06-09T18:09:16.000Z,2026-06-09,0.0,1,1,595
AMP,0001104659-26-064493,2026-05-20T20:05:27.000Z,2026-05-20,0.875,15,1,1442
AMP,0001104659-26-052928,2026-04-30T20:12:38.000Z,2026-04-30,-0.6,1,4,593
AMP,0000820027-26-000020,2026-04-23T20:17:38.000Z,2026-04-23,0.11215,119,95,5767
AMT,0001053507-26-000131,2026-07-28T11:05:40.000Z,2026-07-28,-0.14094,64,85,7620
AMT,0001053507-26-000127,2026-06-04T20:39:19.000Z,2026-06-04,-0.5,2,6,773
AMT,0001053507-26-000123,2026-06-02T20:18:30.000Z,2026-06-02,-0.333333,1,2,709
AMT,0001193125-26-240535,2026-05-27T12:00:18.000Z,2026-05-27,-0.882353,1,16,1423
AMT,0001053507-26-000116,2026-05-21T20:17:59.000Z,2026-05-21,-0.5,3,9,1585
AMT,0001053507-26-000111,2026-05-19T20:14:51.000Z,2026-05-19,-0.2,2,3,1148
AMT,0001053507-26-000108,2026-05-07T20:38:31.000Z,2026-05-07,-0.666667,1,5,932
AMT,0001053507-26-000094,2026-04-28T11:04:17.000Z,2026-04-28,-0.086957,63,75,7278
AMT,0001053507-26-000048,2026-03-10T20:24:44.000Z,2026-03-10,-0.333333,1,2,648
AMT,0001053507-26-000041,2026-03-05T21:22:18.000Z,2026-03-05,0.0,2,2,889
AMT,0001053507-26-000038,2026-02-27T21:16:00.000Z,2026-02-27,0.2,3,2,868
AMZN,0001018724-26-000024,2026-07-30T20:06:23.000Z,2026-07-30,0.076923,42,36,5435
AMZN,0001104659-26-082293,2026-07-09T20:46:08.000Z,2026-07-09,-0.333333,1,2,1005
AMZN,0001104659-26-073562,2026-06-12T21:00:28.000Z,2026-06-12,-0.333333,1,2,893
AMZN,0001104659-26-072140,2026-06-10T13:00:19.000Z,2026-06-10,-0.818182,1,10,1010
AMZN,0001104659-26-065717,2026-05-22T20:12:53.000Z,2026-05-22,-0.666667,2,10,756
AMZN,0001018724-26-000012,2026-04-29T20:18:55.000Z,2026-04-29,-0.02439,40,42,5407
AMZN,0001104659-26-042880,2026-04-14T12:04:26.000Z,2026-04-14,0.045455,46,42,3909
AMZN,0001104659-26-041034,2026-04-08T22:02:20.000Z,2026-04-09,0.45,145,55,7650
AMZN,0001104659-26-028556,2026-03-16T20:54:55.000Z,2026-03-16,-0.333333,1,2,858
AMZN,0001104659-26-027729,2026-03-13T21:01:35.000Z,2026-03-13,-0.333333,1,2,982
AMZN,0001104659-26-021050,2026-02-27T13:36:30.000Z,2026-02-27,0.434783,33,13,2295
ANET,0001596532-26-000174,2026-08-04T20:06:44.000Z,2026-08-04,-0.460317,17,46,2929
ANET,0001596532-26-000118,2026-06-02T20:06:06.000Z,2026-06-02,-0.2,2,3,584
ANET,0001596532-26-000074,2026-05-05T20:06:48.000Z,2026-05-05,-0.333333,22,44,2910
AON,0001193125-26-354083,2026-08-17T20:15:23.000Z,2026-08-17,0.6,4,1,993
AON,0001628280-26-050367,2026-07-29T10:36:50.000Z,2026-07-29,-0.138686,59,78,6021
AON,0001193125-26-292736,2026-07-01T20:49:30.000Z,2026-07-01,-0.777778,1,8,1285
AON,0001628280-26-029093,2026-05-01T10:34:38.000Z,2026-05-01,-0.140741,58,77,5775
AOS,0000091142-26-000096,2026-07-30T10:58:56.000Z,2026-07-30,-0.553191,21,73,3020
AOS,0000091142-26-000091,2026-06-22T21:01:35.000Z,2026-06-22,0.833333,22,2,1016
AOS,0000091142-26-000086,2026-05-19T20:17:52.000Z,2026-05-19,0.6,8,2,715
AOS,0000091142-26-000082,2026-04-30T10:57:55.000Z,2026-04-30,-0.297297,26,48,2665
AOS,0000091142-26-000078,2026-04-17T21:01:23.000Z,2026-04-17,-0.857143,1,13,762
APA,0001841666-26-000050,2026-08-05T20:33:08.000Z,2026-08-05,0.114754,34,27,4228
APA,0001841666-26-000045,2026-07-08T21:07:26.000Z,2026-07-08,-0.5,2,6,1204
APA,0001841666-26-000037,2026-05-26T21:02:48.000Z,2026-05-26,-0.8,1,9,820
APA,0001841666-26-000027,2026-05-06T20:49:17.000Z,2026-05-06,0.170732,24,17,3646
APA,0001841666-26-000021,2026-04-14T21:13:56.000Z,2026-04-14,-0.5,2,6,1172
APA,0001841666-26-000012,2026-02-25T22:08:36.000Z,2026-02-25,0.08,27,23,4246
APD,0000002969-26-000034,2026-07-30T10:58:31.000Z,2026-07-30,-0.317919,59,114,5536
APD,0001193125-26-289427,2026-06-30T12:08:39.000Z,2026-06-30,-0.352941,11,23,1930
APD,0000002969-26-000018,2026-04-30T10:50:17.000Z,2026-04-30,-0.216783,56,87,5409
APH,0001104659-26-091969,2026-08-06T20:01:21.000Z,2026-08-06,-0.333333,1,2,851
APH,0001104659-26-087904,2026-07-29T14:26:52.000Z,2026-07-29,-0.203125,51,77,6732
APH,0001104659-26-065682,2026-05-22T20:01:31.000Z,2026-05-22,-0.6,1,4,572
APH,0001104659-26-059404,2026-05-12T20:15:17.000Z,2026-05-12,-0.75,1,7,1202
APH,0001104659-26-055888,2026-05-06T10:30:49.000Z,2026-05-06,-0.466667,4,11,2383
APH,0001104659-26-050984,2026-04-29T13:05:54.000Z,2026-04-29,-0.294118,42,77,6141
APH,0001104659-26-036361,2026-03-30T10:00:41.000Z,2026-03-30,-0.6,1,4,1239
APH,0001104659-26-033968,2026-03-24T21:27:22.000Z,2026-03-24,-0.428571,4,10,2394
APO,0001858681-26-000048,2026-08-24T12:30:41.000Z,2026-08-24,0.0,1,1,481
APO,0001858681-26-000046,2026-08-13T11:03:59.000Z,2026-08-13,0.0,1,1,565
APO,0001858681-26-000043,2026-08-11T12:35:09.000Z,2026-08-11,0.0,1,1,496
APO,0001858681-26-000036,2026-08-04T10:30:55.000Z,2026-08-04,-0.039548,85,92,12051
APO,0001858681-26-000033,2026-07-01T20:30:45.000Z,2026-07-01,-0.2,2,3,961
APO,0000950142-26-001692,2026-06-09T20:16:17.000Z,2026-06-09,-0.6,1,4,806
APO,0001858681-26-000029,2026-05-15T11:48:43.000Z,2026-05-15,0.0,1,1,580
APO,0001858681-26-000021,2026-05-06T10:31:19.000Z,2026-05-06,-0.078652,82,96,12360
APO,0001858681-26-000018,2026-05-01T13:18:04.000Z,2026-05-01,0.0,1,1,505
APO,0001858681-26-000016,2026-04-01T20:30:31.000Z,2026-04-01,-0.2,2,3,1043
APO,0001193125-26-131833,2026-03-30T21:31:33.000Z,2026-03-30,-0.2,2,3,968
APO,0000950142-26-000810,2026-03-24T20:15:28.000Z,2026-03-24,0.0,1,1,479
APP,0001751008-26-000057,2026-08-05T20:06:12.000Z,2026-08-05,-0.666667,6,30,2472
APP,0001751008-26-000050,2026-06-05T20:30:25.000Z,2026-06-05,-0.8,1,9,782
APP,0001751008-26-000042,2026-05-06T20:07:59.000Z,2026-05-06,-0.69697,5,28,2426
APP,0001751008-26-000014,2026-04-07T20:35:16.000Z,2026-04-07,0.52,19,6,1431
APTV,0001521332-26-000057,2026-08-04T10:50:30.000Z,2026-08-04,-0.45679,44,118,5841
APTV,0001521332-26-000044,2026-05-05T10:50:18.000Z,2026-05-05,-0.525424,28,90,4764
APTV,0001521332-26-000039,2026-04-30T20:20:17.000Z,2026-04-30,-0.6,1,4,651
APTV,0000950103-26-005345,2026-04-06T12:26:11.000Z,2026-04-06,-0.395349,13,30,2441
APTV,0001193125-26-138225,2026-04-01T21:19:07.000Z,2026-04-01,-0.428571,2,5,1005
APTV,0000950103-26-004474,2026-03-20T20:35:45.000Z,2026-03-20,-0.452055,20,53,4545
APTV,0001521332-26-000032,2026-03-16T20:24:21.000Z,2026-03-16,0.0,2,2,584
APTV,0001521332-26-000024,2026-03-06T21:54:32.000Z,2026-03-06,-0.333333,1,2,582
APTV,0000950103-26-003376,2026-03-06T13:01:54.000Z,2026-03-06,-0.464286,15,41,3748
APTV,0001521332-26-000022,2026-03-05T21:34:47.000Z,2026-03-05,-0.257143,13,22,2062
APTV,0000950103-26-003254,2026-03-04T23:41:45.000Z,2026-03-05,0.058824,9,8,1681
APTV,0000950103-26-003193,2026-03-04T14:08:43.000Z,2026-03-04,0.285714,9,5,1597
ARE,0001104659-26-099706,2026-08-21T20:30:43.000Z,2026-08-21,-0.789474,2,17,1363
ARE,0001104659-26-097337,2026-08-14T21:02:37.000Z,2026-08-14,0.058824,9,8,1538
ARE,0001035443-26-000067,2026-08-03T20:07:34.000Z,2026-08-03,0.151414,346,255,27387
ARE,0001035443-26-000058,2026-07-09T21:10:11.000Z,2026-07-09,0.181818,13,9,1409
ARE,0001035443-26-000054,2026-05-14T20:08:48.000Z,2026-05-14,-0.5,2,6,700
ARE,0001035443-26-000045,2026-04-27T20:39:01.000Z,2026-04-27,0.112263,322,257,26797
ARE,0001104659-26-037703,2026-03-31T20:05:37.000Z,2026-03-31,0.333333,2,1,589
ARE,0001104659-26-019662,2026-02-25T21:10:44.000Z,2026-02-25,-0.692308,2,11,1095
ARES,0001628280-26-051191,2026-07-31T01:39:15.000Z,2026-07-31,-0.109489,61,76,20279
ARES,0001628280-26-047830,2026-07-09T23:15:30.000Z,2026-07-10,-0.666667,2,10,1048
ARES,0001628280-26-042576,2026-06-11T21:24:48.000Z,2026-06-11,-0.6,1,4,634
ARES,0001628280-26-038606,2026-05-28T00:42:20.000Z,2026-05-28,-0.6,1,4,700
ARES,0001628280-26-029083,2026-05-01T01:36:52.000Z,2026-05-01,-0.171429,58,82,19994
ARES,0001628280-26-022430,2026-03-31T20:19:20.000Z,2026-03-31,-0.777778,1,8,985
ARES,0001628280-26-022155,2026-03-30T23:07:56.000Z,2026-03-31,-0.555556,2,7,869
ATO,0001193125-26-341096,2026-08-10T10:15:09.000Z,2026-08-10,0.904762,20,1,1495
ATO,0000731802-26-000100,2026-08-05T20:47:05.000Z,2026-08-05,-0.363636,7,15,1506
ATO,0001193125-26-276088,2026-06-18T21:11:03.000Z,2026-06-18,-0.8,1,9,941
ATO,0001193125-26-275070,2026-06-18T13:00:06.000Z,2026-06-18,-0.333333,1,2,713
ATO,0000731802-26-000086,2026-05-06T20:58:51.000Z,2026-05-06,-0.363636,7,15,1494
ATO,0001193125-26-130403,2026-03-30T11:15:26.000Z,2026-03-30,0.0,3,3,757
AVB,0001104659-26-097833,2026-08-17T20:01:44.000Z,2026-08-17,0.148718,112,83,6576
AVB,0001104659-26-094930,2026-08-12T20:30:44.000Z,2026-08-12,-0.589744,8,31,2541
AVB,0001104659-26-089277,2026-07-31T20:59:36.000Z,2026-07-31,-0.647059,12,56,7038
AVB,0000915912-26-000018,2026-07-23T11:03:42.000Z,2026-07-23,0.244792,239,145,19834
AVB,0001104659-26-071367,2026-06-08T20:05:30.000Z,2026-06-08,-0.204082,39,59,5769
AVB,0001104659-26-065770,2026-05-22T20:33:55.000Z,2026-05-22,-0.4,3,7,1171
AVB,0001104659-26-064781,2026-05-21T10:12:12.000Z,2026-05-21,0.283133,213,119,13913
AVB,0000915912-26-000010,2026-04-28T11:07:27.000Z,2026-04-28,0.244444,196,119,16058
AVGO,0001193125-26-295589,2026-07-06T12:00:19.000Z,2026-07-06,-0.2,2,3,564
AVGO,0001193125-26-275077,2026-06-18T13:00:28.000Z,2026-06-18,-0.111111,8,10,2761
AVGO,0001193125-26-266777,2026-06-11T13:07:29.000Z,2026-06-11,-0.076923,6,7,1782
AVGO,0001730168-26-000051,2026-06-03T20:21:35.000Z,2026-06-03,-0.344828,19,39,3294
AVGO,0001730168-26-000039,2026-04-21T20:37:02.000Z,2026-04-21,-0.6,1,4,472
AVGO,0001193125-26-144028,2026-04-06T21:22:08.000Z,2026-04-06,0.0,3,3,653
AVGO,0001193125-26-140574,2026-04-02T21:25:00.000Z,2026-04-02,0.285714,9,5,1104
AVGO,0001730168-26-000011,2026-03-04T21:16:10.000Z,2026-03-04,-0.333333,24,48,3437
AVGO,0001193125-26-085656,2026-03-02T22:00:50.000Z,2026-03-02,-0.2,2,3,447
AVY,0000008818-26-000141,2026-08-19T10:45:55.000Z,2026-08-19,0.333333,4,2,658
AVY,0000008818-26-000127,2026-07-30T10:47:05.000Z,2026-07-30,-0.164384,61,85,7707
AVY,0000008818-26-000116,2026-06-04T10:44:00.000Z,2026-06-04,0.478261,17,6,1312
AVY,0000008818-26-000078,2026-05-01T20:15:57.000Z,2026-05-01,-0.5,1,3,701
AVY,0000008818-26-000075,2026-04-28T10:46:31.000Z,2026-04-28,-0.173913,57,81,7772
AVY,0000008818-26-000017,2026-02-26T21:31:37.000Z,2026-02-26,-0.538462,3,10,694
AWK,0001410636-26-000121,2026-07-29T20:33:29.000Z,2026-07-29,-0.396226,32,74,4866
AWK,0001410636-26-000115,2026-07-16T20:54:53.000Z,2026-07-16,0.076923,7,6,1054
AWK,0001410636-26-000109,2026-07-01T20:23:34.000Z,2026-07-01,0.3125,21,11,1945
AWK,0001410636-26-000105,2026-06-09T20:24:46.000Z,2026-06-09,-0.030303,16,17,2652
AWK,0001410636-26-000098,2026-06-01T20:24:50.000Z,2026-06-01,-0.225806,12,19,2289
AWK,0001193125-26-232113,2026-05-20T15:23:46.000Z,2026-05-20,-0.2,2,3,695
AWK,0001410636-26-000094,2026-05-15T20:34:52.000Z,2026-05-15,-0.367876,61,132,11047
AWK,0001410636-26-000064,2026-04-29T20:32:39.000Z,2026-04-29,-0.428571,30,75,4691
AWK,0001193125-26-137853,2026-04-01T20:01:21.000Z,2026-04-01,-0.2,2,3,730
AWK,0001410636-26-000056,2026-03-10T20:17:55.000Z,2026-03-10,0.8,9,1,1135
AWK,0001410636-26-000053,2026-03-02T21:20:47.000Z,2026-03-02,0.692308,11,2,1123
AXON,0001628280-26-053363,2026-08-05T20:12:36.000Z,2026-08-05,-0.283333,43,77,7282
AXON,0001628280-26-047888,2026-07-10T20:19:52.000Z,2026-07-10,0.714286,6,1,1076
AXON,0001628280-26-039483,2026-06-01T20:10:40.000Z,2026-06-01,-0.666667,1,5,657
AXON,0001628280-26-031285,2026-05-06T20:15:09.000Z,2026-05-06,-0.168675,69,97,7301
AXON,0001628280-26-024720,2026-04-10T20:35:28.000Z,2026-04-10,0.333333,4,2,474
AXON,0001628280-26-016872,2026-03-11T20:44:21.000Z,2026-03-11,0.333333,4,2,475
AXP,0000004962-26-000345,2026-08-17T16:00:28.000Z,2026-08-17,-0.6,2,8,987
AXP,0000004962-26-000338,2026-08-12T21:29:42.000Z,2026-08-12,-0.846154,1,12,1275
AXP,0000004962-26-000327,2026-08-05T13:10:30.000Z,2026-08-05,-0.666667,1,5,787
AXP,0000004962-26-000318,2026-07-24T11:00:28.000Z,2026-07-24,-0.162963,113,157,8689
AXP,0000004962-26-000302,2026-07-15T16:00:29.000Z,2026-07-15,-0.6,2,8,1011
AXP,0000004962-26-000281,2026-06-25T20:19:46.000Z,2026-06-25,-0.263158,7,12,1051
AXP,0000004962-26-000270,2026-06-17T17:01:12.000Z,2026-06-17,0.0,1,1,534
AXP,0000004962-26-000263,2026-06-15T16:00:39.000Z,2026-06-15,-0.555556,2,7,867
AXP,0000004962-26-000249,2026-05-15T16:00:46.000Z,2026-05-15,-0.6,2,8,1119
AXP,0000004962-26-000231,2026-05-07T20:18:21.000Z,2026-05-07,-0.846154,1,12,652
AXP,0000004962-26-000207,2026-05-04T18:00:53.000Z,2026-05-04,0.0,1,1,535
AXP,0000004962-26-000203,2026-05-04T11:34:11.000Z,2026-05-04,0.142857,8,6,667
AXP,0000004962-26-000188,2026-04-23T11:00:36.000Z,2026-04-23,-0.088339,129,154,8940
AXP,0000004962-26-000148,2026-04-15T16:01:04.000Z,2026-04-15,-0.555556,2,7,878
AXP,0000004962-26-000121,2026-03-16T16:00:25.000Z,2026-03-16,-0.555556,2,7,862
AXP,0000004962-26-000112,2026-03-02T21:18:58.000Z,2026-03-02,0.6,4,1,689
AXP,0000004962-26-000107,2026-02-25T14:03:16.000Z,2026-02-25,-0.857143,1,13,692
AZO,0001104659-26-083528,2026-07-14T20:36:34.000Z,2026-07-14,-0.5,1,3,866
AZO,0001104659-26-082304,2026-07-09T21:20:29.000Z,2026-07-09,-0.5,1,3,593
AZO,0001171843-26-004150,2026-06-16T21:00:18.000Z,2026-06-16,0.2,3,2,708
AZO,0001171843-26-003674,2026-05-26T10:55:18.000Z,2026-05-26,-0.222222,14,22,2381
AZO,0001171843-26-001288,2026-03-03T11:55:29.000Z,2026-03-03,-0.419355,9,22,2343
BA,0001628280-26-058481,2026-08-21T21:08:16.000Z,2026-08-21,0.333333,6,3,631
BA,0001628280-26-049929,2026-07-28T11:31:17.000Z,2026-07-28,-0.607843,20,82,3639
BA,0001628280-26-026391,2026-04-22T11:40:05.000Z,2026-04-22,-0.505882,21,64,3380
BA,0001628280-26-025684,2026-04-17T18:54:44.000Z,2026-04-17,-0.6,2,8,505
BAC,0000070858-26-000364,2026-07-24T11:07:02.000Z,2026-07-24,0.333333,12,6,1809
BAC,0000070858-26-000353,2026-07-14T10:45:08.000Z,2026-07-14,-0.261017,218,372,25029
BAC,0000070858-26-000273,2026-05-06T20:34:21.000Z,2026-05-06,-0.714286,1,6,1037
BAC,0000070858-26-000222,2026-04-15T10:44:44.000Z,2026-04-15,-0.295533,205,377,25006
BALL,0001104659-26-090074,2026-08-04T11:43:45.000Z,2026-08-04,0.115789,53,42,5069
BALL,0000009389-26-000107,2026-05-05T12:13:25.000Z,2026-05-05,0.12,56,44,5102
BALL,0000009389-26-000075,2026-04-29T20:33:04.000Z,2026-04-29,-0.75,1,7,516
BAX,0001193125-26-356188,2026-08-19T12:07:42.000Z,2026-08-19,0.666667,30,6,2331
BAX,0001628280-26-057739,2026-08-18T21:00:50.000Z,2026-08-18,-0.562044,30,107,5691
BAX,0001193125-26-333134,2026-08-04T21:22:22.000Z,2026-08-04,-0.333333,2,4,448
BAX,0001628280-26-052180,2026-08-04T12:32:33.000Z,2026-08-04,-0.527778,17,55,3355
BAX,0001628280-26-050795,2026-07-30T11:17:40.000Z,2026-07-30,-0.377193,71,157,6666
BAX,0001628280-26-048158,2026-07-14T20:15:49.000Z,2026-07-14,-0.571429,6,22,2737
BAX,0001193125-26-214680,2026-05-08T20:16:00.000Z,2026-05-08,-0.653846,9,43,1835
BAX,0001628280-26-028582,2026-04-30T11:17:57.000Z,2026-04-30,-0.427027,53,132,5452
BAX,0001193125-26-116114,2026-03-19T20:45:33.000Z,2026-03-19,0.769231,46,6,2361
BAX,0001193125-26-107345,2026-03-16T12:49:18.000Z,2026-03-16,0.12,14,11,1628
BBY,0000764478-26-000034,2026-08-03T20:08:56.000Z,2026-08-03,0.909091,42,2,1393
BBY,0000764478-26-000027,2026-06-22T20:10:46.000Z,2026-06-22,0.265306,31,18,1749
BBY,0000764478-26-000024,2026-06-17T20:49:50.000Z,2026-06-17,-0.090909,5,6,710
BBY,0000764478-26-000018,2026-05-28T11:00:49.000Z,2026-05-28,0.190083,72,49,4565
BBY,0000764478-26-000012,2026-04-22T11:01:15.000Z,2026-04-22,0.495146,77,26,2674
BBY,0000764478-26-000005,2026-03-03T12:01:36.000Z,2026-03-03,-0.152542,50,68,3642
BDX,0001628280-26-053790,2026-08-06T10:31:38.000Z,2026-08-06,-0.306667,52,98,5590
BDX,0001628280-26-049103,2026-07-22T10:58:24.000Z,2026-07-22,0.888889,17,1,1105
BDX,0001628280-26-039005,2026-05-29T12:39:28.000Z,2026-05-29,-0.714286,1,6,640
BDX,0001140361-26-022270,2026-05-20T21:05:06.000Z,2026-05-20,-0.714286,3,18,1643
BDX,0001140361-26-020828,2026-05-12T20:30:54.000Z,2026-05-12,-0.5,1,3,745
BDX,0001628280-26-031638,2026-05-07T10:30:49.000Z,2026-05-07,-0.35,52,108,5789
BDX,0000010795-26-000012,2026-04-29T20:16:44.000Z,2026-04-29,-0.6,1,4,563
BDX,0001628280-26-024472,2026-04-09T20:18:47.000Z,2026-04-09,0.84,23,2,1043
BDX,0001628280-26-023185,2026-04-02T20:18:23.000Z,2026-04-02,-0.291667,17,31,2633
BDX,0001140361-26-006794,2026-02-25T21:25:34.000Z,2026-02-25,0.333333,22,11,4400
BEN,0001552781-26-000423,2026-08-10T20:15:40.000Z,2026-08-10,-0.555556,2,7,1114
BEN,0000038777-26-000215,2026-07-31T12:36:53.000Z,2026-07-31,-0.179487,32,46,4204
BEN,0001552781-26-000398,2026-07-30T21:17:52.000Z,2026-07-30,-0.853659,3,38,1191
BEN,0000038777-26-000194,2026-07-23T12:48:00.000Z,2026-07-23,-0.103448,13,16,1405
BEN,0000038777-26-000171,2026-06-05T13:00:38.000Z,2026-06-05,-0.733333,2,13,566
BEN,0000038777-26-000100,2026-04-28T12:34:42.000Z,2026-04-28,-0.246377,26,43,3750
BF-B,0000014693-26-000035,2026-07-23T20:18:43.000Z,2026-07-23,0.333333,16,8,1488
BF-B,0000014693-26-000033,2026-07-13T20:40:00.000Z,2026-07-13,-0.294118,24,44,2100
BF-B,0000014693-26-000018,2026-06-04T12:02:54.000Z,2026-06-04,-0.465969,51,140,6521
BF-B,0000014693-26-000016,2026-04-28T20:45:02.000Z,2026-04-28,-0.1,9,11,1127
BF-B,0000014693-26-000014,2026-03-26T23:14:01.000Z,2026-03-27,0.25,5,3,982
BF-B,0000014693-26-000012,2026-03-16T13:02:09.000Z,2026-03-16,0.5,15,5,1723
BF-B,0000014693-26-000005,2026-03-04T13:02:05.000Z,2026-03-04,-0.435028,50,127,6469
BG,0001104659-26-098782,2026-08-19T20:15:35.000Z,2026-08-19,-0.083333,11,13,2029
BG,0001628280-26-050334,2026-07-29T10:15:46.000Z,2026-07-29,0.020979,73,70,5214
BG,0001628280-26-037544,2026-05-22T12:11:02.000Z,2026-05-22,-0.454545,6,16,1374
BG,0001628280-26-028079,2026-04-29T10:11:06.000Z,2026-04-29,-0.02439,60,63,4894
BG,0001628280-26-023140,2026-04-02T20:06:30.000Z,2026-04-02,-0.636364,2,9,856
BG,0001628280-26-022783,2026-04-01T20:03:40.000Z,2026-04-01,0.333333,4,2,721
BG,0001104659-26-032113,2026-03-19T20:30:28.000Z,2026-03-19,-0.083333,11,13,2125
BG,0001104659-26-029042,2026-03-17T12:47:16.000Z,2026-03-17,-0.32093,73,142,11714
BIIB,0000875045-26-000073,2026-07-29T10:10:24.000Z,2026-07-29,-0.021978,89,93,5968
BIIB,0000875045-26-000068,2026-07-01T20:08:37.000Z,2026-07-01,-0.5,3,9,981
BIIB,0000950157-26-000700,2026-06-10T20:54:22.000Z,2026-06-10,-0.6,1,4,492
BIIB,0001193125-26-222908,2026-05-14T12:31:16.000Z,2026-05-14,-0.455556,49,131,6771
BIIB,0000875045-26-000042,2026-04-29T10:05:42.000Z,2026-04-29,-0.035897,94,101,5759
BIIB,0000875045-26-000039,2026-04-06T10:31:37.000Z,2026-04-06,-0.454545,3,8,911
BIIB,0001193125-26-134889,2026-03-31T21:03:19.000Z,2026-03-31,-0.387841,146,331,19358
BIIB,0000950157-26-000280,2026-03-11T21:28:01.000Z,2026-03-11,0.333333,2,1,388
BKNG,0001075531-26-000036,2026-08-04T20:03:14.000Z,2026-08-04,-0.033708,43,46,4746
BKNG,0001075531-26-000031,2026-06-02T20:57:14.000Z,2026-06-02,-0.833333,1,11,922
BKNG,0001104659-26-058730,2026-05-11T21:01:06.000Z,2026-05-11,-0.636364,4,18,2242
BKNG,0001104659-26-057239,2026-05-07T20:49:22.000Z,2026-05-07,-0.75,2,14,1486
BKNG,0001075531-26-000024,2026-04-28T20:03:39.000Z,2026-04-28,-0.16129,39,54,4730
BKNG,0000950157-26-000465,2026-04-02T20:34:43.000Z,2026-04-02,-0.2,2,3,781
BKNG,0001075531-26-000014,2026-04-02T20:12:50.000Z,2026-04-02,-0.555556,2,7,1063
BKNG,0001075531-26-000012,2026-04-01T20:10:37.000Z,2026-04-01,0.866667,14,1,1399
BKR,0001701605-26-000021,2026-07-27T10:07:10.000Z,2026-07-27,0.204545,53,35,5438
BKR,0001193125-26-305477,2026-07-16T12:54:32.000Z,2026-07-16,-0.012048,41,42,3803
BKR,0001193125-26-276600,2026-06-22T10:02:06.000Z,2026-06-22,-0.391304,7,16,1281
BKR,0001193125-26-234383,2026-05-21T20:01:31.000Z,2026-05-21,-0.391304,7,16,1228
BKR,0001193125-26-231070,2026-05-19T21:05:55.000Z,2026-05-19,-0.666667,3,15,1257
BKR,0001701605-26-000012,2026-04-23T21:14:17.000Z,2026-04-23,0.0,46,46,5583
BKR,0001193125-26-102422,2026-03-11T21:13:04.000Z,2026-03-11,-0.277778,13,23,3742
BKR,0001193125-26-085437,2026-03-02T21:15:32.000Z,2026-03-02,-0.352941,165,345,23589
BLDR,0001193125-26-340381,2026-08-07T20:36:31.000Z,2026-08-07,-0.333333,2,4,482
BLDR,0001193125-26-324859,2026-07-30T11:00:17.000Z,2026-07-30,-0.037037,39,42,4829
BLDR,0001193125-26-259521,2026-06-05T20:05:16.000Z,2026-06-05,-0.333333,2,4,431
BLDR,0001316835-26-000004,2026-05-18T20:15:16.000Z,2026-05-18,0.641026,32,7,1597
BLDR,0001193125-26-193923,2026-04-30T11:00:16.000Z,2026-04-30,0.054945,48,43,5500
BLK,0001193125-26-304013,2026-07-15T10:33:30.000Z,2026-07-15,-0.211765,67,103,9137
BLK,0001193125-26-290830,2026-06-30T21:18:28.000Z,2026-06-30,-0.4,3,7,856
BLK,0001193125-26-237027,2026-05-22T20:30:38.000Z,2026-05-22,-0.714286,1,6,645
BLK,0001193125-26-153768,2026-04-14T10:35:09.000Z,2026-04-14,-0.119497,70,89,8537
BLK,0001193125-26-142112,2026-04-03T20:05:24.000Z,2026-04-03,0.0,1,1,836
BMY,0000014272-26-000018,2026-07-30T11:05:39.000Z,2026-07-30,-0.041237,93,101,8205
BMY,0001140361-26-020036,2026-05-08T20:10:44.000Z,2026-05-08,-0.714286,1,6,640
BMY,0000014272-26-000008,2026-04-30T11:01:58.000Z,2026-04-30,-0.033708,86,92,7757
BNY,0001193125-26-358252,2026-08-20T13:13:55.000Z,2026-08-20,0.714286,6,1,1128
BNY,0001193125-26-349341,2026-08-13T20:31:42.000Z,2026-08-13,0.846154,12,1,1044
BNY,0001193125-26-347061,2026-08-12T20:52:14.000Z,2026-08-12,0.0,1,1,615
BNY,0001193125-26-314242,2026-07-23T20:42:16.000Z,2026-07-23,-0.111111,4,5,1211
BNY,0001390777-26-000071,2026-07-15T10:30:21.000Z,2026-07-15,-0.194175,83,123,12785
BNY,0001193125-26-281160,2026-06-24T20:35:46.000Z,2026-06-24,-0.75,1,7,889
BNY,0001193125-26-279476,2026-06-23T20:19:20.000Z,2026-06-23,-0.2,2,3,593
BNY,0001193125-26-269610,2026-06-12T20:49:00.000Z,2026-06-12,0.714286,6,1,1128
BNY,0001193125-26-173843,2026-04-23T20:33:00.000Z,2026-04-23,0.0,1,1,590
BNY,0001390777-26-000042,2026-04-16T10:30:21.000Z,2026-04-16,-0.228814,91,145,13365
BNY,0001193125-26-094111,2026-03-05T21:39:31.000Z,2026-03-05,-0.111111,4,5,1199
BNY,0001193125-26-073612,2026-02-26T13:43:52.000Z,2026-02-26,-0.75,1,7,969
BR,0001383312-26-000022,2026-08-04T11:59:07.000Z,2026-08-04,-0.191111,91,134,11668
BR,0001383312-26-000019,2026-06-10T20:30:23.000Z,2026-06-10,0.777778,16,2,1218
BR,0001383312-26-000017,2026-05-21T14:07:10.000Z,2026-05-21,0.6,4,1,592
BR,0001140361-26-021675,2026-05-15T20:31:25.000Z,2026-05-15,-0.588235,7,27,2161
BR,0001140361-26-019332,2026-05-06T21:11:01.000Z,2026-05-06,-0.333333,8,16,1532
BR,0001383312-26-000015,2026-05-06T20:36:22.000Z,2026-05-06,-0.046296,103,113,8861
BR,0001383312-26-000013,2026-04-30T11:59:53.000Z,2026-04-30,-0.160377,89,123,10807
BR,0001383312-26-000009,2026-03-06T15:02:15.000Z,2026-03-06,0.6,4,1,598
BRK-B,0001193125-26-344495,2026-08-11T19:52:27.000Z,2026-08-11,-0.066667,21,24,1351
BRK-B,0001193125-26-212148,2026-05-07T20:33:34.000Z,2026-05-07,-0.47907,56,159,13193
BRK-B,0001193125-26-159326,2026-04-16T21:15:36.000Z,2026-04-16,0.0,1,1,1226
BRK-B,0001193125-26-092557,2026-03-05T12:25:35.000Z,2026-03-05,-0.4,3,7,764
BRK-B,0001193125-26-085801,2026-03-02T22:27:20.000Z,2026-03-02,0.0,21,21,1346
BRO,0001193125-26-341162,2026-08-10T10:45:26.000Z,2026-08-10,-0.444444,5,13,824
BRO,0001193125-26-318245,2026-07-27T21:03:54.000Z,2026-07-27,-0.402299,26,61,4634
BRO,0001193125-26-259864,2026-06-05T21:00:15.000Z,2026-06-05,-0.818182,1,10,744
BRO,0001193125-26-212338,2026-05-07T21:00:17.000Z,2026-05-07,-0.75,1,7,903
BRO,0001193125-26-182375,2026-04-27T21:08:57.000Z,2026-04-27,-0.452381,23,61,4441
BRO,0001193125-26-148592,2026-04-09T01:24:23.000Z,2026-04-09,0.271493,281,161,12406
BRO,0001193125-26-091840,2026-03-04T22:11:14.000Z,2026-03-04,-0.142857,9,12,1568
BRO,0001193125-26-084391,2026-03-02T14:15:05.000Z,2026-03-02,0.253165,99,59,6498
BSX,0000885725-26-000056,2026-08-26T10:06:57.000Z,2026-08-26,-0.925926,2,52,1284
BSX,0000885725-26-000051,2026-07-29T10:33:23.000Z,2026-07-29,-0.65,28,132,4194
BSX,0000885725-26-000049,2026-07-27T20:06:43.000Z,2026-07-27,-0.757576,4,29,1242
BSX,0000885725-26-000042,2026-05-18T11:17:15.000Z,2026-05-18,-0.85,3,37,2102
BSX,0000885725-26-000041,2026-05-18T11:15:03.000Z,2026-05-18,-0.325,27,53,2909
BSX,0000885725-26-000036,2026-05-05T20:47:18.000Z,2026-05-05,-0.76,3,22,909
BSX,0000885725-26-000031,2026-04-22T10:34:16.000Z,2026-04-22,-0.585185,28,107,3914
BSX,0000885725-26-000029,2026-03-30T10:14:18.000Z,2026-03-30,-0.352113,23,48,3351
BSX,0000885725-26-000017,2026-02-26T22:11:42.000Z,2026-02-26,-0.428571,8,20,2056
BX,0001193125-26-313250,2026-07-23T10:55:07.000Z,2026-07-23,-0.268293,45,78,11496
BX,0001193125-26-279498,2026-06-23T20:23:27.000Z,2026-06-23,-0.2,4,6,1114
BX,0001193125-26-171788,2026-04-23T10:55:29.000Z,2026-04-23,-0.251908,49,82,11102
BX,0001193125-26-121857,2026-03-24T20:18:16.000Z,2026-03-24,-0.2,4,6,1113
BXP,0001037540-26-000031,2026-07-28T20:14:38.000Z,2026-07-28,-0.333333,165,330,26862
BXP,0001037540-26-000026,2026-05-29T20:36:57.000Z,2026-05-29,-0.636364,2,9,733
BXP,0001037540-26-000022,2026-05-22T20:25:15.000Z,2026-05-22,-0.75,1,7,719
BXP,0001037540-26-000015,2026-04-28T20:12:03.000Z,2026-04-28,-0.368,158,342,26688
BXP,0001193125-26-096974,2026-03-06T22:28:12.000Z,2026-03-06,-0.5,2,6,1984
C,0001104659-26-083383,2026-07-14T13:39:47.000Z,2026-07-14,-0.76392,53,396,15392
C,0001104659-26-065155,2026-05-21T20:15:55.000Z,2026-05-21,-0.142857,3,4,1083
C,0001104659-26-042942,2026-04-14T13:42:13.000Z,2026-04-14,-0.75705,56,405,15494
C,0001104659-26-039663,2026-04-03T20:52:20.000Z,2026-04-03,-0.757709,55,399,15203
CAH,0000721371-26-000037,2026-08-11T10:47:32.000Z,2026-08-11,-0.369048,53,115,6037
CAH,0000721371-26-000036,2026-08-11T10:38:34.000Z,2026-08-11,-0.777778,2,16,1175
CAH,0000721371-26-000026,2026-08-05T10:39:06.000Z,2026-08-05,0.428571,5,2,659
CAH,0000721371-26-000017,2026-04-30T10:47:14.000Z,2026-04-30,-0.296552,51,94,5278
CAH,0000721371-26-000013,2026-03-23T10:48:23.000Z,2026-03-23,0.2,18,12,1249
CAH,0000721371-26-000010,2026-03-05T12:07:59.000Z,2026-03-05,0.333333,2,1,393
CARR,0001783180-26-000030,2026-07-28T10:58:31.000Z,2026-07-28,-0.238938,43,70,4285
CARR,0000950142-26-002161,2026-07-24T20:05:31.000Z,2026-07-24,0.7,17,3,929
CARR,0001783180-26-000023,2026-04-30T10:59:38.000Z,2026-04-30,-0.292929,35,64,4032
CARR,0000950142-26-001146,2026-04-16T20:15:52.000Z,2026-04-16,-0.666667,1,5,638
CASY,0001140361-26-026167,2026-06-24T13:21:26.000Z,2026-06-24,0.790262,239,28,8154
CASY,0000726958-26-000033,2026-06-09T20:30:36.000Z,2026-06-09,0.086957,25,21,3780
CASY,0001140361-26-024465,2026-06-08T20:27:59.000Z,2026-06-08,0.692308,11,2,1127
CASY,0000726958-26-000012,2026-03-09T20:36:02.000Z,2026-03-09,0.151515,19,14,2617
CAT,0000018230-26-000040,2026-08-04T10:31:44.000Z,2026-08-04,-0.245714,66,109,8109
CAT,0001104659-26-072929,2026-06-11T20:05:30.000Z,2026-06-11,0.066667,8,7,1043
CAT,0000018230-26-000017,2026-04-30T10:31:34.000Z,2026-04-30,-0.153846,66,90,7586
CAT,0001104659-26-042621,2026-04-13T20:09:57.000Z,2026-04-13,0.5,3,1,431
CAT,0001104659-26-042062,2026-04-10T20:30:11.000Z,2026-04-10,0.793103,26,3,1284
CAT,0000018230-26-000013,2026-03-26T21:09:11.000Z,2026-03-26,-0.7,6,34,6468
CB,0001193125-26-310312,2026-07-21T20:10:05.000Z,2026-07-21,-0.329423,343,680,15924
CB,0001104659-26-072113,2026-06-10T12:07:52.000Z,2026-06-10,-0.5,1,3,743
CB,0001104659-26-065709,2026-05-22T20:09:45.000Z,2026-05-22,-0.948718,1,38,1675
CB,0001104659-26-064150,2026-05-20T12:22:55.000Z,2026-05-20,-0.5,1,3,715
CB,0001193125-26-166937,2026-04-21T20:26:30.000Z,2026-04-21,-0.321678,291,567,14376
CB,0001104659-26-026429,2026-03-11T20:45:30.000Z,2026-03-11,0.0,2,2,613
CBOE,0001628280-26-051217,2026-07-31T11:30:14.000Z,2026-07-31,-0.265823,29,50,6327
CBOE,0001104659-26-087625,2026-07-28T21:26:56.000Z,2026-07-28,-0.7,3,17,1241
CBOE,0001104659-26-078295,2026-06-26T20:30:27.000Z,2026-06-26,-0.3,7,13,823
CBOE,0001104659-26-063250,2026-05-18T20:51:34.000Z,2026-05-18,-0.714286,1,6,602
CBOE,0001628280-26-029103,2026-05-01T11:30:01.000Z,2026-05-01,-0.25641,29,49,6621
CBRE,0001138118-26-000021,2026-07-29T11:02:05.000Z,2026-07-29,-0.34,33,67,5741
CBRE,0001193125-26-279756,2026-06-23T21:08:32.000Z,2026-06-23,-0.714286,2,12,1203
CBRE,0001193125-26-271325,2026-06-15T21:28:22.000Z,2026-06-15,0.0,1,1,454
CBRE,0001193125-26-237130,2026-05-22T21:00:15.000Z,2026-05-22,-0.714286,1,6,587
CBRE,0001193125-26-204246,2026-05-04T21:00:17.000Z,2026-05-04,-0.777778,1,8,1358
CBRE,0001193125-26-187630,2026-04-28T21:00:16.000Z,2026-04-28,-0.714286,1,6,924
CBRE,0001138118-26-000013,2026-04-23T11:01:04.000Z,2026-04-23,-0.346154,34,70,5709
CBRE,0001138118-26-000008,2026-03-24T20:32:44.000Z,2026-03-24,-0.272727,4,7,718
CBRE,0001193125-26-119981,2026-03-23T21:15:07.000Z,2026-03-23,-0.5,5,15,1359
CBRE,0001193125-26-083199,2026-02-27T22:17:37.000Z,2026-02-27,0.0,1,1,467
CBRE,0001193125-26-076913,2026-02-26T21:31:37.000Z,2026-02-26,-0.076923,6,7,1338
CCI,0001051470-26-000076,2026-08-05T20:23:11.000Z,2026-08-05,0.333333,2,1,667
CCI,0001051470-26-000069,2026-07-22T20:17:40.000Z,2026-07-22,-0.60601,118,481,19331
CCI,0001051470-26-000065,2026-05-20T20:23:33.000Z,2026-05-20,-0.6,1,4,544
CCI,0001051470-26-000064,2026-05-20T20:22:41.000Z,2026-05-20,0.333333,2,1,662
CCI,0001051470-26-000055,2026-05-01T20:20:38.000Z,2026-05-01,-0.882353,1,16,1217
CCI,0001051470-26-000052,2026-05-01T13:21:44.000Z,2026-05-01,-0.621622,42,180,7816
CCI,0001051470-26-000046,2026-04-22T20:16:44.000Z,2026-04-22,-0.672131,100,510,19526
CCI,0001051470-26-000019,2026-02-25T21:44:57.000Z,2026-02-25,0.333333,4,2,916
CCL,0000950142-26-002267,2026-08-05T13:46:59.000Z,2026-08-05,-0.333333,1,2,585
CCL,0000815097-26-000086,2026-06-23T13:16:37.000Z,2026-06-23,-0.186667,61,89,5416
CCL,0001104659-26-057200,2026-05-07T20:32:08.000Z,2026-05-07,-0.695652,7,39,2757
CCL,0000815097-26-000043,2026-04-20T13:31:43.000Z,2026-04-20,-0.454545,6,16,1831
CCL,0000815097-26-000034,2026-03-27T13:18:08.000Z,2026-03-27,-0.050847,84,93,5908
CDNS,0000813672-26-000089,2026-07-27T20:03:05.000Z,2026-07-27,-0.168142,47,66,6241
CDNS,0000813672-26-000067,2026-05-11T22:14:53.000Z,2026-05-12,-0.777778,1,8,810
CDNS,0000813672-26-000044,2026-04-27T20:03:41.000Z,2026-04-27,-0.121495,47,60,6259
CDW,0001402057-26-000064,2026-08-05T11:21:45.000Z,2026-08-05,0.428571,15,6,1167
CDW,0001402057-26-000062,2026-08-05T11:06:04.000Z,2026-08-05,-0.21875,25,39,5389
CDW,0001402057-26-000038,2026-05-26T20:03:30.000Z,2026-05-26,-0.684211,3,16,938
CDW,0001402057-26-000031,2026-05-13T12:31:57.000Z,2026-05-13,-0.230769,5,8,1148
CDW,0001402057-26-000023,2026-05-06T11:08:30.000Z,2026-05-06,-0.181818,27,39,4984
CDW,0001402057-26-000019,2026-05-01T20:08:15.000Z,2026-05-01,-0.571429,3,11,1148
CDW,0001402057-26-000016,2026-03-27T12:31:08.000Z,2026-03-27,-0.333333,1,2,420
CEG,0001868275-26-000097,2026-08-06T10:52:23.000Z,2026-08-06,-0.044177,119,130,9875
CEG,0001868275-26-000089,2026-08-05T18:14:03.000Z,2026-08-05,0.684211,32,6,1345
CEG,0001868275-26-000080,2026-07-14T21:23:24.000Z,2026-07-14,-0.6,1,4,855
CEG,0001104659-26-069482,2026-06-02T20:15:28.000Z,2026-06-02,-0.714286,1,6,1029
CEG,0001868275-26-000063,2026-05-11T10:59:49.000Z,2026-05-11,0.004484,112,111,9140
CEG,0001868275-26-000050,2026-05-01T20:10:58.000Z,2026-05-01,-0.666667,1,5,545
CEG,0001868275-26-000045,2026-03-31T10:07:04.000Z,2026-03-31,0.116564,91,72,9596
CEG,0001868275-26-000041,2026-03-26T20:05:55.000Z,2026-03-26,-0.2,2,3,454
CEG,0001868275-26-000037,2026-03-20T20:39:45.000Z,2026-03-20,-0.396011,212,490,45681
CF,0001104659-26-091275,2026-08-05T21:22:46.000Z,2026-08-05,-0.301205,29,54,4521
CF,0001324404-26-000017,2026-08-05T20:42:56.000Z,2026-08-05,-0.246377,52,86,7542
CF,0001104659-26-056338,2026-05-06T20:51:45.000Z,2026-05-06,-0.421687,24,59,3714
CF,0001324404-26-000011,2026-05-06T20:42:06.000Z,2026-05-06,-0.309859,49,93,7174
CF,0001104659-26-055680,2026-05-05T20:36:27.000Z,2026-05-05,0.428571,20,8,1626
CF,0001104659-26-055000,2026-05-04T21:09:25.000Z,2026-05-04,-0.714286,1,6,545
CF,0001104659-26-028018,2026-03-16T12:00:21.000Z,2026-03-16,-0.6,1,4,500
CFG,0001193125-26-326411,2026-07-30T21:57:45.000Z,2026-07-31,-0.333333,3,6,1073
CFG,0000759944-26-000139,2026-07-21T12:22:21.000Z,2026-07-21,-0.213793,57,88,8010
CFG,0000759944-26-000133,2026-07-16T10:32:21.000Z,2026-07-16,0.079268,177,151,14328
CFG,0000759944-26-000073,2026-04-24T20:10:12.000Z,2026-04-24,-0.714286,1,6,671
CFG,0000759944-26-000070,2026-04-16T10:30:34.000Z,2026-04-16,0.080745,174,148,13836
CHD,0001193125-26-326749,2026-07-31T11:04:30.000Z,2026-07-31,0.12605,67,52,4924
CHD,0001193125-26-206807,2026-05-05T21:21:55.000Z,2026-05-05,-0.714286,1,6,609
CHD,0001193125-26-199066,2026-05-01T11:08:26.000Z,2026-05-01,0.133333,51,39,4816
CHRW,0001043277-26-000027,2026-07-29T20:36:02.000Z,2026-07-29,-0.246964,93,154,8557
CHRW,0001193125-26-315034,2026-07-24T10:21:38.000Z,2026-07-24,-0.882353,1,16,629
CHRW,0001043277-26-000023,2026-06-02T20:18:07.000Z,2026-06-02,0.157895,11,8,833
CHRW,0001043277-26-000018,2026-05-11T20:05:38.000Z,2026-05-11,-0.75,1,7,608
CHRW,0001043277-26-000014,2026-04-29T20:11:46.000Z,2026-04-29,-0.37037,85,185,7920
CHTR,0001104659-26-100972,2026-08-26T10:01:32.000Z,2026-08-26,-0.888889,2,34,2088
CHTR,0001104659-26-100328,2026-08-24T20:38:54.000Z,2026-08-24,-0.947368,1,37,2233
CHTR,0001140361-26-033909,2026-08-20T21:16:04.000Z,2026-08-20,-0.011628,85,87,7381
CHTR,0001104659-26-098363,2026-08-18T20:27:31.000Z,2026-08-18,-0.882353,3,48,2628
CHTR,0001104659-26-094863,2026-08-12T20:05:52.000Z,2026-08-12,-0.857143,3,39,1978
CHTR,0001104659-26-089522,2026-08-03T12:30:36.000Z,2026-08-03,-0.763889,17,127,9371
CHTR,0001091667-26-000051,2026-07-24T11:00:48.000Z,2026-07-24,-0.317647,29,56,6938
CHTR,0001104659-26-086302,2026-07-23T20:46:53.000Z,2026-07-23,-0.618799,73,310,26362
CHTR,0001091667-26-000032,2026-05-19T20:38:43.000Z,2026-05-19,-0.428571,6,15,938
CHTR,0001091667-26-000027,2026-04-24T11:00:52.000Z,2026-04-24,-0.272727,32,56,6887
CHTR,0001091667-26-000024,2026-04-23T20:05:28.000Z,2026-04-23,-0.6,2,8,1006
CHTR,0001140361-26-006730,2026-02-25T13:52:26.000Z,2026-02-25,0.411765,36,15,1993
CI,0001140361-26-030135,2026-07-30T10:16:02.000Z,2026-07-30,-0.031579,46,49,4102
CI,0001140361-26-020906,2026-05-13T10:01:44.000Z,2026-05-13,-0.512195,10,31,1529
CI,0001140361-26-017971,2026-04-30T10:15:32.000Z,2026-04-30,-0.096154,47,57,4197
CI,0001140361-26-017123,2026-04-27T20:26:35.000Z,2026-04-27,-0.666667,1,5,570
CI,0001140361-26-007450,2026-03-03T12:42:12.000Z,2026-03-03,-0.131783,56,73,3962
CI,0001140361-26-007049,2026-02-27T11:15:56.000Z,2026-02-27,-0.565217,10,36,1536
CIEN,0001193125-26-267607,2026-06-11T20:21:49.000Z,2026-06-11,0.0625,17,15,5016
CIEN,0001193125-26-260665,2026-06-08T11:08:08.000Z,2026-06-08,0.130435,13,10,3068
CIEN,0001628280-26-040614,2026-06-04T11:05:06.000Z,2026-06-04,-0.082353,39,46,6027
CIEN,0001628280-26-022342,2026-03-31T19:21:52.000Z,2026-03-31,-0.75,1,7,615
CIEN,0001628280-26-015006,2026-03-05T12:49:58.000Z,2026-03-05,0.009174,55,54,6046
CINF,0000020286-26-000049,2026-08-25T13:17:05.000Z,2026-08-25,0.117647,57,45,3458
CINF,0000020286-26-000047,2026-08-21T20:08:03.000Z,2026-08-21,-0.603306,24,97,2037
CINF,0000020286-26-000043,2026-07-27T20:07:58.000Z,2026-07-27,-0.675991,139,719,10414
CINF,0000020286-26-000038,2026-06-22T13:15:50.000Z,2026-06-22,-0.593496,25,98,2270
CINF,0000020286-26-000034,2026-06-16T13:08:01.000Z,2026-06-16,-0.51145,32,99,2324
CINF,0000020286-26-000032,2026-05-19T12:33:35.000Z,2026-05-19,0.066667,56,49,3360
CINF,0000020286-26-000030,2026-05-06T12:42:55.000Z,2026-05-06,-0.680912,56,295,5428
CINF,0000020286-26-000025,2026-04-27T20:08:01.000Z,2026-04-27,-0.692857,129,711,9929
CL,0000021665-26-000041,2026-07-31T11:58:00.000Z,2026-07-31,0.038961,40,37,4787
CL,0000021665-26-000025,2026-05-13T20:02:15.000Z,2026-05-13,-0.714286,1,6,619
CL,0000021665-26-000022,2026-05-01T11:31:29.000Z,2026-05-01,-0.093333,34,41,4690
CL,0000021665-26-000015,2026-04-09T12:22:52.000Z,2026-04-09,0.5,3,1,493
CL,0000021665-26-000010,2026-03-17T20:33:28.000Z,2026-03-17,0.0,2,2,1636
CL,0000021665-26-000008,2026-03-12T20:33:16.000Z,2026-03-12,0.666667,5,1,653
CLX,0000021076-26-000028,2026-08-03T20:12:11.000Z,2026-08-03,-0.260163,91,155,8728
CLX,0001206774-26-000333,2026-06-17T20:15:35.000Z,2026-06-17,0.885714,33,2,1218
CLX,0001206774-26-000296,2026-05-28T20:05:35.000Z,2026-05-28,0.733333,26,4,1157
CLX,0001193125-26-216807,2026-05-11T20:15:18.000Z,2026-05-11,-0.333333,1,2,628
CLX,0000021076-26-000016,2026-04-30T20:12:07.000Z,2026-04-30,-0.351598,71,148,7686
CLX,0001206774-26-000173,2026-04-01T12:01:03.000Z,2026-04-01,-0.506494,19,58,2371
CLX,0001206774-26-000133,2026-03-10T20:15:45.000Z,2026-03-10,-0.772727,5,39,1727
CMCSA,0001628280-26-049274,2026-07-23T10:06:37.000Z,2026-07-23,-0.081481,62,73,7737
CMCSA,0000950103-26-009591,2026-06-29T13:03:51.000Z,2026-06-29,0.549296,55,16,2118
CMCSA,0001628280-26-042848,2026-06-12T20:11:34.000Z,2026-06-12,-0.666667,1,5,709
CMCSA,0000950103-26-008429,2026-06-03T12:40:40.000Z,2026-06-03,-0.6,6,24,2785
CMCSA,0000950103-26-008329,2026-06-02T20:23:51.000Z,2026-06-02,-0.371429,11,24,3238
CMCSA,0000950103-26-007759,2026-05-27T12:55:27.000Z,2026-05-27,-0.191489,19,28,4058
CMCSA,0001628280-26-026685,2026-04-23T11:08:22.000Z,2026-04-23,-0.2,48,72,7311
CMCSA,0001628280-26-017950,2026-03-16T13:36:48.000Z,2026-03-16,-0.37931,9,20,4494
CMCSA,0001628280-26-012809,2026-02-27T21:08:42.000Z,2026-02-27,0.0,1,1,559
CME,0001156375-26-000051,2026-08-11T20:44:37.000Z,2026-08-11,-0.333333,1,2,484
CME,0001156375-26-000042,2026-07-22T11:15:59.000Z,2026-07-22,-0.060606,31,35,3256
CME,0001193125-26-273442,2026-06-17T12:35:53.000Z,2026-06-17,0.525,61,19,3121
CME,0001156375-26-000035,2026-06-10T20:50:48.000Z,2026-06-10,-0.5,3,9,1002
CME,0001156375-26-000028,2026-05-19T20:21:13.000Z,2026-05-19,-0.666667,1,5,732
CME,0001156375-26-000022,2026-04-27T20:38:50.000Z,2026-04-27,-0.5,2,6,712
CME,0001156375-26-000016,2026-04-22T11:13:31.000Z,2026-04-22,-0.114754,27,34,3279
CMG,0001058090-26-000069,2026-08-05T12:55:23.000Z,2026-08-05,0.0,5,5,536
CMG,0001058090-26-000063,2026-07-29T20:10:46.000Z,2026-07-29,-0.150442,48,65,3945
CMG,0001058090-26-000058,2026-07-08T21:01:06.000Z,2026-07-08,0.333333,2,1,451
CMG,0001058090-26-000056,2026-06-16T21:31:39.000Z,2026-06-17,-0.666667,1,5,501
CMG,0001058090-26-000027,2026-04-29T20:25:32.000Z,2026-04-29,-0.090909,40,48,3833
CMG,0001058090-26-000024,2026-04-27T20:15:39.000Z,2026-04-27,0.948718,38,1,1335
CMI,0000026172-26-000026,2026-08-04T11:58:13.000Z,2026-08-04,-0.131313,43,56,4376
CMI,0000026172-26-000018,2026-05-14T18:44:55.000Z,2026-05-14,-0.4,3,7,681
CMI,0000026172-26-000013,2026-05-05T11:40:02.000Z,2026-05-05,-0.068182,41,47,4106
CMS,0001104659-26-087288,2026-07-28T10:38:12.000Z,2026-07-28,0.08046,47,40,4117
CMS,0001104659-26-070037,2026-06-03T17:40:03.000Z,2026-06-03,0.153846,15,11,1691
CMS,0001104659-26-060321,2026-05-13T20:43:36.000Z,2026-05-13,-0.666667,1,5,1615
CMS,0001104659-26-060230,2026-05-13T20:05:50.000Z,2026-05-13,-0.923077,1,25,1154
CMS,0001104659-26-049718,2026-04-28T10:38:47.000Z,2026-04-28,0.08046,47,40,4143
CNC,0001071739-26-000165,2026-08-17T10:05:42.000Z,2026-08-17,-0.194631,60,89,4419
CNC,0001071739-26-000162,2026-07-29T13:19:56.000Z,2026-07-29,-0.333333,1,2,455
CNC,0001071739-26-000154,2026-07-27T23:38:01.000Z,2026-07-28,0.03125,99,93,6333
CNC,0001071739-26-000132,2026-06-22T20:37:20.000Z,2026-06-22,0.857143,13,1,1090
CNC,0001071739-26-000117,2026-05-15T20:06:58.000Z,2026-05-15,-0.666667,1,5,642
CNC,0001071739-26-000099,2026-04-28T00:08:15.000Z,2026-04-28,-0.062937,67,76,5403
CNC,0001071739-26-000070,2026-03-24T21:15:16.000Z,2026-03-24,0.555556,7,2,638
CNC,0001071739-26-000056,2026-03-09T22:20:33.000Z,2026-03-10,-0.396825,19,44,2176
CNP,0001104659-26-089263,2026-07-31T20:42:27.000Z,2026-07-31,-0.666667,1,5,1452
CNP,0001104659-26-087279,2026-07-28T10:15:27.000Z,2026-07-28,0.003745,134,133,12647
CNP,0001104659-26-062779,2026-05-15T21:05:01.000Z,2026-05-15,-0.8,1,9,2031
CNP,0001104659-26-047123,2026-04-23T10:16:08.000Z,2026-04-23,-0.032258,120,128,11726
CNP,0001104659-26-044889,2026-04-17T20:01:27.000Z,2026-04-17,-0.833333,2,22,836
CNP,0001130310-26-000021,2026-03-19T20:04:26.000Z,2026-03-19,-0.431818,50,126,15824
CNP,0001104659-26-020626,2026-02-26T22:06:23.000Z,2026-02-26,-0.846154,1,12,1627
COF,0001193125-26-358268,2026-08-20T13:22:09.000Z,2026-08-20,-0.25,3,5,1300
COF,0000927628-26-000093,2026-08-14T21:32:29.000Z,2026-08-17,-0.857143,1,13,900
COF,0000927628-26-000084,2026-07-21T20:06:52.000Z,2026-07-21,-0.857143,1,13,899
COF,0000927628-26-000083,2026-07-21T20:05:52.000Z,2026-07-21,-0.60199,40,161,6878
COF,0000927628-26-000066,2026-06-12T21:34:10.000Z,2026-06-15,-0.857143,1,13,899
COF,0001193125-26-263735,2026-06-09T20:08:15.000Z,2026-06-09,-0.333333,1,2,732
COF,0000927628-26-000062,2026-06-08T20:05:42.000Z,2026-06-08,-0.333333,1,2,702
COF,0000927628-26-000053,2026-05-14T21:32:05.000Z,2026-05-15,-0.857143,1,13,899
COF,0000927628-26-000050,2026-05-08T21:27:19.000Z,2026-05-08,-0.5,1,3,853
COF,0001193125-26-171745,2026-04-23T10:15:27.000Z,2026-04-23,-0.333333,1,2,669
COF,0000927628-26-000040,2026-04-21T20:06:15.000Z,2026-04-21,-0.857143,1,13,899
COF,0000927628-26-000039,2026-04-21T20:05:29.000Z,2026-04-21,-0.616162,38,160,6469
COF,0001193125-26-145764,2026-04-07T21:19:10.000Z,2026-04-07,-0.333333,1,2,770
COF,0000927628-26-000028,2026-03-13T21:34:38.000Z,2026-03-16,-0.857143,1,13,899
COHR,0001193125-26-346860,2026-08-12T20:10:13.000Z,2026-08-12,-0.270125,204,355,13559
COHR,0001193125-26-208972,2026-05-06T20:10:58.000Z,2026-05-06,-0.25641,58,98,6160
COHR,0001193125-26-187297,2026-04-28T20:33:36.000Z,2026-04-28,0.5,3,1,425
COHR,0001193125-26-084366,2026-03-02T14:00:50.000Z,2026-03-02,0.111111,25,20,2226
COIN,0001679788-26-000087,2026-07-30T20:06:18.000Z,2026-07-30,-0.194444,87,129,9576
COIN,0001679788-26-000080,2026-07-23T20:04:30.000Z,2026-07-23,0.0,3,3,629
COIN,0001193125-26-299667,2026-07-09T20:01:16.000Z,2026-07-09,0.0,3,3,630
COIN,0001679788-26-000075,2026-06-18T21:11:03.000Z,2026-06-18,0.0,2,2,738
COIN,0001679788-26-000053,2026-05-07T20:11:02.000Z,2026-05-07,-0.181208,61,88,5934
COIN,0001679788-26-000049,2026-05-05T10:57:33.000Z,2026-05-05,-0.555556,2,7,783
COIN,0001679788-26-000035,2026-04-10T20:08:57.000Z,2026-04-10,0.5,3,1,499
COO,0001628280-26-040823,2026-06-04T20:27:28.000Z,2026-06-04,-0.524476,34,109,4313
COO,0001628280-26-029853,2026-05-04T20:30:44.000Z,2026-05-04,0.6,16,4,1257
COO,0001628280-26-024273,2026-04-08T20:53:52.000Z,2026-04-08,-0.6,1,4,562
COO,0001628280-26-015231,2026-03-05T21:27:49.000Z,2026-03-05,-0.293103,41,75,3874
COP,0001104659-26-094062,2026-08-11T20:15:53.000Z,2026-08-11,-0.175258,40,57,2713
COP,0001163165-26-000030,2026-08-06T11:23:39.000Z,2026-08-06,-0.441558,43,111,4707
COP,0001104659-26-076836,2026-06-23T20:30:56.000Z,2026-06-23,0.333333,2,1,355
COP,0001104659-26-061130,2026-05-14T20:00:29.000Z,2026-05-14,-0.666667,1,5,561
COP,0001163165-26-000016,2026-04-30T11:31:38.000Z,2026-04-30,-0.486842,39,113,4546
COR,0001104659-26-097096,2026-08-14T20:06:06.000Z,2026-08-14,-0.333333,2,4,501
COR,0001104659-26-094676,2026-08-12T16:38:08.000Z,2026-08-12,-0.333333,2,4,709
COR,0001104659-26-090691,2026-08-05T10:45:30.000Z,2026-08-05,-0.909091,1,21,1317
COR,0001140859-26-000032,2026-08-05T10:32:19.000Z,2026-08-05,-0.304813,65,122,7000
COR,0001104659-26-074102,2026-06-15T21:00:27.000Z,2026-06-15,0.764706,30,4,1229
COR,0001104659-26-068357,2026-05-29T21:10:04.000Z,2026-05-29,0.090909,42,35,3254
COR,0001140859-26-000018,2026-05-06T10:32:42.000Z,2026-05-06,-0.364162,55,118,6905
COR,0001104659-26-033022,2026-03-23T11:30:27.000Z,2026-03-23,0.321429,37,19,2230
COR,0001104659-26-029039,2026-03-17T12:45:16.000Z,2026-03-17,0.384615,18,8,1617
COR,0001140859-26-000014,2026-03-06T21:16:32.000Z,2026-03-06,-0.6,1,4,658
COST,0000909832-26-000060,2026-07-08T20:18:27.000Z,2026-07-08,-0.2,4,6,988
COST,0000909832-26-000046,2026-05-28T20:17:32.000Z,2026-05-28,0.0,13,13,2094
COST,0000909832-26-000041,2026-04-15T20:16:27.000Z,2026-04-15,-0.5,2,6,866
COST,0000909832-26-000025,2026-03-05T21:19:07.000Z,2026-03-05,0.076923,14,12,2216
CPAY,0001175454-26-000045,2026-08-05T20:13:01.000Z,2026-08-05,-0.182796,38,55,4737
CPAY,0001175454-26-000042,2026-07-24T20:58:53.000Z,2026-07-24,-0.25,3,5,654
CPAY,0001175454-26-000040,2026-05-22T20:15:16.000Z,2026-05-22,0.2,9,6,1749
CPAY,0001175454-26-000036,2026-05-12T21:01:59.000Z,2026-05-12,0.0,1,1,549
CPAY,0001175454-26-000034,2026-05-12T20:15:48.000Z,2026-05-12,-0.882353,1,16,560
CPAY,0001175454-26-000029,2026-05-07T20:14:35.000Z,2026-05-07,-0.213483,35,54,4575
CPAY,0001175454-26-000027,2026-04-27T12:33:06.000Z,2026-04-27,-0.485714,9,26,1168
CPAY,0001175454-26-000015,2026-02-26T22:26:25.000Z,2026-02-26,-0.333333,1,2,791
CPRT,0001193125-26-354640,2026-08-18T10:01:08.000Z,2026-08-18,0.571429,11,3,1403
CPRT,0001193125-26-298722,2026-07-08T21:22:41.000Z,2026-07-08,0.806452,28,3,1327
CPRT,0001193125-26-286982,2026-06-29T13:15:01.000Z,2026-06-29,-0.058824,16,18,1833
CPRT,0001193125-26-234447,2026-05-21T20:16:22.000Z,2026-05-21,-0.454545,3,8,1768
CPT,0001628280-26-051942,2026-08-03T21:02:21.000Z,2026-08-03,0.5,3,1,410
CPT,0001628280-26-051083,2026-07-30T20:26:21.000Z,2026-07-30,0.119565,103,81,12197
CPT,0001193125-26-266936,2026-06-11T15:16:27.000Z,2026-06-11,0.333333,4,2,577
CPT,0001628280-26-032820,2026-05-08T20:01:31.000Z,2026-05-08,-0.571429,3,11,623
CPT,0001628280-26-028942,2026-04-30T20:34:58.000Z,2026-04-30,0.131868,103,79,10946
CPT,0001193125-26-196189,2026-04-30T18:00:14.000Z,2026-04-30,-0.25,3,5,1865
CPT,0001628280-26-024527,2026-04-09T21:07:11.000Z,2026-04-09,-0.8,4,36,1515
CPT,0001193125-26-127725,2026-03-27T12:51:22.000Z,2026-03-27,-0.513761,265,825,46364
CPT,0001193125-26-115667,2026-03-19T17:53:28.000Z,2026-03-19,-0.557307,309,1087,62233
CRH,0001628280-26-050752,2026-07-30T10:05:03.000Z,2026-07-30,-0.109756,73,91,5333
CRH,0001628280-26-048660,2026-07-17T20:11:35.000Z,2026-07-17,-0.666667,4,20,1411
CRH,0001193125-26-276686,2026-06-22T11:03:14.000Z,2026-06-22,-0.294545,97,178,9201
CRH,0001628280-26-043417,2026-06-16T12:03:53.000Z,2026-06-16,0.684211,16,3,1324
CRH,0001628280-26-037252,2026-05-21T20:07:54.000Z,2026-05-21,-0.8,1,9,625
CRH,0001628280-26-035552,2026-05-15T20:05:49.000Z,2026-05-15,0.294118,33,18,2070
CRH,0001628280-26-032325,2026-05-07T21:15:57.000Z,2026-05-07,-0.894737,1,18,977
CRH,0001628280-26-029318,2026-05-01T20:05:50.000Z,2026-05-01,-0.75,1,7,556
CRH,0001628280-26-028554,2026-04-30T10:03:41.000Z,2026-04-30,-0.273684,69,121,5198
CRH,0001628280-26-014635,2026-03-04T21:14:31.000Z,2026-03-04,-0.666667,1,5,542
CRL,0001100682-26-000115,2026-08-05T11:15:21.000Z,2026-08-05,-0.157303,75,103,5582
CRL,0000950103-26-007060,2026-05-11T21:01:28.000Z,2026-05-11,-0.666667,1,5,712
CRL,0001100682-26-000036,2026-05-07T11:14:58.000Z,2026-05-07,-0.329193,54,107,5258
CRL,0001628280-26-011395,2026-02-25T12:34:10.000Z,2026-02-25,-0.744681,6,41,1764
CRM,0001108524-26-000187,2026-08-26T20:03:53.000Z,2026-08-26,-0.233645,41,66,6601
CRM,0001108524-26-000160,2026-08-05T20:36:56.000Z,2026-08-05,0.111111,5,4,597
CRM,0001108524-26-000138,2026-06-02T20:15:12.000Z,2026-06-02,0.2,3,2,664
CRM,0001108524-26-000131,2026-06-01T20:43:09.000Z,2026-06-01,-0.888889,1,17,798
CRM,0001108524-26-000125,2026-05-27T20:18:26.000Z,2026-05-27,-0.291667,34,62,6264
CRM,0001193125-26-107403,2026-03-16T13:13:09.000Z,2026-03-16,-0.111111,4,5,1064
CRM,0001193125-26-106356,2026-03-13T20:59:32.000Z,2026-03-13,-0.846154,1,12,1276
CRM,0001193125-26-104282,2026-03-12T20:32:21.000Z,2026-03-12,-0.617021,9,38,2879
CRM,0001108524-26-000062,2026-03-06T21:15:12.000Z,2026-03-06,-0.2,2,3,523
CRM,0001108524-26-000056,2026-02-25T21:03:12.000Z,2026-02-25,-0.285714,35,63,6436
CRWD,0001535527-26-000029,2026-08-26T20:07:02.000Z,2026-08-26,-0.243697,45,74,5784
CRWD,0001104659-26-076376,2026-06-22T20:10:10.000Z,2026-06-22,-0.8,2,18,912
CRWD,0001535527-26-000022,2026-06-03T20:06:20.000Z,2026-06-03,-0.289855,49,89,6354
CRWD,0001535527-26-000018,2026-04-20T22:53:18.000Z,2026-04-21,0.22807,35,22,2550
CRWD,0001535527-26-000013,2026-04-06T12:31:22.000Z,2026-04-06,-0.5,4,12,1301
CRWD,0001535527-26-000007,2026-03-03T21:06:26.000Z,2026-03-03,-0.220588,53,83,6424
CSCO,0000858877-26-000106,2026-08-12T20:07:06.000Z,2026-08-12,-0.345455,54,111,5699
CSCO,0000858877-26-000075,2026-05-13T20:06:53.000Z,2026-05-13,-0.359116,58,123,5909
CSCO,0000858877-26-000057,2026-05-01T20:05:06.000Z,2026-05-01,0.333333,4,2,655
CSCO,0000858877-26-000048,2026-04-06T20:29:18.000Z,2026-04-06,-0.2,4,6,824
CSGP,0001057352-26-000072,2026-08-21T20:03:36.000Z,2026-08-21,0.563636,43,12,2201
CSGP,0001057352-26-000061,2026-07-28T20:05:38.000Z,2026-07-28,-0.5,31,93,4602
CSGP,0001057352-26-000054,2026-07-13T21:06:31.000Z,2026-07-13,0.082569,59,50,2972
CSGP,0001057352-26-000048,2026-06-25T13:00:20.000Z,2026-06-25,-0.265823,29,50,2527
CSGP,0001193125-26-246361,2026-05-29T12:05:09.000Z,2026-05-29,0.245283,33,20,2213
CSGP,0001057352-26-000030,2026-04-28T20:05:10.000Z,2026-04-28,-0.544715,28,95,4394
CSGP,0001057352-26-000024,2026-03-16T10:05:44.000Z,2026-03-16,-0.146667,32,43,2167
CSX,0000277948-26-000031,2026-07-22T20:01:13.000Z,2026-07-22,-0.012987,38,39,4901
CSX,0000950103-26-007181,2026-05-14T13:30:30.000Z,2026-05-14,-0.142857,3,4,753
CSX,0000277948-26-000013,2026-04-22T20:01:16.000Z,2026-04-22,0.146341,47,35,4624
CTAS,0000950103-26-011666,2026-08-03T20:15:31.000Z,2026-08-03,0.142857,4,3,707
CTAS,0000723254-26-000025,2026-07-15T12:31:16.000Z,2026-07-15,-0.319149,16,31,3450
CTAS,0000950103-26-008890,2026-06-12T12:01:01.000Z,2026-06-12,-0.5,19,57,2384
CTAS,0000723254-26-000010,2026-03-31T11:56:02.000Z,2026-03-31,-0.857143,1,13,1081
CTAS,0000723254-26-000006,2026-03-25T12:31:08.000Z,2026-03-25,-0.183673,20,29,3145
CTAS,0000950103-26-003567,2026-03-11T10:39:00.000Z,2026-03-11,-0.289855,196,356,21504
CTSH,0001058290-26-000030,2026-07-29T10:35:10.000Z,2026-07-29,0.19598,119,80,10160
CTSH,0001058290-26-000025,2026-07-10T21:13:29.000Z,2026-07-10,-0.80525,115,1066,22027
CTSH,0001058290-26-000022,2026-06-03T20:07:23.000Z,2026-06-03,-0.666667,1,5,687
CTSH,0001058290-26-000020,2026-05-21T10:36:12.000Z,2026-05-21,-0.333333,1,2,510
CTSH,0001058290-26-000018,2026-05-18T12:05:48.000Z,2026-05-18,0.047619,11,10,1404
CTSH,0001058290-26-000015,2026-04-29T10:49:51.000Z,2026-04-29,0.219512,125,80,9004
CTSH,0001058290-26-000010,2026-02-26T12:36:33.000Z,2026-02-26,0.0,1,1,393
CTVA,0001193125-26-359264,2026-08-20T20:32:47.000Z,2026-08-20,-0.5,2,6,1199
CTVA,0001193125-26-358064,2026-08-20T12:00:17.000Z,2026-08-20,-0.3,14,26,3141
CTVA,0001193125-26-352659,2026-08-14T21:25:30.000Z,2026-08-14,-0.6,2,8,838
CTVA,0001193125-26-338406,2026-08-06T21:05:45.000Z,2026-08-06,-0.506849,54,165,13944
CTVA,0001755672-26-000022,2026-07-30T20:44:01.000Z,2026-07-30,-0.145763,126,169,7266
CTVA,0001193125-26-288755,2026-06-29T21:23:51.000Z,2026-06-29,0.09375,35,29,2700
CTVA,0001755672-26-000008,2026-05-05T20:41:21.000Z,2026-05-05,-0.103943,125,154,6333
CTVA,0001755672-26-000006,2026-05-01T20:21:31.000Z,2026-05-01,-0.6,1,4,614
CTVA,0001193125-26-153947,2026-04-14T12:35:24.000Z,2026-04-14,0.393939,92,40,4476
CVNA,0001690820-26-000059,2026-08-14T20:55:24.000Z,2026-08-14,-0.818182,2,20,1594
CVNA,0001690820-26-000054,2026-07-29T20:05:47.000Z,2026-07-29,0.547445,106,31,6902
CVNA,0001690820-26-000039,2026-05-06T20:48:07.000Z,2026-05-06,-0.411765,5,12,1242
CVNA,0001690820-26-000034,2026-04-29T20:05:54.000Z,2026-04-29,0.446809,102,39,6918
CVS,0001193125-26-354096,2026-08-17T20:19:58.000Z,2026-08-17,0.736842,33,5,1516
CVS,0000064803-26-000097,2026-08-05T10:32:06.000Z,2026-08-05,-0.312977,45,86,5817
CVS,0000064803-26-000082,2026-05-18T20:13:58.000Z,2026-05-18,-0.5,1,3,890
CVS,0000064803-26-000051,2026-05-06T10:31:25.000Z,2026-05-06,-0.155172,49,67,5554
CVS,0000064803-26-000017,2026-03-19T20:08:15.000Z,2026-03-19,0.6,4,1,709
CVX,0000093410-26-000162,2026-07-31T10:16:46.000Z,2026-07-31,-0.311475,42,80,4324
CVX,0000093410-26-000125,2026-05-29T14:12:25.000Z,2026-05-29,-0.818182,1,10,685
CVX,0000093410-26-000123,2026-05-29T13:13:55.000Z,2026-05-29,0.0,2,2,406
CVX,0000093410-26-000110,2026-05-01T10:16:43.000Z,2026-05-01,-0.396552,35,81,4207
CVX,0000093410-26-000108,2026-04-09T11:00:12.000Z,2026-04-09,-0.584906,11,42,1967
CVX,0000093410-26-000103,2026-03-25T20:36:44.000Z,2026-03-25,0.0,3,3,555
D,0001193125-26-364045,2026-08-25T10:01:47.000Z,2026-08-25,-0.466667,24,66,10026
D,0001193125-26-326812,2026-07-31T11:31:04.000Z,2026-07-31,-0.421687,24,59,3404
D,0001193125-26-272001,2026-06-16T14:22:19.000Z,2026-06-16,0.333333,2,1,825
D,0001193125-26-258533,2026-06-05T13:26:07.000Z,2026-06-05,0.333333,2,1,625
D,0001193125-26-235041,2026-05-21T22:30:34.000Z,2026-05-22,-0.298701,27,50,2878
D,0001193125-26-227930,2026-05-18T12:08:12.000Z,2026-05-18,0.345133,304,148,19771
D,0001193125-26-212457,2026-05-07T21:23:36.000Z,2026-05-07,-0.75,1,7,645
D,0001193125-26-199099,2026-05-01T11:31:06.000Z,2026-05-01,-0.394737,23,53,3235
D,0001193125-26-147495,2026-04-08T19:46:11.000Z,2026-04-08,0.0,2,2,594
DAL,0000027904-26-000029,2026-07-10T10:30:10.000Z,2026-07-10,0.151079,80,59,6283
DAL,0001683168-26-005025,2026-06-22T20:30:29.000Z,2026-06-22,-0.777778,1,8,596
DAL,0001683168-26-004816,2026-06-12T20:30:45.000Z,2026-06-12,-0.714286,1,6,846
DAL,0000027904-26-000020,2026-04-08T10:30:17.000Z,2026-04-08,0.115152,92,73,5868
DAL,0001683168-26-001875,2026-03-17T10:40:01.000Z,2026-03-17,-0.21519,31,48,3184
DAL,0001683168-26-001510,2026-03-05T13:06:46.000Z,2026-03-05,0.793103,26,3,1421
DASH,0001140361-26-032235,2026-08-11T20:09:11.000Z,2026-08-11,0.333333,2,1,841
DASH,0001792789-26-000048,2026-08-05T20:12:32.000Z,2026-08-05,0.254237,74,44,7423
DASH,0001792789-26-000040,2026-06-11T21:57:18.000Z,2026-06-12,-0.6,1,4,668
DASH,0001792789-26-000036,2026-05-06T20:10:12.000Z,2026-05-06,-0.012346,40,41,6066
DD,0001666700-26-000049,2026-08-04T10:08:03.000Z,2026-08-04,-0.373494,52,114,6440
DD,0001666700-26-000046,2026-06-24T20:39:22.000Z,2026-06-24,-0.5,3,9,678
DD,0001666700-26-000034,2026-05-26T20:19:37.000Z,2026-05-26,-0.310345,10,19,2117
DD,0001666700-26-000029,2026-05-05T10:08:04.000Z,2026-05-05,-0.452055,40,106,5848
DD,0001666700-26-000025,2026-04-15T20:14:11.000Z,2026-04-15,-0.333333,2,4,446
DD,0001666700-26-000023,2026-03-18T21:18:13.000Z,2026-03-18,0.047619,11,10,1830
DD,0001666700-26-000016,2026-03-16T20:34:56.000Z,2026-03-16,-0.473684,5,14,986
DDOG,0001628280-26-053829,2026-08-06T11:07:37.000Z,2026-08-06,-0.255814,16,27,3960
DDOG,0001628280-26-043590,2026-06-16T20:44:37.000Z,2026-06-16,-0.714286,1,6,610
DDOG,0001628280-26-031677,2026-05-07T11:05:30.000Z,2026-05-07,-0.103448,26,32,4250
DDOG,0001193125-26-168261,2026-04-22T10:42:36.000Z,2026-04-22,-0.272727,4,7,1423
DDOG,0001628280-26-013236,2026-03-02T21:20:28.000Z,2026-03-02,-0.6,1,4,690
DE,0001104659-26-098904,2026-08-20T10:00:40.000Z,2026-08-20,-0.439394,37,95,5851
DE,0001104659-26-083910,2026-07-15T20:38:29.000Z,2026-07-15,-0.333333,1,2,969
DE,0001104659-26-068930,2026-06-01T20:15:26.000Z,2026-06-01,-0.333333,1,2,470
DE,0001104659-26-064747,2026-05-21T10:00:38.000Z,2026-05-21,-0.503759,33,100,5649
DE,0001104659-26-053322,2026-05-01T10:00:58.000Z,2026-05-01,0.2,6,4,1231
DE,0001104659-26-028536,2026-03-16T20:43:38.000Z,2026-03-16,-0.411765,5,12,1139
DE,0001104659-26-021272,2026-02-27T16:03:51.000Z,2026-02-27,-0.75,1,7,653
DECK,0000910521-26-000015,2026-07-23T20:07:23.000Z,2026-07-23,0.285714,18,10,2349
DECK,0000910521-26-000007,2026-05-21T20:06:39.000Z,2026-05-21,0.483871,23,8,2786
DELL,0001193125-26-296224,2026-07-06T20:22:22.000Z,2026-07-06,0.0,5,5,742
DELL,0001571996-26-000036,2026-07-01T10:47:07.000Z,2026-07-01,-0.166667,10,14,2005
DELL,0001571996-26-000032,2026-06-17T20:18:29.000Z,2026-06-17,-0.333333,1,2,687
DELL,0001193125-26-272720,2026-06-16T20:36:39.000Z,2026-06-16,-0.818182,1,10,1485
DELL,0001193125-26-269594,2026-06-12T20:45:04.000Z,2026-06-12,-0.6,1,4,781
DELL,0001193125-26-265877,2026-06-10T20:19:53.000Z,2026-06-10,-0.636364,2,9,962
DELL,0001571996-26-000021,2026-05-28T20:15:39.000Z,2026-05-28,-0.319149,16,31,3715
DELL,0001571996-26-000013,2026-04-20T20:20:27.000Z,2026-04-20,-0.333333,1,2,685
DELL,0001571996-26-000003,2026-02-26T21:08:45.000Z,2026-02-26,-0.428571,14,35,4084
DG,0001104659-26-069198,2026-06-02T10:54:17.000Z,2026-06-02,-0.47541,32,90,4753
DG,0001104659-26-033643,2026-03-24T13:07:37.000Z,2026-03-24,0.157895,44,32,3267
DG,0001104659-26-026697,2026-03-12T11:00:18.000Z,2026-03-12,-0.373134,42,92,4881
DGX,0001022079-26-000067,2026-07-23T10:46:37.000Z,2026-07-23,-0.04918,29,32,3117
DGX,0001022079-26-000052,2026-05-21T20:48:35.000Z,2026-05-21,-0.714286,1,6,500
DGX,0001104659-26-057938,2026-05-08T20:15:23.000Z,2026-05-08,-0.333333,2,4,776
DGX,0001104659-26-054141,2026-05-01T20:15:25.000Z,2026-05-01,-0.411765,5,12,1126
DGX,0001022079-26-000040,2026-04-21T10:48:47.000Z,2026-04-21,-0.130435,20,26,2840
DGX,0000947871-26-000244,2026-03-12T20:30:56.000Z,2026-03-12,0.8,18,2,1082
DHI,0000882184-26-000092,2026-07-21T15:54:47.000Z,2026-07-21,-0.28,18,32,3892
DHI,0000882184-26-000087,2026-05-12T13:45:26.000Z,2026-05-12,-0.5,2,6,731
DHI,0000882184-26-000062,2026-04-21T16:11:57.000Z,2026-04-21,-0.236364,21,34,3924
DHI,0000882184-26-000053,2026-03-31T21:15:01.000Z,2026-03-31,0.0,3,3,875
DHR,0001193125-26-330652,2026-08-03T20:27:19.000Z,2026-08-03,-0.041916,80,87,5456
DHR,0000313616-26-000163,2026-07-20T21:55:01.000Z,2026-07-21,-0.08,46,54,5204
DHR,0001193125-26-255555,2026-06-03T20:30:18.000Z,2026-06-03,-0.666667,1,5,1026
DHR,0000313616-26-000127,2026-05-07T20:36:15.000Z,2026-05-07,-0.75,1,7,891
DHR,0001193125-26-191608,2026-04-29T20:14:44.000Z,2026-04-29,-0.684211,3,16,1870
DHR,0000313616-26-000109,2026-04-20T21:44:45.000Z,2026-04-21,0.0,48,48,4184
DHR,0001193125-26-160383,2026-04-17T12:28:34.000Z,2026-04-17,-0.428571,4,10,1101
DIS,0001744489-26-000056,2026-08-05T10:30:54.000Z,2026-08-05,0.23741,86,53,8061
DIS,0001744489-26-000036,2026-05-06T10:40:14.000Z,2026-05-06,0.272727,105,60,7259
DIS,0001628280-26-020172,2026-03-20T20:16:26.000Z,2026-03-20,-0.6,2,8,719
DIS,0001193125-26-088356,2026-03-03T21:31:22.000Z,2026-03-03,-0.241379,11,18,1274
DLR,0001193125-26-357083,2026-08-19T20:58:42.000Z,2026-08-19,-0.5,1,3,609
DLR,0001104659-26-086270,2026-07-23T20:18:24.000Z,2026-07-23,-0.295522,118,217,17892
DLR,0001193125-26-292577,2026-07-01T20:16:39.000Z,2026-07-01,-0.6,2,8,1097
DLR,0001193125-26-288761,2026-06-29T21:25:42.000Z,2026-06-29,0.127273,31,24,3071
DLR,0001193125-26-276844,2026-06-22T13:17:15.000Z,2026-06-22,-0.285714,35,63,4444
DLR,0001104659-26-068907,2026-06-01T20:05:47.000Z,2026-06-01,-0.428571,2,5,554
DLR,0001193125-26-202581,2026-05-04T11:43:01.000Z,2026-05-04,-0.454545,3,8,2329
DLR,0001104659-26-047702,2026-04-23T20:11:27.000Z,2026-04-23,-0.292308,115,210,16942
DLTR,0000935703-26-000101,2026-08-06T20:07:14.000Z,2026-08-06,-0.333333,1,2,664
DLTR,0000935703-26-000075,2026-07-02T11:43:20.000Z,2026-07-02,-0.142857,3,4,1052
DLTR,0000935703-26-000071,2026-06-23T11:37:21.000Z,2026-06-23,-0.5,2,6,641
DLTR,0000935703-26-000064,2026-05-28T10:31:08.000Z,2026-05-28,0.010753,47,46,4344
DLTR,0000935703-26-000059,2026-05-07T20:19:17.000Z,2026-05-07,-0.333333,1,2,666
DLTR,0000935703-26-000027,2026-03-23T20:06:06.000Z,2026-03-23,-0.818182,1,10,939
DLTR,0000935703-26-000024,2026-03-16T10:30:32.000Z,2026-03-16,-0.522388,32,102,5135
DOC,0001628280-26-052608,2026-08-04T20:19:14.000Z,2026-08-04,-0.448819,105,276,14395
DOC,0001628280-26-030561,2026-05-05T20:16:40.000Z,2026-05-05,-0.461988,92,250,13061
DOC,0000765880-26-000002,2026-05-04T20:30:36.000Z,2026-05-04,-0.6,1,4,574
DOC,0001104659-26-033312,2026-03-23T20:13:36.000Z,2026-03-23,-0.714286,4,24,1561
DOC,0001104659-26-020982,2026-02-27T12:15:47.000Z,2026-02-27,-0.333333,1,2,443
DOV,0000029905-26-000026,2026-07-23T11:00:14.000Z,2026-07-23,-0.111111,40,50,3788
DOV,0001193125-26-219689,2026-05-12T20:46:54.000Z,2026-05-12,-0.714286,1,6,590
DOV,0000029905-26-000014,2026-04-23T10:58:20.000Z,2026-04-23,-0.181818,36,52,3640
DOV,0001193125-26-147940,2026-04-08T21:13:37.000Z,2026-04-08,-0.846154,2,24,1990
DOW,0001751788-26-000144,2026-07-23T10:59:27.000Z,2026-07-23,-0.268817,68,118,5615
DOW,0001193125-26-300937,2026-07-10T20:19:44.000Z,2026-07-10,0.0,1,1,507
DOW,0001751788-26-000131,2026-04-23T10:58:21.000Z,2026-04-23,-0.307692,54,102,4692
DOW,0001193125-26-153769,2026-04-14T10:35:07.000Z,2026-04-14,0.325843,59,30,4002
DPZ,0001286681-26-000034,2026-07-20T10:05:16.000Z,2026-07-20,-0.13253,36,47,4912
DPZ,0001286681-26-000029,2026-07-14T20:15:16.000Z,2026-07-14,0.555556,35,10,2104
DPZ,0001193125-26-277510,2026-06-22T20:05:13.000Z,2026-06-22,0.540984,47,14,2649
DPZ,0001286681-26-000026,2026-04-27T20:05:17.000Z,2026-04-27,0.333333,4,2,489
DPZ,0001286681-26-000024,2026-04-27T10:05:17.000Z,2026-04-27,-0.162791,36,50,4809
DPZ,0001286681-26-000021,2026-04-24T20:05:16.000Z,2026-04-24,-0.777778,1,8,879
DRI,0000940944-26-000016,2026-06-25T11:04:45.000Z,2026-06-25,-0.628319,21,92,3433
DRI,0000940944-26-000005,2026-03-19T11:06:37.000Z,2026-03-19,-0.628866,18,79,2786
DTE,0000936340-26-000148,2026-07-31T20:17:22.000Z,2026-07-31,-0.298969,34,63,6216
DTE,0000936340-26-000144,2026-07-28T10:48:41.000Z,2026-07-28,0.253886,121,72,7217
DTE,0000936340-26-000129,2026-06-22T20:22:54.000Z,2026-06-22,-0.5,1,3,776
DTE,0000936340-26-000126,2026-06-18T20:18:28.000Z,2026-06-18,-0.5,1,3,618
DTE,0000936340-26-000122,2026-06-05T20:17:06.000Z,2026-06-05,-0.5,1,3,776
DTE,0000936340-26-000119,2026-05-15T20:15:11.000Z,2026-05-15,0.289256,78,43,4160
DTE,0000936340-26-000115,2026-05-12T20:19:26.000Z,2026-05-12,-0.5,1,3,607
DTE,0000936340-26-000083,2026-05-01T20:16:19.000Z,2026-05-01,-0.295455,31,57,5923
DTE,0000936340-26-000079,2026-04-30T10:49:02.000Z,2026-04-30,0.28934,127,70,6767
DTE,0000936340-26-000071,2026-03-23T20:16:04.000Z,2026-03-23,0.339286,75,37,3795
DTE,0000936340-26-000068,2026-03-17T20:32:48.000Z,2026-03-17,-0.666667,1,5,793
DTE,0000936340-26-000060,2026-03-09T20:16:16.000Z,2026-03-09,-0.5,1,3,767
DTE,0000936340-26-000058,2026-02-27T21:17:30.000Z,2026-02-27,-0.073171,114,132,14987
DUK,0001104659-26-095903,2026-08-13T20:06:33.000Z,2026-08-13,-0.619753,77,328,20242
DUK,0001104659-26-091159,2026-08-05T20:31:05.000Z,2026-08-05,0.076923,7,6,1908
DUK,0001326160-26-000037,2026-08-03T21:47:32.000Z,2026-08-04,-0.232,96,154,9168
DUK,0001104659-26-084653,2026-07-17T20:29:26.000Z,2026-07-17,-0.448276,8,21,2213
DUK,0001104659-26-080476,2026-07-02T23:56:10.000Z,2026-07-06,-0.68,4,21,1765
DUK,0001104659-26-060251,2026-05-13T20:15:31.000Z,2026-05-13,-0.866667,1,14,875
DUK,0001326160-26-000022,2026-05-04T23:00:49.000Z,2026-05-05,-0.077844,77,90,7872
DUK,0001104659-26-038007,2026-03-31T23:37:00.000Z,2026-04-01,-0.038462,25,27,3366
DUK,0001104659-26-028490,2026-03-16T20:18:29.000Z,2026-03-16,-0.875,5,75,1109
DUK,0001104659-26-027080,2026-03-12T20:22:20.000Z,2026-03-12,-0.833333,1,11,1461
DUK,0001104659-26-025530,2026-03-10T10:51:51.000Z,2026-03-10,-0.458333,13,35,2952
DUK,0001104659-26-024945,2026-03-09T11:05:44.000Z,2026-03-09,-0.391304,14,32,2541
DUK,0001104659-26-024729,2026-03-06T21:23:08.000Z,2026-03-06,-0.587678,87,335,30287
DUK,0001104659-26-022610,2026-03-03T14:48:04.000Z,2026-03-03,-0.142857,27,36,1321
DVA,0000927066-26-000105,2026-08-04T20:08:24.000Z,2026-08-04,-0.293103,41,75,6399
DVA,0001206774-26-000316,2026-06-08T20:33:52.000Z,2026-06-08,-0.384615,4,9,1371
DVA,0000927066-26-000060,2026-05-05T20:09:12.000Z,2026-05-05,-0.291339,45,82,6475
DVN,0001193125-26-359267,2026-08-20T20:34:19.000Z,2026-08-20,0.666667,5,1,503
DVN,0001193125-26-332824,2026-08-04T20:11:54.000Z,2026-08-04,-0.120879,40,51,4952
DVN,0001193125-26-290829,2026-06-30T21:17:56.000Z,2026-06-30,-0.6,1,4,606
DVN,0001193125-26-282884,2026-06-25T20:34:24.000Z,2026-06-25,-0.428571,2,5,1442
DVN,0001193125-26-259922,2026-06-05T21:10:31.000Z,2026-06-05,0.333333,2,1,576
DVN,0001193125-26-235632,2026-05-22T13:39:12.000Z,2026-05-22,-0.243243,14,23,3328
DVN,0001193125-26-233515,2026-05-21T12:19:49.000Z,2026-05-21,0.315789,25,13,1699
DVN,0001193125-26-211971,2026-05-07T20:16:26.000Z,2026-05-07,0.380282,49,22,4040
DVN,0001193125-26-206689,2026-05-05T20:58:27.000Z,2026-05-05,-0.0625,45,51,4601
DVN,0001193125-26-204738,2026-05-05T01:17:54.000Z,2026-05-05,-0.142857,6,8,1208
DVN,0001193125-26-177153,2026-04-24T20:05:59.000Z,2026-04-24,-0.753846,8,57,4348
DVN,0001193125-26-151250,2026-04-10T20:07:33.000Z,2026-04-10,-0.235294,13,21,3681
DVN,0001193125-26-140060,2026-04-02T20:05:47.000Z,2026-04-02,-0.5,11,33,2107
DVN,0001193125-26-122224,2026-03-24T21:19:48.000Z,2026-03-24,-0.75,1,7,644
DXCM,0001093557-26-000142,2026-07-30T20:03:41.000Z,2026-07-30,-0.206897,23,35,3314
DXCM,0001093557-26-000105,2026-05-28T21:15:16.000Z,2026-05-28,-0.75,1,7,644
DXCM,0001093557-26-000085,2026-05-14T23:31:55.000Z,2026-05-15,-0.272727,4,7,1067
DXCM,0001093557-26-000072,2026-04-30T20:02:43.000Z,2026-04-30,-0.283019,19,34,3230
DXCM,0001093557-26-000038,2026-03-02T21:15:56.000Z,2026-03-02,0.384615,9,4,709
DXCM,0001093557-26-000031,2026-02-26T21:15:59.000Z,2026-02-26,0.73913,20,3,1333
EBAY,0001065088-26-000174,2026-08-05T20:07:47.000Z,2026-08-05,0.102362,70,57,5744
EBAY,0001065088-26-000135,2026-06-18T20:01:10.000Z,2026-06-18,-0.666667,1,5,689
EBAY,0001552781-26-000322,2026-05-12T10:02:50.000Z,2026-05-12,0.269231,33,19,2282
EBAY,0001552781-26-000302,2026-05-05T21:30:09.000Z,2026-05-05,0.428571,15,6,1334
EBAY,0001065088-26-000092,2026-04-29T20:07:05.000Z,2026-04-29,-0.009174,54,55,5560
EBAY,0001065088-26-000060,2026-03-24T20:06:09.000Z,2026-03-24,0.894737,18,1,1211
ECHO,0001415404-26-000042,2026-08-07T20:20:50.000Z,2026-08-07,0.219048,64,41,11884
ECHO,0001415404-26-000038,2026-08-03T10:18:12.000Z,2026-08-03,-0.567568,8,29,1749
ECHO,0001415404-26-000035,2026-07-28T20:14:16.000Z,2026-07-28,-0.571429,6,22,1188
ECHO,0001104659-26-080994,2026-07-07T13:01:26.000Z,2026-07-07,-0.2,2,3,642
ECHO,0001415404-26-000030,2026-06-25T20:13:23.000Z,2026-06-25,-0.5,3,9,630
ECHO,0001415404-26-000027,2026-06-18T21:19:52.000Z,2026-06-18,-0.684211,3,16,698
ECHO,0001415404-26-000020,2026-06-01T12:21:01.000Z,2026-06-01,-0.714286,2,12,673
ECHO,0001415404-26-000013,2026-05-22T20:27:32.000Z,2026-05-22,-0.846154,2,24,768
ECHO,0001415404-26-000006,2026-03-19T12:13:16.000Z,2026-03-19,-0.933333,1,29,813
ECL,0001628280-26-049933,2026-07-28T12:01:07.000Z,2026-07-28,0.436893,296,116,10076
ECL,0001104659-26-068276,2026-05-29T20:16:02.000Z,2026-05-29,-0.636364,2,9,1329
ECL,0001104659-26-058710,2026-05-11T20:46:52.000Z,2026-05-11,-0.333333,3,6,874
ECL,0001104659-26-049822,2026-04-28T12:06:00.000Z,2026-04-28,0.454068,277,104,9950
ECL,0001104659-26-043821,2026-04-15T20:30:13.000Z,2026-04-15,-0.333333,3,6,1096
ECL,0001104659-26-035705,2026-03-27T12:02:28.000Z,2026-03-27,0.846154,12,1,1730
ECL,0001104659-26-032446,2026-03-20T12:05:25.000Z,2026-03-20,-0.05,38,42,2714
ECL,0001104659-26-019742,2026-02-25T21:39:14.000Z,2026-02-25,0.866667,28,2,1475
ED,0001047862-26-000143,2026-08-06T21:09:27.000Z,2026-08-06,-0.07177,97,112,14105
ED,0001193125-26-294715,2026-07-02T20:31:27.000Z,2026-07-02,0.777778,8,1,974
ED,0001193125-26-254760,2026-06-03T13:50:37.000Z,2026-06-03,0.333333,2,1,578
ED,0001193125-26-232621,2026-05-20T20:15:15.000Z,2026-05-20,-0.666667,1,5,539
ED,0001193125-26-214767,2026-05-08T20:34:21.000Z,2026-05-08,-0.333333,1,2,1327
ED,0001047862-26-000092,2026-05-07T20:28:33.000Z,2026-05-07,0.017751,86,83,10677
ED,0001193125-26-102202,2026-03-11T20:17:15.000Z,2026-03-11,-0.789474,2,17,1381
ED,0001193125-26-071602,2026-02-25T21:15:38.000Z,2026-02-25,-0.529412,4,13,1512
EFX,0001193125-26-323760,2026-07-29T20:15:24.000Z,2026-07-29,-0.2,4,6,1201
EFX,0000033185-26-000024,2026-07-21T10:32:31.000Z,2026-07-21,-0.226994,63,100,6888
EFX,0001193125-26-272759,2026-06-16T20:46:54.000Z,2026-06-16,0.0,3,3,525
EFX,0001193125-26-220328,2026-05-13T01:52:25.000Z,2026-05-13,-0.75,1,7,685
EFX,0001193125-26-177620,2026-04-24T21:05:18.000Z,2026-04-24,-0.666667,1,5,675
EFX,0000033185-26-000016,2026-04-21T10:32:01.000Z,2026-04-21,-0.267974,56,97,6387
EG,0001095073-26-000029,2026-07-29T20:16:46.000Z,2026-07-29,-0.610256,38,157,5061
EG,0001095073-26-000027,2026-06-03T13:17:03.000Z,2026-06-03,-0.690896,219,1198,41070
EG,0001095073-26-000023,2026-05-15T20:20:14.000Z,2026-05-15,-0.333333,1,2,694
EG,0001095073-26-000019,2026-04-29T20:17:01.000Z,2026-04-29,-0.544554,46,156,5120
EG,0001095073-26-000017,2026-04-13T20:17:17.000Z,2026-04-13,0.333333,2,1,507
EG,0001095073-26-000014,2026-03-23T20:17:10.000Z,2026-03-23,0.0,11,11,1515
EG,0001095073-26-000009,2026-03-16T20:19:34.000Z,2026-03-16,-0.666667,1,5,608
EIX,0000827052-26-000061,2026-07-30T22:03:22.000Z,2026-07-31,-0.131222,96,125,8517
EIX,0000827052-26-000058,2026-07-30T20:07:33.000Z,2026-07-30,-0.04918,116,128,9906
EIX,0000827052-26-000047,2026-05-05T20:07:13.000Z,2026-05-05,0.0,1,1,409
EIX,0000827052-26-000044,2026-04-28T22:13:09.000Z,2026-04-29,-0.19802,81,121,8256
EIX,0000827052-26-000041,2026-04-28T20:08:47.000Z,2026-04-28,-0.254386,85,143,9177
EIX,0000827052-26-000031,2026-04-24T20:06:12.000Z,2026-04-24,-0.428571,2,5,700
EIX,0000827052-26-000028,2026-04-23T20:10:18.000Z,2026-04-23,0.714286,18,3,1464
EIX,0000827052-26-000018,2026-02-26T21:07:04.000Z,2026-02-26,0.0,1,1,409
EL,0001001250-26-000038,2026-08-19T12:02:43.000Z,2026-08-19,-0.292553,133,243,9141
EL,0001001250-26-000033,2026-07-24T20:16:30.000Z,2026-07-24,0.0,2,2,526
EL,0001001250-26-000017,2026-05-01T12:08:12.000Z,2026-05-01,-0.283388,110,197,8244
EL,0001001250-26-000010,2026-03-23T22:24:55.000Z,2026-03-24,0.333333,4,2,841
ELV,0001156039-26-000058,2026-07-15T10:01:33.000Z,2026-07-15,-0.013699,72,74,4138
ELV,0001156039-26-000049,2026-06-10T10:01:35.000Z,2026-06-10,-0.473684,10,28,1235
ELV,0001156039-26-000046,2026-05-13T20:07:56.000Z,2026-05-13,-0.666667,1,5,550
ELV,0001156039-26-000039,2026-04-22T10:02:28.000Z,2026-04-22,-0.134831,77,101,4821
ELV,0001156039-26-000024,2026-03-10T10:02:21.000Z,2026-03-10,-0.347826,15,31,1289
ELV,0001156039-26-000022,2026-03-02T11:03:41.000Z,2026-03-02,-0.466667,12,33,1222
ELV,0001156039-26-000019,2026-02-26T19:59:29.000Z,2026-02-26,-0.244444,34,56,2554
EME,0000105634-26-000115,2026-07-31T20:27:00.000Z,2026-07-31,-0.428571,2,5,433
EME,0000105634-26-000112,2026-07-30T13:03:52.000Z,2026-07-30,-0.085714,16,19,2944
EME,0000105634-26-000085,2026-06-04T20:15:18.000Z,2026-06-04,-0.6,1,4,595
EME,0000105634-26-000048,2026-04-29T12:05:36.000Z,2026-04-29,-0.416667,7,17,2472
EME,0000105634-26-000027,2026-02-26T14:33:42.000Z,2026-02-26,0.291667,31,17,3265
EMR,0000032604-26-000042,2026-08-04T20:05:37.000Z,2026-08-04,-0.555556,16,56,2986
EMR,0000032604-26-000034,2026-05-05T20:06:11.000Z,2026-05-05,-0.258427,33,56,3936
EOG,0000821189-26-000147,2026-08-04T20:19:54.000Z,2026-08-04,-0.27451,37,65,6800
EOG,0000821189-26-000140,2026-07-09T20:17:33.000Z,2026-07-09,0.6,4,1,846
EOG,0000821189-26-000107,2026-05-21T21:16:07.000Z,2026-05-21,-0.428571,2,5,823
EOG,0000821189-26-000102,2026-05-05T20:18:04.000Z,2026-05-05,-0.313725,35,67,6784
EOG,0000821189-26-000078,2026-04-09T20:31:14.000Z,2026-04-09,0.333333,4,2,977
EQIX,0001104659-26-092009,2026-08-06T20:12:32.000Z,2026-08-06,-0.466667,4,11,2312
EQIX,0001101239-26-000148,2026-07-29T20:20:05.000Z,2026-07-29,-0.4,3,7,1355
EQIX,0001101239-26-000145,2026-07-29T20:13:28.000Z,2026-07-29,-0.094017,53,64,4858
EQIX,0001101239-26-000131,2026-07-14T20:30:32.000Z,2026-07-14,0.2,3,2,578
EQIX,0001101239-26-000109,2026-05-15T20:46:43.000Z,2026-05-15,-0.666667,1,5,817
EQIX,0001101239-26-000095,2026-05-11T20:28:32.000Z,2026-05-11,0.0,2,2,545
EQIX,0001104659-26-057167,2026-05-07T20:18:15.000Z,2026-05-07,-0.411765,5,12,1822
EQIX,0001101239-26-000089,2026-04-29T20:11:47.000Z,2026-04-29,-0.07438,56,65,4954
EQIX,0001101239-26-000058,2026-03-10T13:04:30.000Z,2026-03-10,0.24,31,19,1933
EQIX,0001104659-26-024144,2026-03-05T21:30:34.000Z,2026-03-05,-0.222222,7,11,2284
EQIX,0001101239-26-000051,2026-02-27T13:34:47.000Z,2026-02-27,0.438596,41,16,2300
EQR,0001193125-26-354068,2026-08-17T20:13:50.000Z,2026-08-17,-0.692308,4,22,2613
EQR,0001140361-26-033377,2026-08-17T20:01:49.000Z,2026-08-17,0.256881,137,81,7710
EQR,0001193125-26-336170,2026-08-06T01:32:50.000Z,2026-08-06,0.0,2,2,826
EQR,0001193125-26-328612,2026-07-31T20:15:58.000Z,2026-07-31,-0.155885,398,545,48803
EQR,0001193125-26-261709,2026-06-08T20:06:46.000Z,2026-06-08,-0.173554,50,71,6647
EQR,0001193125-26-233381,2026-05-21T11:11:00.000Z,2026-05-21,0.225627,220,139,14318
EQR,0001193125-26-157146,2026-04-15T20:37:04.000Z,2026-04-15,-0.851852,4,50,1410
EQT,0000033213-26-000041,2026-07-21T20:31:38.000Z,2026-07-21,-0.24,38,62,6714
EQT,0000033213-26-000035,2026-07-14T20:15:32.000Z,2026-07-14,0.333333,2,1,568
EQT,0000033213-26-000028,2026-04-21T20:31:35.000Z,2026-04-21,-0.235955,34,55,5753
EQT,0001104659-26-043807,2026-04-15T20:15:45.000Z,2026-04-15,-0.666667,1,5,841
EQT,0000033213-26-000022,2026-04-14T20:21:53.000Z,2026-04-14,-0.333333,1,2,565
EQT,0001104659-26-033850,2026-03-24T20:10:30.000Z,2026-03-24,-0.466667,16,44,4103
EQT,0001104659-26-025835,2026-03-10T20:11:23.000Z,2026-03-10,-0.435897,11,28,3058
ERIE,0001628280-26-051071,2026-07-30T20:20:05.000Z,2026-07-30,-0.111111,16,20,2175
ERIE,0001628280-26-037267,2026-05-21T20:10:12.000Z,2026-05-21,-0.5,1,3,435
ERIE,0001628280-26-026857,2026-04-23T20:20:02.000Z,2026-04-23,-0.1875,13,19,2038
ES,0001104659-26-088698,2026-07-30T20:18:59.000Z,2026-07-30,-0.269461,61,106,6618
ES,0001104659-26-079426,2026-06-30T21:40:46.000Z,2026-07-01,-0.450549,25,66,3588
ES,0001104659-26-056267,2026-05-06T20:20:58.000Z,2026-05-06,-0.450704,39,103,6031
ES,0001104659-26-037912,2026-03-31T21:20:44.000Z,2026-03-31,-0.846154,4,48,1986
ES,0001104659-26-020565,2026-02-26T21:41:50.000Z,2026-02-26,-0.333333,1,2,883
ESS,0001140361-26-030060,2026-07-29T20:34:25.000Z,2026-07-29,0.006536,77,76,10134
ESS,0000920522-26-000019,2026-05-29T20:21:42.000Z,2026-05-29,0.0,1,1,526
ESS,0001140361-26-021353,2026-05-14T21:05:35.000Z,2026-05-14,-0.714286,1,6,668
ESS,0001140361-26-017477,2026-04-28T20:35:42.000Z,2026-04-28,-0.068702,61,70,9528
ETN,0001551182-26-000027,2026-07-31T11:00:30.000Z,2026-07-31,-0.276596,34,60,4456
ETN,0000950142-26-001733,2026-06-11T10:40:28.000Z,2026-06-11,-0.303371,31,58,5819
ETN,0001551182-26-000010,2026-05-05T11:00:23.000Z,2026-05-05,-0.270833,35,61,4126
ETN,0001140361-26-016399,2026-04-23T20:30:48.000Z,2026-04-23,-0.75,1,7,714
ETN,0001140361-26-008836,2026-03-10T21:09:50.000Z,2026-03-10,-0.560976,9,32,3344
ETN,0001140361-26-007362,2026-03-02T21:31:04.000Z,2026-03-02,0.2,3,2,642
ETN,0001140361-26-007206,2026-03-02T11:35:49.000Z,2026-03-02,0.333333,24,12,1752
ETR,0001193125-26-339472,2026-08-07T14:36:30.000Z,2026-08-07,0.0,2,2,859
ETR,0000065984-26-000279,2026-07-29T12:02:34.000Z,2026-07-29,-0.277311,43,76,8888
ETR,0000065984-26-000265,2026-06-23T20:57:53.000Z,2026-06-23,-0.5,1,3,683
ETR,0000065984-26-000232,2026-05-12T20:02:28.000Z,2026-05-12,-0.666667,1,5,569
ETR,0000065984-26-000231,2026-05-12T20:01:22.000Z,2026-05-12,0.090909,6,5,918
ETR,0001193125-26-211827,2026-05-07T20:01:58.000Z,2026-05-07,-0.733333,4,26,2421
ETR,0000065984-26-000217,2026-04-29T12:02:15.000Z,2026-04-29,-0.313131,34,65,7796
ETR,0000065984-26-000214,2026-03-30T21:30:45.000Z,2026-03-30,0.0,3,3,950
EVRG,0001193125-26-363625,2026-08-24T20:18:42.000Z,2026-08-24,-0.5,2,6,741
EVRG,0001193125-26-336661,2026-08-06T11:00:18.000Z,2026-08-06,-0.298701,27,50,3495
EVRG,0001193125-26-292566,2026-07-01T20:15:41.000Z,2026-07-01,0.333333,2,1,674
EVRG,0001193125-26-292565,2026-07-01T20:15:35.000Z,2026-07-01,-0.764706,2,15,1224
EVRG,0001193125-26-210269,2026-05-07T11:00:20.000Z,2026-05-07,-0.305556,25,47,3494
EVRG,0001193125-26-100187,2026-03-10T20:23:27.000Z,2026-03-10,0.0,1,1,621
EW,0001099800-26-000038,2026-07-23T20:29:00.000Z,2026-07-23,0.028986,71,67,4604
EW,0001099800-26-000028,2026-05-08T20:12:34.000Z,2026-05-08,-0.818182,1,10,724
EW,0001099800-26-000023,2026-05-04T20:53:21.000Z,2026-05-04,0.2,21,14,1953
EW,0001099800-26-000021,2026-04-23T20:20:22.000Z,2026-04-23,0.115385,58,46,3796
EXC,0001109357-26-000084,2026-08-25T20:38:30.000Z,2026-08-25,0.285714,54,30,3016
EXC,0001109357-26-000077,2026-07-30T10:56:06.000Z,2026-07-30,-0.141935,133,177,15165
EXC,0001109357-26-000061,2026-05-06T10:56:54.000Z,2026-05-06,-0.085106,129,153,15304
EXC,0001109357-26-000053,2026-04-30T20:28:05.000Z,2026-04-30,-0.142857,3,4,503
EXC,0001109357-26-000046,2026-04-16T16:06:35.000Z,2026-04-16,-0.5,10,30,2211
EXE,0001104659-26-088451,2026-07-30T11:01:01.000Z,2026-07-30,-0.5,5,15,1110
EXE,0000895126-26-000046,2026-07-28T20:02:12.000Z,2026-07-28,-0.25,48,80,4606
EXE,0000895126-26-000039,2026-07-27T11:02:07.000Z,2026-07-27,0.111111,45,36,2741
EXE,0000895126-26-000036,2026-06-26T11:55:31.000Z,2026-06-26,-0.428571,2,5,574
EXE,0000895126-26-000032,2026-06-04T20:07:00.000Z,2026-06-04,-0.666667,1,5,520
EXE,0000895126-26-000027,2026-04-28T20:01:37.000Z,2026-04-28,-0.491228,29,85,4166
EXE,0000895126-26-000021,2026-04-10T20:01:10.000Z,2026-04-10,-0.333333,1,2,430
EXE,0000895126-26-000016,2026-04-06T11:58:54.000Z,2026-04-06,0.285714,18,10,1806
EXPD,0001193125-26-344693,2026-08-11T20:15:35.000Z,2026-08-11,0.04065,64,59,2552
EXPD,0001193125-26-332198,2026-08-04T16:59:36.000Z,2026-08-04,-0.164179,28,39,3105
EXPD,0001193125-26-232738,2026-05-20T20:42:20.000Z,2026-05-20,0.127273,31,24,1844
EXPD,0001193125-26-209000,2026-05-06T20:15:19.000Z,2026-05-06,-0.6,1,4,542
EXPD,0001193125-26-206504,2026-05-05T20:23:26.000Z,2026-05-05,0.0,1,1,658
EXPD,0001193125-26-205511,2026-05-05T15:05:58.000Z,2026-05-05,-0.107143,25,31,2814
EXPD,0001193125-26-119919,2026-03-23T20:55:43.000Z,2026-03-23,0.317647,56,29,2649
EXPE,0001324424-26-000051,2026-08-05T20:00:16.000Z,2026-08-05,-0.405941,60,142,9339
EXPE,0001324424-26-000042,2026-06-22T22:01:18.000Z,2026-06-23,-0.666667,1,5,689
EXPE,0001324424-26-000031,2026-05-07T20:02:05.000Z,2026-05-07,-0.511111,33,102,5387
EXPE,0001324424-26-000016,2026-04-23T13:00:50.000Z,2026-04-23,0.454545,32,12,2267
EXPE,0001104659-26-042073,2026-04-10T20:33:05.000Z,2026-04-10,-0.833333,1,11,1148
EXPE,0001104659-26-036875,2026-03-30T21:34:24.000Z,2026-03-30,-0.866667,1,14,1637
EXR,0001289490-26-000058,2026-08-24T10:34:28.000Z,2026-08-24,0.866667,28,2,1632
EXR,0001289490-26-000048,2026-07-28T20:46:03.000Z,2026-07-28,-0.285714,30,54,4967
EXR,0001193125-26-296159,2026-07-06T20:02:17.000Z,2026-07-06,-0.7,3,17,1550
EXR,0001193125-26-282771,2026-06-25T20:08:25.000Z,2026-06-25,0.2,9,6,1556
EXR,0001289490-26-000039,2026-05-15T20:18:05.000Z,2026-05-15,-0.666667,1,5,512
EXR,0001289490-26-000034,2026-04-28T20:26:02.000Z,2026-04-28,-0.246753,29,48,4721
F,0000037996-26-000155,2026-07-28T16:07:30.000Z,2026-07-28,-0.464115,56,153,6212
F,0000037996-26-000151,2026-07-02T09:16:14.000Z,2026-07-02,0.789474,34,4,2132
F,0000037996-26-000093,2026-05-21T06:45:27.000Z,2026-05-21,-0.675676,6,31,1315
F,0000037996-26-000090,2026-05-19T16:08:28.000Z,2026-05-19,-0.818182,1,10,702
F,0000037996-26-000084,2026-04-29T16:12:33.000Z,2026-04-29,-0.397959,59,137,5927
F,0000037996-26-000081,2026-04-15T16:12:35.000Z,2026-04-15,0.0,1,1,525
F,0000037996-26-000079,2026-04-15T09:52:44.000Z,2026-04-15,-0.5625,7,25,1660
F,0000037996-26-000075,2026-04-02T09:17:37.000Z,2026-04-02,0.877551,46,3,1942
F,0000037996-26-000073,2026-03-13T16:15:24.000Z,2026-03-13,-0.5,1,3,546
FANG,0001539838-26-000137,2026-08-03T20:06:11.000Z,2026-08-03,-0.479675,64,182,8808
FANG,0001539838-26-000134,2026-07-13T20:03:27.000Z,2026-07-13,-0.6,5,20,1281
FANG,0001104659-26-074049,2026-06-15T20:21:40.000Z,2026-06-15,-0.818182,1,10,755
FANG,0001539838-26-000090,2026-05-20T20:03:32.000Z,2026-05-20,-0.25,3,5,1066
FANG,0001539838-26-000073,2026-05-04T20:06:21.000Z,2026-05-04,-0.563636,48,172,8406
FANG,0001539838-26-000070,2026-04-13T20:40:48.000Z,2026-04-13,-0.615385,5,21,1296
FANG,0001104659-26-042635,2026-04-13T20:19:42.000Z,2026-04-13,-0.916667,1,23,3479
FANG,0001104659-26-039799,2026-04-06T13:23:48.000Z,2026-04-06,-0.5,3,9,2084
FANG,0001104659-26-027075,2026-03-12T20:18:25.000Z,2026-03-12,-0.818182,2,20,2431
FAST,0000815556-26-000037,2026-07-14T12:01:18.000Z,2026-07-14,0.304348,30,16,4028
FAST,0000815556-26-000035,2026-06-23T20:05:26.000Z,2026-06-23,-0.714286,3,18,1178
FAST,0000815556-26-000033,2026-06-12T20:05:17.000Z,2026-06-12,0.5,6,2,730
FAST,0000815556-26-000027,2026-04-29T20:05:40.000Z,2026-04-29,0.0,1,1,537
FAST,0000815556-26-000025,2026-04-24T20:10:37.000Z,2026-04-24,-0.777778,1,8,886
FAST,0000815556-26-000019,2026-04-13T12:07:12.000Z,2026-04-13,0.319149,31,16,3910
FCX,0000831259-26-000033,2026-07-23T12:06:44.000Z,2026-07-23,0.055215,172,154,21334
FCX,0000831259-26-000030,2026-06-10T20:31:21.000Z,2026-06-10,-0.333333,2,4,596
FCX,0000831259-26-000027,2026-05-20T20:17:13.000Z,2026-05-20,-0.714286,1,6,1003
FCX,0000831259-26-000021,2026-04-23T12:09:07.000Z,2026-04-23,-0.039773,169,183,19960
FCX,0000831259-26-000018,2026-03-23T20:04:25.000Z,2026-03-23,-0.333333,1,2,428
FDS,0001628280-26-046338,2026-07-01T11:02:03.000Z,2026-07-01,0.148936,27,20,3520
FDS,0000950103-26-005447,2026-04-08T11:06:35.000Z,2026-04-08,0.333333,18,9,2138
FDS,0001628280-26-022203,2026-03-31T10:54:45.000Z,2026-03-31,0.22449,30,19,3971
FDS,0001628280-26-014385,2026-03-04T11:57:35.000Z,2026-03-04,0.652174,19,4,1266
FDX,0001104659-26-086643,2026-07-24T20:05:24.000Z,2026-07-24,-0.241379,11,18,1229
FDX,0001048911-26-000108,2026-07-21T20:09:35.000Z,2026-07-21,-0.6,26,104,7538
FDX,0001104659-26-082672,2026-07-10T20:29:07.000Z,2026-07-10,-0.539568,32,107,7514
FDX,0001104659-26-077558,2026-06-25T12:38:25.000Z,2026-06-25,-0.448276,16,42,3880
FDX,0001048911-26-000050,2026-06-23T20:07:29.000Z,2026-06-23,-0.189189,45,66,5682
FDX,0001104659-26-071411,2026-06-08T20:34:35.000Z,2026-06-08,-0.066667,7,8,1206
FDX,0001104659-26-068519,2026-06-01T10:42:52.000Z,2026-06-01,0.0,34,34,3695
FDX,0001104659-26-065767,2026-05-22T20:33:07.000Z,2026-05-22,-0.2,2,3,672
FDX,0001104659-26-063198,2026-05-18T20:15:24.000Z,2026-05-18,0.111111,5,4,733
FDX,0001104659-26-060233,2026-05-13T20:06:11.000Z,2026-05-13,-0.244338,634,1044,54031
FDX,0001104659-26-042617,2026-04-13T20:06:35.000Z,2026-04-13,0.2,3,2,859
FDX,0001048911-26-000010,2026-03-19T20:10:36.000Z,2026-03-19,-0.012346,40,41,4722
FDX,0001104659-26-027156,2026-03-12T21:12:23.000Z,2026-03-12,0.666667,5,1,790
FDXF,0001628280-26-054314,2026-08-06T20:11:45.000Z,2026-08-06,-0.555556,2,7,2164
FDXF,0001104659-26-078270,2026-06-26T20:15:23.000Z,2026-06-26,0.058824,9,8,1697
FDXF,0001628280-26-045515,2026-06-25T20:15:38.000Z,2026-06-25,-0.32,17,33,2923
FDXF,0001104659-26-068521,2026-06-01T10:46:03.000Z,2026-06-01,-0.145455,47,63,6238
FDXF,0001104659-26-063207,2026-05-18T20:16:57.000Z,2026-05-18,-0.75,1,7,981
FDXF,0001104659-26-060223,2026-05-13T20:03:55.000Z,2026-05-13,-0.239787,642,1047,54066
FE,0001031296-26-000122,2026-07-28T21:00:04.000Z,2026-07-28,-0.168627,106,149,9883
FE,0001031296-26-000092,2026-06-01T11:55:01.000Z,2026-06-01,-0.071895,71,82,5140
FE,0001031296-26-000089,2026-05-20T21:11:05.000Z,2026-05-20,-0.423729,17,42,2248
FE,0001031296-26-000084,2026-04-28T20:24:18.000Z,2026-04-28,-0.157447,99,136,8604
FFIV,0001048695-26-000063,2026-07-27T20:06:52.000Z,2026-07-27,-0.578947,16,60,3878
FFIV,0001048695-26-000059,2026-06-23T20:00:22.000Z,2026-06-23,0.692308,11,2,1026
FFIV,0001048695-26-000044,2026-04-28T20:14:27.000Z,2026-04-28,0.8,18,2,1068
FFIV,0001048695-26-000042,2026-04-28T20:13:25.000Z,2026-04-28,-0.47541,16,45,3701
FFIV,0001048695-26-000036,2026-03-13T20:10:46.000Z,2026-03-13,-0.666667,1,5,744
FICO,0000814547-26-000031,2026-07-29T20:16:20.000Z,2026-07-29,0.238095,26,16,2415
FICO,0001193125-26-260817,2026-06-08T13:19:41.000Z,2026-06-08,-0.297297,13,24,2498
FICO,0000814547-26-000020,2026-04-28T20:15:32.000Z,2026-04-28,0.219512,25,16,2408
FICO,0001193125-26-117936,2026-03-20T21:26:55.000Z,2026-03-20,-0.851852,2,25,1465
FICO,0001193125-26-102450,2026-03-11T21:20:33.000Z,2026-03-11,-0.411765,5,12,1305
FICO,0001193125-26-101201,2026-03-11T13:25:21.000Z,2026-03-11,-0.375,5,11,1300
FICO,0001193125-26-093964,2026-03-05T21:11:42.000Z,2026-03-05,-0.789474,2,17,909
FIS,0001136893-26-000046,2026-08-04T11:36:37.000Z,2026-08-04,-0.510204,36,111,6503
FIS,0001193125-26-276051,2026-06-18T20:59:42.000Z,2026-06-18,0.142857,4,3,609
FIS,0001193125-26-269601,2026-06-12T20:47:17.000Z,2026-06-12,-0.6,1,4,616
FIS,0001136893-26-000038,2026-05-08T11:37:35.000Z,2026-05-08,-0.462069,39,106,6014
FIS,0001136893-26-000016,2026-04-03T20:14:18.000Z,2026-04-03,0.333333,4,2,668
FIS,0001193125-26-117662,2026-03-20T20:15:16.000Z,2026-03-20,0.0,2,2,484
FIS,0001193125-26-100370,2026-03-10T21:05:06.000Z,2026-03-10,0.142857,4,3,1551
FIS,0001193125-26-097627,2026-03-09T12:17:48.000Z,2026-03-09,0.090909,6,5,963
FISV,0000798354-26-000028,2026-08-06T11:15:24.000Z,2026-08-06,0.1,44,36,4793
FISV,0001193125-26-297448,2026-07-07T20:01:09.000Z,2026-07-07,0.384615,9,4,726
FISV,0001193125-26-279413,2026-06-23T20:01:27.000Z,2026-06-23,-0.625,3,13,1446
FISV,0001193125-26-274276,2026-06-17T20:42:09.000Z,2026-06-17,-0.333333,2,4,744
FISV,0001193125-26-271750,2026-06-16T10:03:25.000Z,2026-06-16,-0.085714,16,19,2442
FISV,0001193125-26-270336,2026-06-15T12:22:06.000Z,2026-06-15,0.205479,44,29,2864
FISV,0001193125-26-237041,2026-05-22T20:33:58.000Z,2026-05-22,-0.714286,1,6,644
FISV,0000798354-26-000014,2026-05-05T11:14:46.000Z,2026-05-05,0.173333,44,31,4222
FITB,0000035527-26-000209,2026-08-21T12:11:49.000Z,2026-08-21,-0.090909,5,6,1809
FITB,0000035527-26-000197,2026-07-30T21:09:47.000Z,2026-07-30,-0.007299,68,69,5343
FITB,0000035527-26-000193,2026-07-17T10:30:18.000Z,2026-07-17,-0.452915,122,324,16508
FITB,0001193125-26-265928,2026-06-10T20:34:19.000Z,2026-06-10,-0.5,4,12,2138
FITB,0000035527-26-000190,2026-06-09T20:30:24.000Z,2026-06-09,-0.122449,43,55,3577
FITB,0001193125-26-255417,2026-06-03T20:05:39.000Z,2026-06-03,0.5,9,3,1325
FITB,0000035527-26-000188,2026-05-22T12:31:39.000Z,2026-05-22,-0.238095,8,13,3021
FITB,0000035527-26-000185,2026-05-08T12:44:27.000Z,2026-05-08,-0.272727,8,14,3222
FITB,0000035527-26-000172,2026-04-24T12:01:52.000Z,2026-04-24,-0.6,1,4,712
FITB,0000035527-26-000136,2026-04-21T12:00:34.000Z,2026-04-21,-0.549296,16,55,2336
FITB,0000035527-26-000134,2026-04-17T10:30:29.000Z,2026-04-17,-0.476998,108,305,16198
FITB,0000035527-26-000132,2026-03-11T12:00:16.000Z,2026-03-11,-0.247059,32,53,3591
FIX,0001104659-26-089781,2026-08-03T20:01:37.000Z,2026-08-03,0.04878,43,39,2606
FIX,0001104659-26-086255,2026-07-23T20:05:14.000Z,2026-07-23,-0.278689,22,39,2765
FIX,0001104659-26-076386,2026-06-22T20:15:30.000Z,2026-06-22,0.833333,22,2,1181
FIX,0001104659-26-065127,2026-05-21T20:00:32.000Z,2026-05-21,-0.5,1,3,592
FIX,0001104659-26-054254,2026-05-01T21:17:34.000Z,2026-05-01,0.060241,44,39,2593
FIX,0001104659-26-047679,2026-04-23T20:05:14.000Z,2026-04-23,-0.333333,20,40,2555
FLEX,0000866374-26-000033,2026-08-07T20:06:15.000Z,2026-08-07,-0.777778,1,8,803
FLEX,0000866374-26-000027,2026-07-29T11:16:28.000Z,2026-07-29,0.125,45,35,3092
FLEX,0000866374-26-000026,2026-07-29T11:15:54.000Z,2026-07-29,-0.483871,32,92,4081
FLEX,0000866374-26-000016,2026-06-12T20:05:08.000Z,2026-06-12,0.466667,11,4,772
FLEX,0001104659-26-069463,2026-06-02T20:05:59.000Z,2026-06-02,-0.833333,1,11,922
FLEX,0000866374-26-000009,2026-05-05T20:09:49.000Z,2026-05-05,-0.349754,66,137,6485
FLEX,0001104659-26-054529,2026-05-04T13:17:09.000Z,2026-05-04,-0.212121,13,20,1627
FLEX,0000866374-26-000007,2026-03-30T13:10:56.000Z,2026-03-30,-0.096774,14,17,1328
FOX,0001628280-26-053892,2026-08-06T12:05:58.000Z,2026-08-06,-0.590909,9,35,3621
FOX,0001193125-26-290605,2026-06-30T20:26:23.000Z,2026-06-30,-0.333333,4,8,1173
FOX,0001193125-26-271101,2026-06-15T20:15:16.000Z,2026-06-15,-0.518519,26,82,4293
FOX,0001193125-26-270285,2026-06-15T11:13:08.000Z,2026-06-15,-0.135135,64,84,8347
FOX,0001628280-26-042499,2026-06-11T20:02:47.000Z,2026-06-11,0.0,2,2,609
FOX,0001628280-26-033145,2026-05-11T12:08:54.000Z,2026-05-11,-0.555556,10,35,2877
FOXA,0001628280-26-053892,2026-08-06T12:05:58.000Z,2026-08-06,-0.590909,9,35,3621
FOXA,0001193125-26-290605,2026-06-30T20:26:23.000Z,2026-06-30,-0.333333,4,8,1173
FOXA,0001193125-26-271101,2026-06-15T20:15:16.000Z,2026-06-15,-0.518519,26,82,4293
FOXA,0001193125-26-270285,2026-06-15T11:13:08.000Z,2026-06-15,-0.135135,64,84,8347
FOXA,0001628280-26-042499,2026-06-11T20:02:47.000Z,2026-06-11,0.0,2,2,609
FOXA,0001628280-26-033145,2026-05-11T12:08:54.000Z,2026-05-11,-0.555556,10,35,2877
FRT,0001193125-26-344547,2026-08-11T20:01:31.000Z,2026-08-11,-0.630435,68,300,21254
FRT,0000034903-26-000040,2026-07-31T11:33:30.000Z,2026-07-31,0.1375,91,69,11016
FRT,0000034903-26-000031,2026-05-06T20:34:49.000Z,2026-05-06,-0.2,2,3,543
FRT,0000034903-26-000025,2026-05-01T11:32:03.000Z,2026-05-01,0.152318,87,64,10715
FRT,0001193125-26-156973,2026-04-15T20:02:11.000Z,2026-04-15,-0.75,2,14,1548
FSLR,0001274494-26-000169,2026-07-30T20:04:00.000Z,2026-07-30,-0.323077,22,43,3803
FSLR,0001274494-26-000138,2026-05-15T20:02:54.000Z,2026-05-15,-0.5,2,6,624
FSLR,0001274494-26-000108,2026-04-30T20:04:23.000Z,2026-04-30,-0.290323,22,40,3712
FTNT,0001262039-26-000018,2026-07-29T20:08:34.000Z,2026-07-29,-0.030303,48,51,4567
FTNT,0001262039-26-000015,2026-06-16T20:32:04.000Z,2026-06-16,-0.6,1,4,559
FTNT,0001262039-26-000010,2026-05-06T20:10:29.000Z,2026-05-06,-0.028571,51,54,4735
FTV,0001659166-26-000033,2026-07-29T11:33:10.000Z,2026-07-29,-0.348485,43,89,4895
FTV,0001104659-26-072965,2026-06-11T20:30:48.000Z,2026-06-11,-0.6,1,4,531
FTV,0001104659-26-061244,2026-05-14T20:32:00.000Z,2026-05-14,-0.6,2,8,1268
FTV,0001659166-26-000012,2026-04-30T11:34:22.000Z,2026-04-30,-0.333333,42,84,4774
FTV,0001104659-26-032724,2026-03-20T20:15:25.000Z,2026-03-20,-0.578947,4,15,1402
GD,0001193125-26-340490,2026-08-07T21:11:06.000Z,2026-08-07,0.5,3,1,723
GD,0001193125-26-332899,2026-08-04T20:25:20.000Z,2026-08-04,0.0,1,1,508
GD,0000040533-26-000029,2026-07-29T12:01:20.000Z,2026-07-29,-0.4,6,14,2079
GD,0000040533-26-000014,2026-05-11T20:56:27.000Z,2026-05-11,-0.666667,1,5,528
GD,0000040533-26-000010,2026-04-29T11:58:25.000Z,2026-04-29,-0.272727,8,14,1925
GDDY,0001609711-26-000092,2026-08-03T21:41:45.000Z,2026-08-04,-0.142857,3,4,949
GDDY,0001609711-26-000087,2026-07-30T20:10:41.000Z,2026-07-30,-0.12,22,28,3944
GDDY,0001609711-26-000058,2026-06-05T21:00:27.000Z,2026-06-05,-0.733333,2,13,861
GDDY,0001609711-26-000035,2026-04-30T20:11:04.000Z,2026-04-30,-0.058824,24,27,3736
GE,0000040545-26-000047,2026-07-16T10:32:37.000Z,2026-07-16,-0.253968,47,79,4071
GE,0000040545-26-000042,2026-06-25T20:05:40.000Z,2026-06-25,-0.333333,4,8,698
GE,0000040545-26-000039,2026-06-11T10:33:47.000Z,2026-06-11,0.818182,10,1,988
GE,0000040545-26-000032,2026-05-07T20:15:33.000Z,2026-05-07,-0.666667,1,5,662
GE,0000040545-26-000026,2026-04-21T10:29:00.000Z,2026-04-21,-0.272727,44,77,4008
GEHC,0001932393-26-000050,2026-08-18T13:03:25.000Z,2026-08-18,0.454545,32,12,1848
GEHC,0001932393-26-000047,2026-07-29T10:27:49.000Z,2026-07-29,0.567568,58,16,4135
GEHC,0001932393-26-000045,2026-07-29T10:25:46.000Z,2026-07-29,0.018182,56,54,5034
GEHC,0001932393-26-000039,2026-07-23T20:17:30.000Z,2026-07-23,0.0,22,22,2525
GEHC,0001932393-26-000034,2026-05-11T20:51:39.000Z,2026-05-11,-0.333333,2,4,581
GEHC,0001932393-26-000030,2026-04-29T10:25:24.000Z,2026-04-29,0.026549,58,55,4949
GEHC,0001932393-26-000013,2026-03-17T13:14:16.000Z,2026-03-17,0.647059,14,3,1192
GEHC,0001932393-26-000010,2026-02-27T21:15:34.000Z,2026-02-27,-0.857143,1,13,871
GEN,0000849399-26-000028,2026-08-06T20:06:05.000Z,2026-08-06,-0.338462,43,87,4652
GEN,0000849399-26-000014,2026-05-07T20:00:39.000Z,2026-05-07,-0.373333,47,103,4920
GEN,0000849399-26-000011,2026-03-27T20:14:57.000Z,2026-03-27,-0.2,4,6,773
GEV,0001996810-26-000147,2026-07-22T10:25:18.000Z,2026-07-22,-0.035294,41,44,4838
GEV,0001996810-26-000115,2026-05-22T21:17:47.000Z,2026-05-22,-0.666667,1,5,564
GEV,0001996810-26-000063,2026-04-22T10:25:21.000Z,2026-04-22,-0.023256,42,44,4687
GILD,0000882095-26-000028,2026-08-04T20:03:26.000Z,2026-08-04,-0.239437,54,88,5799
GILD,0001104659-26-064518,2026-05-20T20:15:36.000Z,2026-05-20,0.2,3,2,1122
GILD,0000882095-26-000022,2026-05-07T20:03:01.000Z,2026-05-07,-0.158879,45,62,5334
GILD,0000882095-26-000008,2026-05-04T20:05:56.000Z,2026-05-04,-0.818182,1,10,728
GILD,0001104659-26-049874,2026-04-28T12:56:25.000Z,2026-04-28,0.283019,34,19,2550
GIS,0001628280-26-046337,2026-07-01T11:01:47.000Z,2026-07-01,-0.366234,122,263,9920
GIS,0001628280-26-031456,2026-05-06T21:17:07.000Z,2026-05-06,0.411765,12,5,1314
GIS,0001628280-26-029930,2026-05-04T21:11:04.000Z,2026-05-04,0.0,1,1,509
GIS,0000040704-26-000004,2026-04-16T15:31:31.000Z,2026-04-16,-0.333333,1,2,786
GIS,0001628280-26-019020,2026-03-18T11:02:21.000Z,2026-03-18,-0.267606,104,180,8085
GL,0000320335-26-000218,2026-08-07T20:33:18.000Z,2026-08-07,0.0,2,2,443
GL,0000320335-26-000203,2026-07-22T20:34:35.000Z,2026-07-22,-0.028571,34,36,3638
GL,0000320335-26-000198,2026-06-29T21:26:20.000Z,2026-06-29,-0.928571,1,27,993
GL,0000320335-26-000160,2026-05-04T16:57:41.000Z,2026-05-04,-0.714286,1,6,610
GL,0000320335-26-000143,2026-04-22T20:44:37.000Z,2026-04-22,-0.09375,29,35,3602
GL,0000320335-26-000105,2026-02-27T21:54:57.000Z,2026-02-27,0.0,1,1,700
GLW,0000024741-26-000253,2026-07-28T07:03:07.000Z,2026-07-28,-0.142857,75,100,6475
GLW,0001206774-26-000285,2026-05-15T16:31:37.000Z,2026-05-15,-0.333333,1,2,551
GLW,0001206774-26-000273,2026-05-06T07:43:11.000Z,2026-05-06,-0.016949,29,30,2831
GLW,0001206774-26-000266,2026-05-04T17:29:10.000Z,2026-05-04,0.5,3,1,609
GLW,0001206774-26-000265,2026-05-04T17:01:00.000Z,2026-05-04,-0.666667,1,5,655
GLW,0000024741-26-000198,2026-04-28T07:02:49.000Z,2026-04-28,-0.217949,61,95,6891
GLW,0001206774-26-000108,2026-02-27T16:31:01.000Z,2026-02-27,0.0,1,1,525
GM,0001193125-26-344698,2026-08-11T20:15:54.000Z,2026-08-11,-0.777778,2,16,1028
GM,0001467858-26-000049,2026-07-21T11:14:57.000Z,2026-07-21,-0.415094,31,75,5027
GM,0001467858-26-000044,2026-06-04T20:05:30.000Z,2026-06-04,-0.818182,1,10,1066
GM,0001193125-26-239340,2026-05-26T20:15:50.000Z,2026-05-26,-0.333333,1,2,480
GM,0001467858-26-000033,2026-04-28T11:25:30.000Z,2026-04-28,-0.333333,27,54,4562
GM,0001193125-26-119684,2026-03-23T20:01:13.000Z,2026-03-23,-0.636364,2,9,788
GNRC,0001437749-26-024731,2026-07-29T10:03:42.000Z,2026-07-29,-0.266055,40,69,5022
GNRC,0001437749-26-020488,2026-06-12T20:27:19.000Z,2026-06-12,-0.6,1,4,437
GNRC,0001437749-26-013726,2026-04-29T11:00:11.000Z,2026-04-29,-0.20354,45,68,5477
GNRC,0001437749-26-009685,2026-03-25T11:30:32.000Z,2026-03-25,-0.111111,8,10,1719
GOOG,0001193125-26-342390,2026-08-10T20:10:48.000Z,2026-08-10,-0.333333,1,2,1108
GOOG,0001652044-26-000066,2026-07-22T20:01:36.000Z,2026-07-22,0.076923,28,24,3901
GOOG,0001193125-26-267578,2026-06-11T20:17:04.000Z,2026-06-11,-0.833333,2,22,1387
GOOG,0001193125-26-259830,2026-06-05T20:52:38.000Z,2026-06-05,-0.52,6,19,2862
GOOG,0001652044-26-000059,2026-06-05T20:40:20.000Z,2026-06-05,-0.2,2,3,834
GOOG,0001193125-26-257724,2026-06-04T21:07:39.000Z,2026-06-04,-0.37931,9,20,7217
GOOG,0001193125-26-234488,2026-05-21T20:25:10.000Z,2026-05-21,-0.333333,1,2,864
GOOG,0001193125-26-216986,2026-05-11T20:45:29.000Z,2026-05-11,-0.333333,1,2,978
GOOG,0001652044-26-000043,2026-04-29T20:01:35.000Z,2026-04-29,0.115385,29,23,3497
GOOG,0001652044-26-000034,2026-04-10T20:16:53.000Z,2026-04-10,-0.636364,2,9,1208
GOOG,0001652044-26-000031,2026-04-02T20:18:28.000Z,2026-04-02,-0.142857,3,4,611
GOOG,0001652044-26-000026,2026-03-06T22:21:44.000Z,2026-03-06,0.0,10,10,1501
GOOGL,0001193125-26-342390,2026-08-10T20:10:48.000Z,2026-08-10,-0.333333,1,2,1108
GOOGL,0001652044-26-000066,2026-07-22T20:01:36.000Z,2026-07-22,0.076923,28,24,3901
GOOGL,0001193125-26-267578,2026-06-11T20:17:04.000Z,2026-06-11,-0.833333,2,22,1387
GOOGL,0001193125-26-259830,2026-06-05T20:52:38.000Z,2026-06-05,-0.52,6,19,2862
GOOGL,0001652044-26-000059,2026-06-05T20:40:20.000Z,2026-06-05,-0.2,2,3,834
GOOGL,0001193125-26-257724,2026-06-04T21:07:39.000Z,2026-06-04,-0.37931,9,20,7217
GOOGL,0001193125-26-234488,2026-05-21T20:25:10.000Z,2026-05-21,-0.333333,1,2,864
GOOGL,0001193125-26-216986,2026-05-11T20:45:29.000Z,2026-05-11,-0.333333,1,2,978
GOOGL,0001652044-26-000043,2026-04-29T20:01:35.000Z,2026-04-29,0.115385,29,23,3497
GOOGL,0001652044-26-000034,2026-04-10T20:16:53.000Z,2026-04-10,-0.636364,2,9,1208
GOOGL,0001652044-26-000031,2026-04-02T20:18:28.000Z,2026-04-02,-0.142857,3,4,611
GOOGL,0001652044-26-000026,2026-03-06T22:21:44.000Z,2026-03-06,0.0,10,10,1501
GPC,0000040987-26-000035,2026-08-11T20:32:01.000Z,2026-08-11,0.5,3,1,594
GPC,0000040987-26-000031,2026-07-21T11:34:06.000Z,2026-07-21,-0.164557,33,46,3921
GPC,0000040987-26-000021,2026-04-28T20:36:22.000Z,2026-04-28,-0.333333,3,6,1069
GPC,0000040987-26-000015,2026-04-21T11:21:23.000Z,2026-04-21,-0.084337,38,45,3752
GPC,0001193125-26-116742,2026-03-20T11:43:05.000Z,2026-03-20,0.2,3,2,467
GPN,0001123360-26-000082,2026-08-05T10:59:21.000Z,2026-08-05,-0.413043,54,130,7344
GPN,0001104659-26-056781,2026-05-07T13:17:42.000Z,2026-05-07,0.0,1,1,491
GPN,0001123360-26-000070,2026-05-06T11:04:14.000Z,2026-05-06,-0.450549,25,66,4017
GPN,0001104659-26-054479,2026-05-04T12:00:26.000Z,2026-05-04,-0.714286,1,6,593
GPN,0001104659-26-027067,2026-03-12T20:11:47.000Z,2026-03-12,-0.6,3,12,1664
GPN,0001104659-26-026460,2026-03-11T21:12:09.000Z,2026-03-11,-0.2,2,3,728
GPN,0001123360-26-000040,2026-03-05T13:39:22.000Z,2026-03-05,-0.47432,87,244,23863
GRMN,0001193125-26-322113,2026-07-29T11:00:17.000Z,2026-07-29,0.230769,40,25,3383
GRMN,0001193125-26-261987,2026-06-08T21:00:15.000Z,2026-06-08,-0.619048,4,17,1607
GRMN,0001193125-26-188907,2026-04-29T11:00:18.000Z,2026-04-29,0.3125,42,22,3209
GS,0001193125-26-344912,2026-08-11T20:50:15.000Z,2026-08-11,-0.2,4,6,784
GS,0001193125-26-318147,2026-07-27T20:27:40.000Z,2026-07-27,0.0,4,4,845
GS,0001193125-26-310408,2026-07-21T20:35:18.000Z,2026-07-21,0.6,4,1,677
GS,0001193125-26-308384,2026-07-20T12:07:58.000Z,2026-07-20,-0.2,4,6,924
GS,0000886982-26-000294,2026-07-14T11:30:40.000Z,2026-07-14,-0.232323,38,61,7350
GS,0001193125-26-281123,2026-06-24T20:28:37.000Z,2026-06-24,0.272727,7,4,1001
GS,0001193125-26-255626,2026-06-03T20:43:35.000Z,2026-06-03,0.6,4,1,662
GS,0001193125-26-219511,2026-05-12T20:18:15.000Z,2026-05-12,-0.111111,4,5,742
GS,0001193125-26-199988,2026-05-01T15:00:17.000Z,2026-05-01,-0.4,3,7,710
GS,0001193125-26-164058,2026-04-20T20:22:51.000Z,2026-04-20,0.6,4,1,671
GS,0000886982-26-000096,2026-04-13T11:40:26.000Z,2026-04-13,-0.166667,40,56,6399
GS,0001193125-26-105328,2026-03-13T15:00:25.000Z,2026-03-13,0.6,4,1,590
GS,0001193125-26-094047,2026-03-05T21:30:05.000Z,2026-03-05,0.6,4,1,678
GWW,0000277135-26-000076,2026-08-04T12:03:38.000Z,2026-08-04,-0.333333,35,70,3296
GWW,0001104659-26-089478,2026-08-03T12:03:00.000Z,2026-08-03,0.111111,5,4,646
GWW,0000277135-26-000056,2026-05-07T22:05:34.000Z,2026-05-08,-0.326733,34,67,3208
GWW,0000277135-26-000033,2026-05-01T13:17:06.000Z,2026-05-01,-0.666667,1,5,605
HAL,0000045012-26-000057,2026-07-21T10:53:24.000Z,2026-07-21,-0.088889,41,49,5293
HAL,0000045012-26-000055,2026-06-29T11:44:37.000Z,2026-06-29,0.0,2,2,398
HAL,0000045012-26-000045,2026-05-20T20:24:08.000Z,2026-05-20,-0.857143,1,13,683
HAL,0000045012-26-000036,2026-04-21T10:50:56.000Z,2026-04-21,-0.322581,21,41,3905
HAS,0000046080-26-000047,2026-07-27T21:04:38.000Z,2026-07-27,-0.411765,5,12,790
HAS,0000046080-26-000044,2026-07-21T10:31:24.000Z,2026-07-21,-0.612565,37,154,5156
HAS,0000046080-26-000034,2026-06-15T20:16:41.000Z,2026-06-15,-0.714286,1,6,669
HAS,0000046080-26-000029,2026-05-20T10:31:29.000Z,2026-05-20,-0.459854,37,100,4303
HAS,0000046080-26-000016,2026-04-23T11:00:35.000Z,2026-04-23,-0.416667,14,34,1981
HAS,0000046080-26-000013,2026-04-01T12:16:05.000Z,2026-04-01,-0.444444,5,13,735
HAS,0001193125-26-104184,2026-03-12T20:15:22.000Z,2026-03-12,-0.428571,2,5,1130
HBAN,0000049196-26-000062,2026-07-23T20:06:57.000Z,2026-07-23,0.0,1,1,1146
HBAN,0000049196-26-000060,2026-07-23T10:16:20.000Z,2026-07-23,-0.488152,54,157,11852
HBAN,0000049196-26-000056,2026-06-25T20:15:27.000Z,2026-06-25,0.0,1,1,705
HBAN,0000049196-26-000050,2026-06-08T20:05:59.000Z,2026-06-08,0.266272,107,62,6626
HBAN,0000049196-26-000048,2026-05-27T20:07:05.000Z,2026-05-27,0.206897,105,69,6374
HBAN,0000049196-26-000038,2026-04-24T12:04:09.000Z,2026-04-24,-0.6,1,4,575
HBAN,0000049196-26-000035,2026-04-23T20:20:18.000Z,2026-04-23,0.0,1,1,1142
HBAN,0000049196-26-000032,2026-04-23T10:31:14.000Z,2026-04-23,-0.5125,39,121,9859
HBAN,0000049196-26-000026,2026-03-30T21:29:55.000Z,2026-03-30,0.0,1,1,792
HBAN,0000049196-26-000023,2026-03-10T20:05:36.000Z,2026-03-10,0.151515,76,56,5323
HCA,0001193125-26-323731,2026-07-29T16:10:06.000Z,2026-07-29,0.0,1,1,578
HCA,0001193125-26-315151,2026-07-24T07:45:42.000Z,2026-07-24,-0.419355,27,66,4527
HCA,0001193125-26-302539,2026-07-14T07:40:57.000Z,2026-07-14,-0.402299,26,61,3603
HCA,0001193125-26-275086,2026-06-18T09:12:19.000Z,2026-06-18,0.333333,2,1,417
HCA,0001193125-26-197278,2026-04-30T16:10:19.000Z,2026-04-30,-0.75,1,7,1533
HCA,0001193125-26-187155,2026-04-28T16:20:43.000Z,2026-04-28,-0.75,1,7,615
HCA,0001193125-26-182265,2026-04-27T16:41:04.000Z,2026-04-27,-0.666667,2,10,1692
HCA,0001193125-26-174933,2026-04-24T07:11:37.000Z,2026-04-24,-0.518987,19,60,4003
HCA,0001193125-26-071880,2026-02-25T16:43:45.000Z,2026-02-25,0.157895,11,8,1154
HD,0000354950-26-000148,2026-08-21T20:13:40.000Z,2026-08-21,0.5,3,1,534
HD,0000354950-26-000145,2026-08-18T10:10:33.000Z,2026-08-18,-0.266667,11,19,2714
HD,0000354950-26-000141,2026-08-12T13:06:16.000Z,2026-08-12,-0.066667,7,8,1296
HD,0000354950-26-000105,2026-05-26T13:19:39.000Z,2026-05-26,-0.727273,3,19,953
HD,0000354950-26-000101,2026-05-19T10:06:14.000Z,2026-05-19,-0.16129,13,18,2636
HIG,0000874766-26-000062,2026-08-11T20:15:51.000Z,2026-08-11,0.363636,15,7,1469
HIG,0000874766-26-000059,2026-07-23T20:06:45.000Z,2026-07-23,-0.410698,325,778,18879
HIG,0000874766-26-000050,2026-07-15T20:24:34.000Z,2026-07-15,0.5,15,5,1440
HIG,0000874766-26-000043,2026-06-03T11:04:11.000Z,2026-06-03,0.178571,33,23,2772
HIG,0000874766-26-000041,2026-05-21T20:17:53.000Z,2026-05-21,-0.714286,1,6,636
HIG,0000874766-26-000036,2026-04-23T20:06:01.000Z,2026-04-23,-0.447124,298,780,19175
HII,0001501585-26-000045,2026-07-30T11:23:32.000Z,2026-07-30,-0.259259,20,34,3984
HII,0001501585-26-000027,2026-05-05T11:20:57.000Z,2026-05-05,-0.300971,36,67,6133
HII,0001501585-26-000022,2026-05-01T20:46:34.000Z,2026-05-01,-0.666667,1,5,582
HLT,0001585689-26-000042,2026-07-28T10:01:06.000Z,2026-07-28,-0.145631,44,59,6532
HLT,0001585689-26-000037,2026-05-18T20:48:53.000Z,2026-05-18,-0.714286,2,12,976
HLT,0001193125-26-217102,2026-05-11T21:10:23.000Z,2026-05-11,-0.875,2,30,2600
HLT,0001193125-26-205180,2026-05-05T12:30:09.000Z,2026-05-05,0.5,3,1,459
HLT,0001585689-26-000031,2026-04-28T10:02:08.000Z,2026-04-28,-0.128713,44,57,6117
HLT,0001193125-26-113998,2026-03-18T20:15:22.000Z,2026-03-18,0.428571,5,2,1070
HON,0000773840-26-000130,2026-08-19T12:16:48.000Z,2026-08-19,0.673469,41,8,2116
HON,0000773840-26-000120,2026-07-23T10:01:36.000Z,2026-07-23,-0.364486,68,146,7731
HON,0000773840-26-000084,2026-06-29T10:41:22.000Z,2026-06-29,-0.380734,135,301,12872
HON,0000773840-26-000080,2026-06-15T11:04:28.000Z,2026-06-15,-0.369863,23,50,2983
HON,0000773840-26-000072,2026-06-05T20:31:39.000Z,2026-06-05,-0.184211,31,45,3607
HON,0000773840-26-000068,2026-06-02T00:12:40.000Z,2026-06-02,0.083333,13,11,1618
HON,0001193125-26-242011,2026-05-27T20:36:23.000Z,2026-05-27,-0.75,1,7,623
HON,0000773840-26-000058,2026-04-23T13:59:08.000Z,2026-04-23,-0.402802,341,801,46101
HON,0000773840-26-000055,2026-04-23T10:03:02.000Z,2026-04-23,-0.385417,59,133,6851
HON,0001193125-26-118101,2026-03-21T00:04:06.000Z,2026-03-23,-0.550388,29,100,8314
HON,0001193125-26-108366,2026-03-16T20:15:22.000Z,2026-03-16,-0.410138,64,153,11382
HON,0001193125-26-095179,2026-03-06T13:59:59.000Z,2026-03-06,-0.361897,417,890,61299
HON,0000773840-26-000017,2026-03-03T12:09:07.000Z,2026-03-03,-0.009524,52,53,3661
HONA,0002089271-26-000020,2026-08-05T20:07:29.000Z,2026-08-05,-0.169231,27,38,4991
HONA,0001628280-26-045874,2026-06-29T10:59:57.000Z,2026-06-29,-0.288889,48,87,7658
HONA,0001628280-26-045348,2026-06-25T11:00:39.000Z,2026-06-25,-0.6,1,4,576
HONA,0001628280-26-043193,2026-06-15T20:15:36.000Z,2026-06-15,-0.021429,822,858,56643
HOOD,0001783879-26-000113,2026-07-29T20:05:14.000Z,2026-07-29,-0.36,40,85,6851
HOOD,0001783879-26-000083,2026-06-26T20:06:50.000Z,2026-06-26,0.333333,4,2,741
HOOD,0001783879-26-000077,2026-06-25T21:25:27.000Z,2026-06-25,-0.5,8,24,3485
HOOD,0001783879-26-000074,2026-06-23T10:04:43.000Z,2026-06-23,-0.125,14,18,4583
HOOD,0001783879-26-000071,2026-06-16T10:00:44.000Z,2026-06-16,-0.684211,3,16,846
HOOD,0001783879-26-000068,2026-06-03T20:06:22.000Z,2026-06-03,-0.6,1,4,666
HOOD,0001783879-26-000065,2026-05-08T21:10:23.000Z,2026-05-08,0.0,2,2,423
HOOD,0001783879-26-000061,2026-04-28T20:05:17.000Z,2026-04-28,-0.333333,33,66,6371
HOOD,0001783879-26-000045,2026-03-24T20:06:05.000Z,2026-03-24,-0.294118,12,22,2348
HPE,0001645590-26-000074,2026-08-04T20:15:38.000Z,2026-08-04,0.0,2,2,506
HPE,0001645590-26-000072,2026-07-24T11:47:39.000Z,2026-07-24,0.655172,24,5,1435
HPE,0001645590-26-000052,2026-06-01T20:09:22.000Z,2026-06-01,-0.262626,73,125,10083
HPE,0001645590-26-000045,2026-05-14T11:28:34.000Z,2026-05-14,-0.5,3,9,951
HPE,0001645590-26-000040,2026-05-04T20:05:14.000Z,2026-05-04,0.0,2,2,506
HPE,0001645590-26-000036,2026-04-03T13:50:38.000Z,2026-04-03,-0.333333,3,6,827
HPE,0001140361-26-010765,2026-03-23T20:18:31.000Z,2026-03-23,0.0,2,2,916
HPE,0001140361-26-010222,2026-03-18T20:40:49.000Z,2026-03-18,-0.466667,4,11,1245
HPE,0001645590-26-000028,2026-03-09T20:08:13.000Z,2026-03-09,-0.235294,52,84,8124
HPQ,0000047217-26-000048,2026-08-26T20:17:31.000Z,2026-08-26,-0.375796,49,108,5930
HPQ,0000047217-26-000041,2026-06-26T20:23:57.000Z,2026-06-26,-0.555556,2,7,479
HPQ,0000047217-26-000027,2026-05-27T20:17:25.000Z,2026-05-27,-0.430556,41,103,5782
HPQ,0000047217-26-000019,2026-04-21T21:07:21.000Z,2026-04-21,-0.666667,2,10,759
HRL,0000048465-26-000053,2026-08-26T17:42:37.000Z,2026-08-27,-0.51087,45,139,4549
HRL,0000048465-26-000049,2026-08-24T20:52:26.000Z,2026-08-24,-0.230769,5,8,1160
HRL,0000048465-26-000047,2026-07-28T11:00:20.000Z,2026-07-28,0.6,8,2,865
HRL,0000048465-26-000044,2026-06-12T20:09:40.000Z,2026-06-12,-0.428571,2,5,832
HRL,0000048465-26-000024,2026-05-27T21:41:28.000Z,2026-05-28,-0.196721,49,73,4079
HRL,0000048465-26-000018,2026-02-25T22:39:06.000Z,2026-02-26,-0.298246,40,74,4112
HSIC,0001000228-26-000043,2026-08-04T10:13:53.000Z,2026-08-04,-0.495327,27,80,4745
HSIC,0001193125-26-324857,2026-07-30T11:00:08.000Z,2026-07-30,-0.052632,36,40,2450
HSIC,0001193125-26-235496,2026-05-22T12:00:11.000Z,2026-05-22,-0.194444,29,43,2415
HSIC,0001000228-26-000021,2026-05-05T10:14:49.000Z,2026-05-05,-0.333333,37,74,4504
HST,0001070750-26-000122,2026-08-05T20:38:03.000Z,2026-08-05,-0.121495,141,180,21885
HST,0001070750-26-000109,2026-05-28T20:06:40.000Z,2026-05-28,-0.6,1,4,849
HST,0001070750-26-000086,2026-05-22T14:37:15.000Z,2026-05-22,-0.6,1,4,558
HST,0001070750-26-000077,2026-05-06T20:37:21.000Z,2026-05-06,-0.133333,130,170,20554
HSY,0001628280-26-050769,2026-07-30T10:48:34.000Z,2026-07-30,0.009009,56,55,4370
HSY,0001628280-26-041894,2026-06-09T20:11:16.000Z,2026-06-09,0.75,7,1,662
HSY,0001628280-26-038847,2026-05-28T20:26:39.000Z,2026-05-28,0.888889,17,1,1270
HSY,0001628280-26-032947,2026-05-08T20:31:06.000Z,2026-05-08,-0.666667,1,5,613
HSY,0001628280-26-028569,2026-04-30T10:47:24.000Z,2026-04-30,0.078431,55,47,4152
HSY,0001628280-26-025076,2026-04-14T20:21:14.000Z,2026-04-14,0.333333,2,1,399
HSY,0001628280-26-022272,2026-03-31T15:58:52.000Z,2026-03-31,-0.1,18,22,1446
HUBB,0001628280-26-049934,2026-07-28T12:02:27.000Z,2026-07-28,-0.482014,36,103,5442
HUBB,0001193125-26-263819,2026-06-09T20:25:44.000Z,2026-06-09,0.090909,6,5,869
HUBB,0001193125-26-261758,2026-06-08T20:14:08.000Z,2026-06-08,-0.57037,29,106,4692
HUBB,0001193125-26-227142,2026-05-15T21:00:16.000Z,2026-05-15,-0.621622,14,60,2326
HUBB,0001193125-26-209139,2026-05-06T20:30:53.000Z,2026-05-06,-0.866667,1,14,669
HUBB,0001193125-26-204099,2026-05-04T20:30:21.000Z,2026-05-04,-0.458564,49,132,5161
HUBB,0001628280-26-028600,2026-04-30T12:03:57.000Z,2026-04-30,-0.415385,38,92,5112
HUM,0000049071-26-000047,2026-07-29T11:00:20.000Z,2026-07-29,0.666667,15,3,1194
HUM,0000049071-26-000045,2026-07-29T10:19:53.000Z,2026-07-29,-0.054893,198,221,13376
HUM,0000049071-26-000027,2026-06-01T10:37:55.000Z,2026-06-01,-0.333333,2,4,771
HUM,0000049071-26-000025,2026-05-19T20:30:11.000Z,2026-05-19,-0.714286,2,12,1653
HUM,0000049071-26-000021,2026-04-29T10:06:00.000Z,2026-04-29,0.030162,222,209,13208
HUM,0000049071-26-000015,2026-04-20T20:31:18.000Z,2026-04-20,-0.8,1,9,661
HUM,0000049071-26-000013,2026-04-10T20:32:11.000Z,2026-04-10,0.428571,15,6,1145
HUM,0001628280-26-016031,2026-03-09T20:22:23.000Z,2026-03-09,-0.366667,57,123,5051
HUM,0000049071-26-000011,2026-03-02T12:30:07.000Z,2026-03-02,-0.333333,2,4,750
HWM,0001104659-26-091610,2026-08-06T11:00:35.000Z,2026-08-06,-0.235772,47,76,5590
HWM,0001104659-26-067497,2026-05-28T20:12:15.000Z,2026-05-28,-0.342593,284,580,38620
HWM,0001104659-26-066305,2026-05-26T20:30:51.000Z,2026-05-26,-0.6,1,4,623
HWM,0001104659-26-056645,2026-05-07T11:00:25.000Z,2026-05-07,-0.410714,33,79,5613
HWM,0001104659-26-039959,2026-04-06T20:24:02.000Z,2026-04-06,0.0,1,1,520
HWM,0001104659-26-039791,2026-04-06T13:00:15.000Z,2026-04-06,0.0,1,1,415
HWM,0001104659-26-025539,2026-03-10T11:00:59.000Z,2026-03-10,0.236364,136,84,8384
HWM,0001104659-26-022905,2026-03-03T21:32:59.000Z,2026-03-03,-0.724138,8,50,2743
IBKR,0001381197-26-000135,2026-07-31T17:14:26.000Z,2026-07-31,0.0,1,1,452
IBKR,0001381197-26-000130,2026-07-31T17:02:54.000Z,2026-07-31,0.0,1,1,454
IBKR,0001381197-26-000118,2026-07-21T20:11:00.000Z,2026-07-21,0.047619,11,10,2955
IBKR,0001381197-26-000085,2026-04-29T20:01:16.000Z,2026-04-29,-0.75,1,7,661
IBKR,0001381197-26-000078,2026-04-21T20:02:51.000Z,2026-04-21,0.047619,11,10,2874
IBM,0001104659-26-097089,2026-08-14T20:05:21.000Z,2026-08-14,0.5,3,1,944
IBM,0000051143-26-000077,2026-07-22T20:10:24.000Z,2026-07-22,0.016393,62,60,5418
IBM,0000051143-26-000070,2026-07-14T11:01:52.000Z,2026-07-14,-0.152941,36,49,3444
IBM,0000051143-26-000061,2026-06-23T20:18:27.000Z,2026-06-23,-0.5,1,3,1227
IBM,0000051143-26-000047,2026-05-28T10:49:17.000Z,2026-05-28,0.111111,5,4,1019
IBM,0000051143-26-000043,2026-05-01T20:18:17.000Z,2026-05-01,-0.375,5,11,1319
IBM,0000051143-26-000036,2026-04-22T20:10:35.000Z,2026-04-22,-0.043478,44,48,4828
IBM,0000051143-26-000015,2026-03-03T21:19:31.000Z,2026-03-03,0.6,4,1,870
ICE,0001193125-26-359930,2026-08-21T11:30:15.000Z,2026-08-21,-0.894737,1,18,1950
ICE,0001193125-26-359229,2026-08-20T20:22:57.000Z,2026-08-20,-0.2,2,3,876
ICE,0001193125-26-324909,2026-07-30T11:32:52.000Z,2026-07-30,-0.106719,113,140,9435
ICE,0001104659-26-088462,2026-07-30T11:30:31.000Z,2026-07-30,0.117647,19,15,3250
ICE,0001104659-26-063863,2026-05-19T20:31:01.000Z,2026-05-19,-0.818182,1,10,657
ICE,0001104659-26-052145,2026-04-30T11:30:33.000Z,2026-04-30,0.0,15,15,3098
IDXX,0001104659-26-090033,2026-08-04T10:32:59.000Z,2026-08-04,0.34375,86,42,6435
IDXX,0000874716-26-000110,2026-05-15T20:00:10.000Z,2026-05-15,-0.68,4,21,1116
IDXX,0001104659-26-055203,2026-05-05T10:31:53.000Z,2026-05-05,0.291667,93,51,6445
IDXX,0001104659-26-034906,2026-03-26T12:30:22.000Z,2026-03-26,-0.272727,4,7,900
IEX,0001193125-26-354040,2026-08-17T20:06:22.000Z,2026-08-17,-0.428571,2,5,445
IEX,0000832101-26-000019,2026-07-29T11:01:30.000Z,2026-07-29,-0.343284,44,90,4502
IEX,0000832101-26-000012,2026-05-08T17:36:45.000Z,2026-05-08,-0.6,1,4,558
IEX,0000832101-26-000007,2026-04-29T11:01:10.000Z,2026-04-29,-0.2,34,51,3774
IFF,0000051253-26-000032,2026-08-04T20:40:10.000Z,2026-08-04,-0.662921,15,74,2823
IFF,0000051253-26-000028,2026-08-04T20:24:34.000Z,2026-08-04,-0.333333,2,4,811
IFF,0001140361-26-026107,2026-06-23T20:39:50.000Z,2026-06-23,-0.833333,1,11,1039
IFF,0001193125-26-249963,2026-06-01T13:00:02.000Z,2026-06-01,-0.007519,66,67,4021
IFF,0000051253-26-000015,2026-05-05T20:17:59.000Z,2026-05-05,-0.571429,27,99,4997
IFF,0001140361-26-018910,2026-05-04T21:06:58.000Z,2026-05-04,-0.714286,1,6,609
INCY,0000879169-26-000053,2026-07-28T11:02:34.000Z,2026-07-28,0.061947,60,53,6915
INCY,0000879169-26-000048,2026-07-06T20:06:20.000Z,2026-07-06,0.090909,18,15,1456
INCY,0000879169-26-000046,2026-06-22T11:00:40.000Z,2026-06-22,0.0,4,4,523
INCY,0000879169-26-000043,2026-06-09T20:06:50.000Z,2026-06-09,-0.666667,1,5,450
INCY,0000879169-26-000040,2026-06-08T11:05:51.000Z,2026-06-08,0.02439,21,20,1944
INCY,0000879169-26-000023,2026-04-28T11:03:17.000Z,2026-04-28,0.142857,56,42,5731
INCY,0000879169-26-000018,2026-03-30T21:35:18.000Z,2026-03-30,-0.428571,2,5,438
INCY,0000879169-26-000016,2026-03-26T12:38:39.000Z,2026-03-26,0.466667,22,8,1210
INCY,0000879169-26-000013,2026-03-06T22:03:47.000Z,2026-03-06,-0.2,2,3,503
INTC,0001193125-26-346806,2026-08-12T20:05:07.000Z,2026-08-12,-0.30303,23,43,3293
INTC,0000050863-26-000155,2026-07-23T20:09:00.000Z,2026-07-23,-0.260606,61,104,5394
INTC,0000050863-26-000118,2026-05-15T20:13:15.000Z,2026-05-15,-0.833333,1,11,621
INTC,0001193125-26-197845,2026-04-30T21:16:06.000Z,2026-04-30,0.0,1,1,870
INTC,0000050863-26-000083,2026-04-24T20:15:20.000Z,2026-04-24,0.2,3,2,452
INTC,0000050863-26-000077,2026-04-23T20:07:02.000Z,2026-04-23,-0.369697,52,113,5249
INTC,0000050863-26-000072,2026-04-08T20:05:34.000Z,2026-04-08,-0.5,1,3,531
INTC,0000050863-26-000069,2026-04-03T16:50:37.000Z,2026-04-03,-0.2,2,3,455
INTC,0000050863-26-000044,2026-03-03T21:06:00.000Z,2026-03-03,0.75,35,5,1316
INTU,0000896878-26-000029,2026-08-25T20:02:29.000Z,2026-08-25,-0.284848,59,106,5887
INTU,0001193125-26-267866,2026-06-11T21:07:01.000Z,2026-06-11,0.0,1,1,742
INTU,0000896878-26-000024,2026-05-20T20:05:49.000Z,2026-05-20,-0.258621,86,146,7782
INTU,0000896878-26-000020,2026-04-28T20:08:13.000Z,2026-04-28,0.333333,2,1,412
INTU,0000896878-26-000017,2026-03-16T20:23:20.000Z,2026-03-16,-0.575758,7,26,1048
INTU,0000896878-26-000012,2026-02-26T21:02:55.000Z,2026-02-26,-0.277419,56,99,5339
INVH,0001687229-26-000041,2026-07-29T20:10:17.000Z,2026-07-29,-0.291667,51,93,10811
INVH,0001193125-26-298582,2026-07-08T20:30:53.000Z,2026-07-08,-0.73913,3,20,1658
INVH,0001193125-26-296211,2026-07-06T20:16:12.000Z,2026-07-06,0.0,2,2,750
INVH,0001687229-26-000037,2026-06-01T10:45:10.000Z,2026-06-01,0.179487,23,16,2517
INVH,0001193125-26-214709,2026-05-08T20:23:57.000Z,2026-05-08,-0.263158,7,12,1394
INVH,0001687229-26-000030,2026-04-29T20:10:40.000Z,2026-04-29,-0.253731,50,84,9937
INVH,0001687229-26-000024,2026-03-05T21:31:58.000Z,2026-03-05,0.118644,33,26,2467
INVH,0001687229-26-000020,2026-02-27T21:30:10.000Z,2026-02-27,0.307692,34,18,2871
IP,0000051434-26-000115,2026-07-30T11:19:18.000Z,2026-07-30,-0.421965,50,123,5317
IP,0000051434-26-000112,2026-07-17T20:10:28.000Z,2026-07-17,0.714286,18,3,1359
IP,0000051434-26-000075,2026-05-11T21:09:47.000Z,2026-05-11,-0.666667,1,5,631
IP,0000051434-26-000067,2026-04-30T11:16:01.000Z,2026-04-30,-0.442623,51,132,5297
IP,0001628280-26-011950,2026-02-26T11:13:28.000Z,2026-02-26,0.0,2,2,601
IQV,0001628280-26-049923,2026-07-28T11:03:16.000Z,2026-07-28,-0.27907,31,55,3902
IQV,0001193125-26-267763,2026-06-11T20:46:50.000Z,2026-06-11,-0.333333,1,2,650
IQV,0001193125-26-257730,2026-06-04T21:08:13.000Z,2026-06-04,0.294118,11,6,1069
IQV,0001193125-26-255635,2026-06-03T20:45:12.000Z,2026-06-03,0.5,9,3,971
IQV,0001193125-26-212463,2026-05-07T21:24:37.000Z,2026-05-07,0.176471,10,7,1053
IQV,0001628280-26-030118,2026-05-05T11:03:40.000Z,2026-05-05,-0.235955,34,55,3742
IQV,0001193125-26-173771,2026-04-23T20:20:58.000Z,2026-04-23,0.125,9,7,1148
IR,0001628280-26-051068,2026-07-30T20:16:30.000Z,2026-07-30,-0.60396,20,81,4341
IR,0001140361-26-025458,2026-06-16T20:45:32.000Z,2026-06-16,-0.5,2,6,800
IR,0001628280-26-027949,2026-04-28T20:19:58.000Z,2026-04-28,-0.571429,18,66,4188
IRM,0001020569-26-000068,2026-08-05T10:47:30.000Z,2026-08-05,-0.08209,246,290,17983
IRM,0001104659-26-078307,2026-06-26T20:41:34.000Z,2026-06-26,-0.2,2,3,1143
IRM,0001020569-26-000055,2026-05-12T20:42:49.000Z,2026-05-12,-0.25,3,5,778
IRM,0001020569-26-000036,2026-04-30T10:49:15.000Z,2026-04-30,0.004762,211,209,15252
IRM,0001020569-26-000016,2026-03-09T20:09:36.000Z,2026-03-09,-0.015228,194,200,18724
ISRG,0001035267-26-000063,2026-07-27T20:08:21.000Z,2026-07-27,-0.4,3,7,727
ISRG,0001035267-26-000047,2026-07-16T20:05:17.000Z,2026-07-16,0.012048,42,41,4612
ISRG,0001035267-26-000042,2026-05-28T20:35:49.000Z,2026-05-28,0.913043,22,1,1030
ISRG,0001035267-26-000035,2026-05-04T20:05:32.000Z,2026-05-04,-0.931034,1,28,1286
ISRG,0001035267-26-000029,2026-04-21T20:09:36.000Z,2026-04-21,0.014493,35,34,4009
ISRG,0001035267-26-000012,2026-03-02T22:13:42.000Z,2026-03-02,0.130435,13,10,1489
IT,0000749251-26-000243,2026-08-04T10:01:36.000Z,2026-08-04,-0.458824,23,62,3196
IT,0000749251-26-000198,2026-06-02T20:22:32.000Z,2026-06-02,-0.6,1,4,485
IT,0000749251-26-000165,2026-05-05T10:02:03.000Z,2026-05-05,-0.421053,22,54,3155
ITW,0001193125-26-349149,2026-08-13T20:05:32.000Z,2026-08-13,-0.333333,1,2,942
ITW,0000049826-26-000047,2026-07-28T13:21:11.000Z,2026-07-28,0.150685,42,31,3103
ITW,0000049826-26-000033,2026-05-22T20:03:12.000Z,2026-05-22,0.428571,5,2,692
ITW,0000049826-26-000030,2026-05-12T20:09:13.000Z,2026-05-12,-0.75,1,7,651
ITW,0000049826-26-000025,2026-04-30T13:14:47.000Z,2026-04-30,0.254237,37,22,2788
IVZ,0000914208-26-000252,2026-08-11T10:58:16.000Z,2026-08-11,0.111111,5,4,638
IVZ,0000914208-26-000229,2026-07-28T10:58:44.000Z,2026-07-28,0.113402,54,43,5522
IVZ,0000914208-26-000207,2026-07-10T12:01:42.000Z,2026-07-10,0.555556,7,2,651
IVZ,0000914208-26-000202,2026-06-09T20:20:53.000Z,2026-06-09,0.555556,7,2,638
IVZ,0000914208-26-000196,2026-05-22T20:19:29.000Z,2026-05-22,-0.8,1,9,735
IVZ,0000914208-26-000191,2026-05-11T20:22:35.000Z,2026-05-11,0.555556,7,2,669
IVZ,0000914208-26-000102,2026-04-28T10:56:56.000Z,2026-04-28,-0.09434,48,58,5344
IVZ,0000914208-26-000097,2026-04-10T12:04:02.000Z,2026-04-10,0.111111,5,4,682
IVZ,0000914208-26-000088,2026-03-10T20:19:46.000Z,2026-03-10,0.555556,7,2,669
J,0001193125-26-352551,2026-08-14T21:01:18.000Z,2026-08-14,0.0,1,1,384
J,0001628280-26-052563,2026-08-04T20:10:15.000Z,2026-08-04,-0.435294,48,122,7060
J,0001628280-26-030521,2026-05-05T20:09:51.000Z,2026-05-05,-0.644444,32,148,6769
J,0001628280-26-028137,2026-04-29T12:56:01.000Z,2026-04-29,-0.6,1,4,380
J,0001193125-26-110913,2026-03-17T20:28:56.000Z,2026-03-17,-0.777778,2,16,2313
J,0001193125-26-088712,2026-03-03T22:08:15.000Z,2026-03-03,-0.636364,2,9,1626
J,0001193125-26-077417,2026-02-26T22:20:29.000Z,2026-02-26,-0.230769,5,8,1240
JBHT,0001437749-26-023629,2026-07-15T20:26:22.000Z,2026-07-15,0.290323,40,22,2917
JBHT,0001437749-26-013243,2026-04-24T13:38:34.000Z,2026-04-24,-0.6,1,4,507
JBHT,0001437749-26-012396,2026-04-15T20:19:19.000Z,2026-04-15,0.230769,32,20,2629
JBHT,0001437749-26-007077,2026-03-05T21:15:30.000Z,2026-03-05,0.75,14,2,1264
JBL,0001628280-26-043719,2026-06-17T11:32:41.000Z,2026-06-17,-0.258427,33,56,2897
JBL,0001193125-26-170734,2026-04-22T21:00:37.000Z,2026-04-22,-0.411765,5,12,795
JBL,0001628280-26-019043,2026-03-18T11:32:42.000Z,2026-03-18,-0.21519,31,48,2826
JCI,0000833444-26-000083,2026-07-29T10:57:16.000Z,2026-07-29,-0.521739,33,105,5284
JCI,0000833444-26-000064,2026-06-03T21:04:39.000Z,2026-06-03,0.259259,17,10,1675
JCI,0000833444-26-000058,2026-05-13T20:39:55.000Z,2026-05-13,-0.130435,10,13,1359
JCI,0000833444-26-000047,2026-05-06T10:57:08.000Z,2026-05-06,-0.5,34,102,5293
JCI,0000833444-26-000040,2026-05-04T21:15:53.000Z,2026-05-04,0.0,1,1,690
JCI,0000833444-26-000029,2026-03-06T21:55:15.000Z,2026-03-06,-0.8,1,9,1105
JKHY,0000779152-26-000060,2026-08-24T20:59:31.000Z,2026-08-24,0.652174,19,4,1344
JKHY,0000779152-26-000057,2026-08-18T20:38:48.000Z,2026-08-18,0.5,36,12,5156
JKHY,0000779152-26-000052,2026-08-11T21:24:02.000Z,2026-08-11,0.538462,10,3,732
JKHY,0000779152-26-000036,2026-06-04T13:04:38.000Z,2026-06-04,0.777778,24,3,1107
JKHY,0000779152-26-000027,2026-05-12T15:20:03.000Z,2026-05-12,0.571429,11,3,760
JKHY,0000779152-26-000021,2026-05-05T20:21:12.000Z,2026-05-05,0.392857,39,17,5215
JKHY,0000779152-26-000018,2026-04-28T21:22:45.000Z,2026-04-28,0.333333,10,5,890
JKHY,0000779152-26-000013,2026-03-26T19:12:06.000Z,2026-03-26,-0.666667,3,15,1124
JNJ,0000200406-26-000167,2026-08-04T12:48:52.000Z,2026-08-04,0.755102,43,6,1328
JNJ,0000200406-26-000163,2026-07-29T21:25:05.000Z,2026-07-29,0.300813,80,43,3621
JNJ,0000200406-26-000155,2026-07-28T00:15:31.000Z,2026-07-28,-0.538462,21,70,1722
JNJ,0000200406-26-000146,2026-07-15T11:49:04.000Z,2026-07-15,-0.031447,77,82,5772
JNJ,0000200406-26-000089,2026-04-27T21:33:52.000Z,2026-04-28,-0.714286,1,6,703
JNJ,0000200406-26-000076,2026-04-14T11:35:25.000Z,2026-04-14,0.034483,60,56,4502
JPM,0001193125-26-314128,2026-07-23T20:15:21.000Z,2026-07-23,-0.333333,1,2,832
JPM,0000019617-26-000288,2026-07-23T20:15:21.000Z,2026-07-23,0.2,3,2,744
JPM,0001628280-26-048086,2026-07-14T13:52:21.000Z,2026-07-14,0.181818,13,9,3879
JPM,0001628280-26-048078,2026-07-14T10:30:38.000Z,2026-07-14,-0.136691,60,79,12052
JPM,0000019617-26-000241,2026-06-25T11:59:33.000Z,2026-06-25,0.466667,11,4,1241
JPM,0001628280-26-045169,2026-06-24T20:07:40.000Z,2026-06-24,-0.837838,18,204,4230
JPM,0001628280-26-045167,2026-06-24T20:06:40.000Z,2026-06-24,0.0,7,7,1477
JPM,0001193125-26-253533,2026-06-02T20:15:25.000Z,2026-06-02,-0.333333,1,2,749
JPM,0001193125-26-242018,2026-05-27T20:39:34.000Z,2026-05-27,0.0,2,2,1046
JPM,0000019617-26-000228,2026-05-21T20:15:13.000Z,2026-05-21,-0.777778,1,8,843
JPM,0001193125-26-211978,2026-05-07T20:16:48.000Z,2026-05-07,-0.692308,2,11,1277
JPM,0000019617-26-000119,2026-04-24T20:16:13.000Z,2026-04-24,0.428571,5,2,758
JPM,0001193125-26-173739,2026-04-23T20:15:28.000Z,2026-04-23,-0.333333,1,2,785
JPM,0001628280-26-025013,2026-04-14T14:05:26.000Z,2026-04-14,-0.259259,10,17,4060
JPM,0001628280-26-024990,2026-04-14T10:32:42.000Z,2026-04-14,-0.338843,40,81,11353
KDP,0001418135-26-000053,2026-08-12T12:08:30.000Z,2026-08-12,0.2,3,2,511
KDP,0001418135-26-000048,2026-08-06T11:02:13.000Z,2026-08-06,-0.5,43,129,10408
KDP,0001418135-26-000045,2026-06-25T20:11:01.000Z,2026-06-25,0.5,3,1,438
KDP,0000950142-26-001848,2026-06-23T12:01:58.000Z,2026-06-23,0.066667,40,35,2811
KDP,0001418135-26-000041,2026-06-18T20:18:32.000Z,2026-06-18,-0.25,3,5,589
KDP,0000950142-26-001475,2026-05-22T20:23:50.000Z,2026-05-22,-0.777778,1,8,789
KDP,0001418135-26-000030,2026-05-20T20:16:16.000Z,2026-05-20,0.714286,6,1,663
KDP,0001418135-26-000020,2026-04-23T11:01:48.000Z,2026-04-23,-0.270833,35,61,5148
KDP,0001193125-26-135642,2026-04-01T10:40:01.000Z,2026-04-01,-0.247312,35,58,5160
KDP,0001193125-26-126214,2026-03-26T20:06:31.000Z,2026-03-26,-0.703704,4,23,2781
KDP,0000950142-26-000697,2026-03-12T21:06:31.000Z,2026-03-12,-0.571429,3,11,1295
KDP,0001193125-26-099459,2026-03-10T12:50:26.000Z,2026-03-10,-0.574944,95,352,34067
KEY,0001628280-26-057141,2026-08-14T20:20:20.000Z,2026-08-14,-0.882353,1,16,1406
KEY,0000091576-26-000017,2026-07-21T10:31:09.000Z,2026-07-21,-0.546512,78,266,12536
KEY,0001193125-26-265823,2026-06-10T20:08:12.000Z,2026-06-10,0.0,1,1,838
KEY,0001628280-26-040502,2026-06-03T21:12:51.000Z,2026-06-03,-0.428977,201,503,40718
KEY,0001628280-26-039245,2026-05-29T21:12:12.000Z,2026-05-29,0.321429,74,38,5592
KEY,0001628280-26-035060,2026-05-14T20:02:04.000Z,2026-05-14,-0.428571,4,10,1862
KEY,0000091576-26-000013,2026-04-16T10:32:20.000Z,2026-04-16,-0.489614,86,251,12132
KEY,0001628280-26-013254,2026-03-02T21:33:25.000Z,2026-03-02,-0.142857,6,8,760
KEYS,0001601046-26-000032,2026-08-26T20:12:10.000Z,2026-08-26,0.9,19,1,1194
KEYS,0001601046-26-000029,2026-08-18T20:09:53.000Z,2026-08-18,-0.125,28,36,3847
KEYS,0001601046-26-000019,2026-05-19T20:08:49.000Z,2026-05-19,0.015873,32,31,3956
KEYS,0001601046-26-000017,2026-04-23T12:43:38.000Z,2026-04-23,-0.866667,1,14,724
KEYS,0001601046-26-000015,2026-03-24T13:08:13.000Z,2026-03-24,-0.75,1,7,571
KEYS,0001601046-26-000011,2026-03-13T12:31:48.000Z,2026-03-13,-0.333333,1,2,418
KHC,0001637459-26-000057,2026-08-26T12:03:49.000Z,2026-08-26,0.4,7,3,997
KHC,0001637459-26-000052,2026-08-05T11:01:49.000Z,2026-08-05,-0.452915,61,162,5462
KHC,0001637459-26-000047,2026-07-27T20:37:31.000Z,2026-07-27,-0.076923,6,7,970
KHC,0001637459-26-000037,2026-06-18T12:01:50.000Z,2026-06-18,0.2,3,2,489
KHC,0001193125-26-262099,2026-06-08T21:25:35.000Z,2026-06-08,-0.333333,1,2,627
KHC,0001193125-26-234627,2026-05-21T20:44:33.000Z,2026-05-21,-0.478261,12,34,4733
KHC,0001637459-26-000028,2026-05-19T20:21:51.000Z,2026-05-19,-0.714286,1,6,584
KHC,0001193125-26-219918,2026-05-12T21:31:34.000Z,2026-05-13,-0.333333,1,2,593
KHC,0001193125-26-210459,2026-05-07T12:27:01.000Z,2026-05-07,-0.212121,13,20,3074
KHC,0001637459-26-000020,2026-05-06T11:01:20.000Z,2026-05-06,-0.394872,59,136,4885
KIM,0001193125-26-331498,2026-08-04T10:55:09.000Z,2026-08-04,-0.113636,39,49,4607
KIM,0001140361-26-025223,2026-06-15T20:19:59.000Z,2026-06-15,-0.518519,13,41,3347
KIM,0001140361-26-024883,2026-06-11T12:40:41.000Z,2026-06-11,-0.508197,15,46,3867
KIM,0001140361-26-022535,2026-05-22T12:00:58.000Z,2026-05-22,-0.666667,1,5,793
KIM,0001193125-26-193907,2026-04-30T10:54:59.000Z,2026-04-30,-0.179487,32,46,4382
KKR,0001140361-26-030498,2026-07-31T20:15:38.000Z,2026-07-31,-0.666667,2,10,863
KKR,0001404912-26-000022,2026-07-30T10:55:03.000Z,2026-07-30,-0.147929,72,97,13965
KKR,0001140361-26-023322,2026-05-29T20:16:25.000Z,2026-05-29,-0.666667,1,5,628
KKR,0001140361-26-023137,2026-05-28T20:15:25.000Z,2026-05-28,-0.6,1,4,634
KKR,0001404912-26-000011,2026-05-05T10:50:36.000Z,2026-05-05,-0.164557,66,92,13827
KKR,0001140361-26-016769,2026-04-24T21:17:49.000Z,2026-04-24,-0.6,2,8,1012
KLAC,0001193125-26-338242,2026-08-06T20:30:31.000Z,2026-08-06,0.555556,7,2,629
KLAC,0000319201-26-000024,2026-07-28T20:08:02.000Z,2026-07-28,-0.350649,25,52,3571
KLAC,0001193125-26-269375,2026-06-12T20:05:07.000Z,2026-06-12,-0.555556,2,7,547
KLAC,0001193125-26-212093,2026-05-07T20:27:37.000Z,2026-05-07,-0.321429,19,37,1821
KLAC,0000319201-26-000014,2026-04-29T20:06:15.000Z,2026-04-29,-0.386667,23,52,3474
KLAC,0001193125-26-102999,2026-03-12T10:30:06.000Z,2026-03-12,-0.644444,8,37,1413
KMB,0001628280-26-052113,2026-08-04T10:33:40.000Z,2026-08-04,-0.061728,76,86,5888
KMB,0001628280-26-035124,2026-05-14T20:16:55.000Z,2026-05-14,-0.666667,1,5,504
KMB,0001628280-26-030566,2026-05-05T20:16:50.000Z,2026-05-05,0.6,4,1,438
KMB,0001628280-26-027718,2026-04-28T10:33:35.000Z,2026-04-28,0.088235,74,62,4677
KMI,0001506307-26-000111,2026-08-07T21:31:49.000Z,2026-08-10,0.0,1,1,451
KMI,0001104659-26-089797,2026-08-03T20:13:14.000Z,2026-08-03,-0.833333,1,11,862
KMI,0001506307-26-000063,2026-07-22T20:09:59.000Z,2026-07-22,0.2,36,24,5976
KMI,0001506307-26-000049,2026-05-28T20:02:36.000Z,2026-05-28,-0.5,1,3,493
KMI,0001506307-26-000043,2026-05-19T16:07:03.000Z,2026-05-19,-0.6,1,4,572
KMI,0001506307-26-000041,2026-05-14T21:32:25.000Z,2026-05-15,0.0,1,1,512
KMI,0001506307-26-000037,2026-04-24T21:31:56.000Z,2026-04-27,0.0,1,1,510
KMI,0001506307-26-000033,2026-04-22T20:12:02.000Z,2026-04-22,0.194444,43,29,6808
KO,0001628280-26-049922,2026-07-28T10:58:13.000Z,2026-07-28,-0.373239,89,195,9700
KO,0001628280-26-048466,2026-07-16T20:20:56.000Z,2026-07-16,-0.666667,2,10,760
KO,0001552781-26-000366,2026-06-25T20:19:25.000Z,2026-06-25,0.882353,16,1,1453
KO,0001628280-26-029230,2026-05-01T18:01:51.000Z,2026-05-01,-0.833333,1,11,897
KO,0001628280-26-027723,2026-04-28T11:00:30.000Z,2026-04-28,-0.339286,74,150,8283
KR,0001104659-26-079552,2026-07-01T11:09:12.000Z,2026-07-01,-0.111111,4,5,483
KR,0001104659-26-078272,2026-06-26T20:15:26.000Z,2026-06-26,-0.4,3,7,710
KR,0001104659-26-075395,2026-06-18T10:52:56.000Z,2026-06-18,-0.28,36,64,4271
KR,0001104659-26-066818,2026-05-27T18:38:46.000Z,2026-05-27,0.0,1,1,443
KR,0001104659-26-023800,2026-03-05T11:52:13.000Z,2026-03-05,-0.223684,59,93,5618
KVUE,0001944048-26-000141,2026-08-06T10:48:04.000Z,2026-08-06,0.006897,73,72,5482
KVUE,0001944048-26-000102,2026-05-22T20:57:53.000Z,2026-05-22,-0.714286,1,6,564
KVUE,0001944048-26-000097,2026-05-07T10:32:39.000Z,2026-05-07,-0.014925,66,68,4948
KVUE,0000950157-26-000493,2026-04-15T13:06:38.000Z,2026-04-15,-0.272727,4,7,1021
L,0000060086-26-000045,2026-08-03T10:06:10.000Z,2026-08-03,-0.265306,54,93,5213
L,0000060086-26-000037,2026-05-12T20:16:44.000Z,2026-05-12,-0.6,1,4,526
L,0000060086-26-000029,2026-05-04T10:04:48.000Z,2026-05-04,-0.617834,30,127,5047
LDOS,0001336920-26-000243,2026-08-03T21:42:19.000Z,2026-08-04,-0.597484,32,127,6198
LDOS,0001336920-26-000177,2026-05-06T20:05:11.000Z,2026-05-06,-0.75,1,7,787
LDOS,0001336920-26-000167,2026-05-04T22:47:00.000Z,2026-05-05,-0.472,33,92,5558
LDOS,0001193125-26-155884,2026-04-15T10:17:27.000Z,2026-04-15,-0.442857,39,101,3762
LDOS,0001193125-26-130304,2026-03-30T10:09:57.000Z,2026-03-30,-0.471698,14,39,1628
LDOS,0001193125-26-085897,2026-03-02T22:54:21.000Z,2026-03-03,-0.888889,1,17,1523
LEN,0001193125-26-268580,2026-06-12T13:00:21.000Z,2026-06-12,0.472222,53,19,2528
LEN,0001628280-26-042551,2026-06-11T20:48:58.000Z,2026-06-11,-0.369863,23,50,3777
LEN,0001628280-26-041334,2026-06-05T21:59:25.000Z,2026-06-08,0.818182,20,2,1211
LEN,0001628280-26-024894,2026-04-13T20:16:01.000Z,2026-04-13,-0.714286,1,6,633
LEN,0001628280-26-017308,2026-03-12T20:34:53.000Z,2026-03-12,-0.265823,29,50,3466
LH,0000920148-26-000185,2026-08-17T12:03:09.000Z,2026-08-17,0.666667,10,2,724
LH,0000920148-26-000182,2026-08-14T12:55:14.000Z,2026-08-14,0.2,3,2,432
LH,0000920148-26-000162,2026-07-30T10:53:18.000Z,2026-07-30,-0.151515,28,38,3572
LH,0000920148-26-000157,2026-07-10T11:31:41.000Z,2026-07-10,0.777778,8,1,596
LH,0000920148-26-000150,2026-06-30T20:20:07.000Z,2026-06-30,0.777778,8,1,696
LH,0000920148-26-000147,2026-05-27T12:04:15.000Z,2026-05-27,0.777778,8,1,656
LH,0000920148-26-000143,2026-05-26T20:01:56.000Z,2026-05-26,-0.666667,1,5,644
LH,0000920148-26-000135,2026-04-30T10:57:12.000Z,2026-04-30,-0.114286,31,39,3407
LH,0000920148-26-000131,2026-04-09T10:54:28.000Z,2026-04-09,0.8,9,1,599
LH,0000920148-26-000128,2026-03-31T20:21:45.000Z,2026-03-31,0.777778,8,1,696
LH,0001193125-26-117879,2026-03-20T21:01:33.000Z,2026-03-20,-0.833333,1,11,949
LHX,0000202058-26-000066,2026-08-17T11:30:40.000Z,2026-08-17,0.103448,32,26,3167
LHX,0000202058-26-000054,2026-07-29T20:08:15.000Z,2026-07-29,-0.272727,20,35,2808
LHX,0000202058-26-000047,2026-07-24T20:06:26.000Z,2026-07-24,0.0,5,5,846
LHX,0000202058-26-000037,2026-05-12T21:06:45.000Z,2026-05-12,-0.5,2,6,652
LHX,0000202058-26-000032,2026-04-30T10:56:47.000Z,2026-04-30,-0.348837,14,29,2486
LHX,0000202058-26-000024,2026-04-23T10:03:37.000Z,2026-04-23,-0.6875,5,27,1629
LHX,0000202058-26-000022,2026-03-12T12:32:27.000Z,2026-03-12,0.473684,14,5,1166
LHX,0000202058-26-000020,2026-03-02T22:01:09.000Z,2026-03-02,0.4,21,9,1442
LII,0001069202-26-000085,2026-07-29T10:51:31.000Z,2026-07-29,-0.107692,29,36,2911
LII,0001069202-26-000076,2026-05-28T18:58:38.000Z,2026-05-28,-0.6,2,8,688
LII,0001069202-26-000052,2026-04-29T10:52:46.000Z,2026-04-29,-0.171429,29,41,2879
LIN,0001654954-26-007052,2026-07-31T11:24:29.000Z,2026-07-31,0.076923,14,12,1774
LIN,0001193125-26-325127,2026-07-30T14:07:52.000Z,2026-07-30,-0.777778,1,8,731
LIN,0001193125-26-221558,2026-05-13T20:01:09.000Z,2026-05-13,-0.2,2,3,1207
LIN,0001654954-26-004202,2026-05-01T10:47:13.000Z,2026-05-01,0.358491,36,17,3825
LITE,0001628280-26-055726,2026-08-11T20:24:11.000Z,2026-08-11,-0.339806,34,69,4539
LITE,0001628280-26-051078,2026-07-30T20:23:56.000Z,2026-07-30,0.333333,2,1,445
LITE,0001193125-26-249535,2026-06-01T10:01:42.000Z,2026-06-01,-0.5,1,3,647
LITE,0001628280-26-030530,2026-05-05T20:11:28.000Z,2026-05-05,-0.225,31,49,4040
LITE,0001193125-26-146256,2026-04-08T10:04:13.000Z,2026-04-08,-0.5,1,3,680
LITE,0001193125-26-085412,2026-03-02T21:10:21.000Z,2026-03-02,0.076923,28,24,2737
LLY,0000059478-26-000077,2026-08-05T11:05:09.000Z,2026-08-05,-0.381818,34,76,4273
LLY,0001193125-26-232707,2026-05-20T20:30:32.000Z,2026-05-20,-0.5,1,3,1452
LLY,0000059478-26-000048,2026-05-07T20:41:48.000Z,2026-05-07,-0.777778,1,8,742
LLY,0000059478-26-000043,2026-04-30T11:03:30.000Z,2026-04-30,-0.327273,37,73,4093
LMT,0001628280-26-049277,2026-07-23T10:30:57.000Z,2026-07-23,-0.204545,35,53,4561
LMT,0000936468-26-000011,2026-05-12T22:19:30.000Z,2026-05-13,-0.666667,1,5,532
LMT,0001628280-26-026683,2026-04-23T10:36:10.000Z,2026-04-23,-0.146341,35,47,4539
LNT,0001193125-26-360020,2026-08-21T12:45:22.000Z,2026-08-21,-0.5,2,6,1400
LNT,0000352541-26-000042,2026-07-30T22:02:45.000Z,2026-07-31,-0.378641,32,71,4760
LNT,0000352541-26-000036,2026-05-21T21:05:15.000Z,2026-05-21,-0.6,1,4,440
LNT,0000352541-26-000030,2026-04-30T22:23:14.000Z,2026-05-01,-0.386139,31,70,4638
LNT,0001193125-26-116244,2026-03-19T21:28:52.000Z,2026-03-19,-0.5,1,3,1214
LNT,0000352541-26-000009,2026-03-04T01:13:29.000Z,2026-03-04,-0.6,2,8,837
LOW,0000060667-26-000113,2026-08-19T12:45:07.000Z,2026-08-19,0.0,31,31,3769
LOW,0000060667-26-000091,2026-06-02T20:48:35.000Z,2026-06-02,-0.75,1,7,574
LOW,0000060667-26-000062,2026-05-20T12:45:10.000Z,2026-05-20,-0.0625,30,34,3520
LOW,0000060667-26-000020,2026-02-25T13:44:53.000Z,2026-02-25,0.090909,36,30,4119
LRCX,0000707549-26-000033,2026-07-29T20:07:10.000Z,2026-07-29,0.071429,15,13,2724
LRCX,0000707549-26-000020,2026-04-22T20:09:16.000Z,2026-04-22,0.066667,16,14,2725
LULU,0001397187-26-000120,2026-08-13T20:20:13.000Z,2026-08-13,-0.333333,1,2,356
LULU,0001397187-26-000088,2026-06-25T23:09:57.000Z,2026-06-26,-0.5,2,6,904
LULU,0001397187-26-000077,2026-06-04T20:09:31.000Z,2026-06-04,-0.365854,13,28,2686
LULU,0001213900-26-061531,2026-05-27T20:30:16.000Z,2026-05-27,0.348837,29,14,2166
LULU,0001213900-26-048264,2026-04-28T11:51:22.000Z,2026-04-28,0.714286,18,3,2293
LULU,0001397187-26-000070,2026-04-22T20:18:12.000Z,2026-04-22,0.574468,37,10,3036
LULU,0001397187-26-000019,2026-03-17T20:12:26.000Z,2026-03-17,-0.238095,16,26,3194
LULU,0001397187-26-000017,2026-03-17T20:09:06.000Z,2026-03-17,0.809524,19,2,2129
LUV,0000092380-26-000098,2026-08-12T20:06:35.000Z,2026-08-12,-0.5,2,6,1183
LUV,0000092380-26-000093,2026-08-10T20:05:06.000Z,2026-08-10,0.333333,4,2,984
LUV,0001193125-26-340284,2026-08-07T20:15:36.000Z,2026-08-07,0.5,12,4,907
LUV,0000092380-26-000074,2026-07-22T20:05:41.000Z,2026-07-22,-0.2,36,54,5456
LUV,0001193125-26-230895,2026-05-19T20:30:55.000Z,2026-05-19,-0.111111,4,5,967
LUV,0000092380-26-000050,2026-05-11T20:24:00.000Z,2026-05-11,-0.6,1,4,495
LUV,0000092380-26-000044,2026-04-22T20:19:14.000Z,2026-04-22,-0.156863,43,59,4692
LUV,0001193125-26-102966,2026-03-12T10:02:44.000Z,2026-03-12,-0.25,3,5,855
LVS,0001300514-26-000078,2026-07-22T20:09:10.000Z,2026-07-22,0.260504,75,44,4591
LVS,0001300514-26-000073,2026-05-18T20:04:43.000Z,2026-05-18,-0.5,1,3,540
LVS,0001300514-26-000070,2026-05-13T20:09:58.000Z,2026-05-13,-0.6,2,8,1314
LVS,0001300514-26-000062,2026-05-05T21:20:11.000Z,2026-05-05,-0.333333,2,4,669
LVS,0001300514-26-000039,2026-04-22T20:07:21.000Z,2026-04-22,0.258621,73,43,4434
LVS,0001300514-26-000021,2026-03-05T21:40:25.000Z,2026-03-05,0.066667,16,14,1038
LYB,0001489393-26-000057,2026-07-31T10:31:44.000Z,2026-07-31,-0.160714,94,130,5907
LYB,0001489393-26-000050,2026-05-29T20:15:19.000Z,2026-05-29,0.0,2,2,668
LYB,0001489393-26-000034,2026-05-22T20:05:39.000Z,2026-05-22,-0.888889,1,17,1049
LYB,0001489393-26-000025,2026-05-01T10:31:38.000Z,2026-05-01,-0.190909,89,131,5928
LYV,0001335258-26-000034,2026-07-30T20:20:07.000Z,2026-07-30,-0.285714,30,54,4396
LYV,0001335258-26-000025,2026-06-12T20:31:32.000Z,2026-06-12,-0.6,1,4,572
LYV,0001335258-26-000023,2026-05-08T21:04:34.000Z,2026-05-08,-0.6,1,4,729
LYV,0001335258-26-000018,2026-05-05T20:16:22.000Z,2026-05-05,-0.341772,26,53,4261
MA,0001141391-26-000081,2026-07-30T12:07:03.000Z,2026-07-30,-0.203252,49,74,5167
MA,0001141391-26-000041,2026-06-17T20:04:44.000Z,2026-06-17,-0.714286,1,6,617
MA,0001193125-26-261669,2026-06-08T20:02:24.000Z,2026-06-08,-0.333333,1,2,899
MA,0001141391-26-000037,2026-06-02T20:15:00.000Z,2026-06-02,0.727273,38,6,1485
MA,0001141391-26-000034,2026-05-07T20:17:31.000Z,2026-05-07,0.666667,5,1,599
MA,0001141391-26-000029,2026-04-30T12:03:33.000Z,2026-04-30,-0.294118,30,55,3987
MAA,0001193125-26-332847,2026-08-04T20:15:30.000Z,2026-08-04,0.356401,196,93,8456
MAA,0001193125-26-324880,2026-07-30T11:12:10.000Z,2026-07-30,0.0,1,1,536
MAA,0001193125-26-323756,2026-07-29T20:15:19.000Z,2026-07-29,0.306358,113,60,8945
MAA,0001193125-26-282807,2026-06-25T20:15:18.000Z,2026-06-25,-0.684211,3,16,1473
MAA,0001193125-26-251471,2026-06-01T20:20:04.000Z,2026-06-01,0.400722,194,83,8238
MAA,0001193125-26-232618,2026-05-20T20:15:17.000Z,2026-05-20,-0.6,1,4,606
MAA,0001193125-26-204026,2026-05-04T20:15:33.000Z,2026-05-04,0.378486,173,78,8068
MAA,0001193125-26-191620,2026-04-29T20:15:20.000Z,2026-04-29,0.365854,112,52,8583
MAA,0001193125-26-082682,2026-02-27T21:15:40.000Z,2026-02-27,0.376,172,78,8201
MAA,0001193125-26-082680,2026-02-27T21:15:25.000Z,2026-02-27,-0.818182,1,10,989
MAA,0001193125-26-072186,2026-02-25T22:29:30.000Z,2026-02-25,-0.345455,18,37,2419
MAR,0001193125-26-349395,2026-08-13T20:39:39.000Z,2026-08-13,-0.333333,1,2,948
MAR,0001048286-26-000033,2026-08-03T11:00:14.000Z,2026-08-03,-0.234568,62,100,8180
MAR,0001193125-26-220804,2026-05-13T14:00:06.000Z,2026-05-13,-0.6,1,4,488
MAR,0001048286-26-000012,2026-05-06T11:00:24.000Z,2026-05-06,-0.236111,55,89,7321
MAS,0000062996-26-000026,2026-07-29T11:01:48.000Z,2026-07-29,-0.105263,17,21,2511
MAS,0000062996-26-000016,2026-05-14T20:17:22.000Z,2026-05-14,-0.411765,5,12,937
MAS,0000062996-26-000013,2026-04-22T11:01:13.000Z,2026-04-22,-0.032258,15,16,2273
MAS,0001213900-26-045890,2026-04-21T12:30:24.000Z,2026-04-21,-0.142857,3,4,577
MAS,0000062996-26-000008,2026-03-26T20:10:09.000Z,2026-03-26,-0.666667,1,5,1229
MCD,0000063908-26-000069,2026-08-04T11:44:19.000Z,2026-08-04,0.777778,40,5,1388
MCD,0000063908-26-000067,2026-08-04T11:01:40.000Z,2026-08-04,-0.379032,154,342,11812
MCD,0000063908-26-000055,2026-05-22T14:34:58.000Z,2026-05-22,-0.714286,1,6,537
MCD,0000063908-26-000048,2026-05-07T11:01:19.000Z,2026-05-07,-0.389691,148,337,10929
MCHP,0000827054-26-000042,2026-08-19T18:57:09.000Z,2026-08-19,-0.8,1,9,679
MCHP,0000827054-26-000037,2026-08-06T20:17:56.000Z,2026-08-06,-0.022222,44,46,4587
MCHP,0000827054-26-000031,2026-07-24T20:16:56.000Z,2026-07-24,0.0,2,2,420
MCHP,0000827054-26-000020,2026-06-01T20:18:43.000Z,2026-06-01,0.75,7,1,602
MCHP,0000827054-26-000012,2026-05-07T20:19:46.000Z,2026-05-07,-0.157895,56,77,5380
MCK,0000927653-26-000232,2026-08-05T20:06:03.000Z,2026-08-05,0.0,1,1,498
MCK,0000927653-26-000215,2026-07-24T20:10:19.000Z,2026-07-24,-0.75,1,7,735
MCK,0000927653-26-000185,2026-07-01T12:02:50.000Z,2026-07-01,0.333333,2,1,452
MCK,0000927653-26-000167,2026-06-12T12:05:33.000Z,2026-06-12,-0.333333,1,2,838
MCK,0000927653-26-000066,2026-05-07T20:07:24.000Z,2026-05-07,0.0,1,1,501
MCK,0000927653-26-000053,2026-04-28T12:21:51.000Z,2026-04-28,-0.076923,6,7,1156
MCK,0000927653-26-000045,2026-04-06T12:03:56.000Z,2026-04-06,-0.142857,3,4,1035
MCK,0000927653-26-000038,2026-03-06T13:04:16.000Z,2026-03-06,0.333333,2,1,648
MCK,0000927653-26-000035,2026-03-05T13:16:51.000Z,2026-03-05,-0.285714,25,45,2069
MCO,0001059556-26-000038,2026-08-12T20:20:05.000Z,2026-08-12,0.764706,15,2,1346
MCO,0001628280-26-049104,2026-07-22T10:59:12.000Z,2026-07-22,-0.494253,44,130,6779
MCO,0001628280-26-026383,2026-04-22T10:59:06.000Z,2026-04-22,-0.56,33,117,6465
MCO,0001059556-26-000031,2026-04-16T20:36:10.000Z,2026-04-16,-0.6,1,4,504
MCO,0001059556-26-000028,2026-04-15T12:14:27.000Z,2026-04-15,0.913043,22,1,1205
MDLZ,0001628280-26-050157,2026-07-28T20:09:14.000Z,2026-07-28,-0.261682,79,135,6972
MDLZ,0001628280-26-044384,2026-06-18T20:45:31.000Z,2026-06-18,0.2,6,4,1071
MDLZ,0001628280-26-038064,2026-05-26T20:04:36.000Z,2026-05-26,-0.714286,1,6,660
MDLZ,0001628280-26-027915,2026-04-28T20:07:35.000Z,2026-04-28,-0.309278,67,127,6688
MDT,0001628280-26-040034,2026-06-03T10:47:08.000Z,2026-06-03,-0.165217,48,67,5988
MDT,0001628280-26-035959,2026-05-18T20:30:33.000Z,2026-05-18,0.333333,2,1,716
MDT,0001628280-26-027272,2026-04-24T21:45:33.000Z,2026-04-27,-0.761905,5,37,1410
MDT,0001613103-26-000005,2026-03-24T20:42:04.000Z,2026-03-24,-0.411765,5,12,1406
MET,0001099219-26-000052,2026-08-17T20:30:24.000Z,2026-08-17,-0.384615,4,9,1026
MET,0001099219-26-000048,2026-08-05T20:31:29.000Z,2026-08-05,-0.237009,301,488,25839
MET,0001099219-26-000045,2026-06-29T10:27:03.000Z,2026-06-29,0.0,4,4,808
MET,0001099219-26-000041,2026-06-22T20:21:59.000Z,2026-06-22,-0.6,1,4,576
MET,0001099219-26-000037,2026-05-15T20:18:47.000Z,2026-05-15,-0.272727,4,7,967
MET,0001099219-26-000032,2026-05-06T20:31:49.000Z,2026-05-06,-0.246452,292,483,25679
MET,0001099219-26-000019,2026-04-07T10:05:59.000Z,2026-04-07,0.0,4,4,808
MET,0001099219-26-000015,2026-03-05T21:24:21.000Z,2026-03-05,0.142857,4,3,813
MET,0001193125-26-076647,2026-02-26T21:12:16.000Z,2026-02-26,0.0,1,1,943
META,0001628280-26-050596,2026-07-29T20:03:23.000Z,2026-07-29,-0.2,12,18,2840
META,0001628280-26-039193,2026-05-29T20:16:13.000Z,2026-05-29,-0.555556,4,14,1184
META,0001193125-26-204128,2026-05-04T20:36:02.000Z,2026-05-04,-0.5,1,3,922
META,0001628280-26-028364,2026-04-29T20:05:41.000Z,2026-04-29,-0.052632,18,20,2856
META,0001628280-26-025108,2026-04-14T21:01:31.000Z,2026-04-14,0.0,1,1,415
MGM,0000789570-26-000075,2026-07-29T20:15:31.000Z,2026-07-29,0.054545,29,26,4043
MGM,0001193125-26-224106,2026-05-14T20:19:51.000Z,2026-05-14,-0.894737,1,18,1117
MGM,0000789570-26-000037,2026-05-08T20:15:28.000Z,2026-05-08,-0.666667,1,5,537
MGM,0000789570-26-000034,2026-04-29T20:15:19.000Z,2026-04-29,0.037037,28,26,3573
MGM,0000789570-26-000029,2026-04-07T20:30:09.000Z,2026-04-07,-0.076923,6,7,895
MKC,0000063754-26-000270,2026-06-25T11:24:39.000Z,2026-06-25,0.111111,75,60,6282
MKC,0000063754-26-000232,2026-05-26T20:16:51.000Z,2026-05-26,0.75,7,1,1119
MKC,0001999371-26-009633,2026-05-01T12:30:32.000Z,2026-05-01,-0.733333,4,26,1124
MKC,0000063754-26-000212,2026-04-17T17:44:07.000Z,2026-04-17,0.666667,10,2,1196
MKC,0000063754-26-000196,2026-04-03T14:49:27.000Z,2026-04-03,-0.6,1,4,612
MKC,0001999371-26-007382,2026-03-31T23:23:09.000Z,2026-04-01,-0.6,14,56,4552
MKC,0000063754-26-000189,2026-03-31T10:40:56.000Z,2026-03-31,0.257143,66,39,4958
MKC,0001193125-26-126587,2026-03-26T21:11:54.000Z,2026-03-26,0.0,1,1,516
MKC,0000063754-26-000177,2026-03-18T11:36:05.000Z,2026-03-18,0.6,4,1,548
MLM,0000950157-26-000946,2026-08-24T11:33:53.000Z,2026-08-24,-0.163636,23,32,2715
MLM,0000950157-26-000922,2026-08-18T21:00:23.000Z,2026-08-18,-0.428571,2,5,837
MLM,0001193125-26-352270,2026-08-14T20:13:38.000Z,2026-08-14,-0.578947,4,15,1754
MLM,0001193125-26-346914,2026-08-12T20:19:50.000Z,2026-08-12,-0.411765,5,12,1836
MLM,0001193125-26-341412,2026-08-10T13:08:14.000Z,2026-08-10,-0.078695,240,281,23762
MLM,0000950157-26-000850,2026-08-05T21:14:19.000Z,2026-08-05,-0.375,5,11,1375
MLM,0000950157-26-000837,2026-08-04T20:52:46.000Z,2026-08-04,-0.111111,4,5,694
MLM,0001193125-26-324863,2026-07-30T11:03:27.000Z,2026-07-30,-0.417722,46,112,5284
MLM,0000950157-26-000802,2026-07-15T20:09:13.000Z,2026-07-15,-0.4,3,7,1103
MLM,0000950157-26-000770,2026-06-29T21:27:36.000Z,2026-06-29,-0.662338,13,64,2662
MLM,0000950157-26-000758,2026-06-29T11:43:18.000Z,2026-06-29,-0.11811,56,71,5885
MLM,0001193125-26-224306,2026-05-14T21:07:51.000Z,2026-05-14,-0.818182,1,10,777
MLM,0001193125-26-193931,2026-04-30T11:02:01.000Z,2026-04-30,-0.542857,32,108,4883
MLM,0000950157-26-000549,2026-04-27T20:17:13.000Z,2026-04-27,0.65,33,7,1565
MMM,0000066740-26-000268,2026-08-19T12:03:05.000Z,2026-08-19,0.238095,13,8,1253
MMM,0000066740-26-000242,2026-07-21T10:34:07.000Z,2026-07-21,-0.44,42,108,5801
MMM,0000066740-26-000229,2026-06-08T15:02:11.000Z,2026-06-08,0.5,12,4,977
MMM,0000066740-26-000221,2026-05-13T21:22:05.000Z,2026-05-13,-0.5,1,3,579
MMM,0000066740-26-000188,2026-05-06T12:01:28.000Z,2026-05-06,-0.166667,5,7,1122
MMM,0000066740-26-000171,2026-04-21T10:34:26.000Z,2026-04-21,-0.375,35,77,4561
MNST,0001104659-26-092046,2026-08-06T20:23:16.000Z,2026-08-06,-0.321429,19,37,4525
MNST,0001104659-26-081842,2026-07-08T21:09:42.000Z,2026-07-08,-0.621622,7,30,1579
MNST,0001104659-26-070506,2026-06-04T20:05:41.000Z,2026-06-04,-0.2,4,6,497
MNST,0001104659-26-062567,2026-05-15T20:16:32.000Z,2026-05-15,-0.666667,2,10,1365
MNST,0001104659-26-057188,2026-05-07T20:26:23.000Z,2026-05-07,-0.428571,18,45,4211
MNST,0001104659-26-020525,2026-02-26T21:24:35.000Z,2026-02-26,-0.25641,29,49,5028
MO,0000764180-26-000093,2026-07-30T11:06:45.000Z,2026-07-30,-0.433962,45,114,7286
MO,0000764180-26-000073,2026-05-18T20:42:27.000Z,2026-05-18,-0.142857,9,12,1923
MO,0000764180-26-000056,2026-04-30T11:05:48.000Z,2026-04-30,-0.478261,30,85,5478
MOS,0001193125-26-354095,2026-08-17T20:18:22.000Z,2026-08-17,-0.5,1,3,956
MOS,0001193125-26-353193,2026-08-17T10:38:21.000Z,2026-08-17,0.4,7,3,1411
MOS,0001193125-26-352365,2026-08-14T20:25:42.000Z,2026-08-14,0.058824,9,8,1963
MOS,0001193125-26-341391,2026-08-10T12:50:07.000Z,2026-08-10,0.2,12,8,2191
MOS,0001285785-26-000109,2026-08-04T20:26:33.000Z,2026-08-04,-0.373563,109,239,8683
MOS,0001285785-26-000093,2026-06-15T16:34:04.000Z,2026-06-15,-0.333333,1,2,498
MOS,0001285785-26-000069,2026-05-29T18:18:39.000Z,2026-05-29,-0.6,1,4,662
MOS,0001285785-26-000063,2026-05-11T14:44:00.000Z,2026-05-11,-0.331378,114,227,9043
MOS,0001285785-26-000058,2026-04-08T15:05:01.000Z,2026-04-08,-0.818182,1,10,484
MPC,0001510295-26-000060,2026-08-04T10:49:20.000Z,2026-08-04,0.111111,40,32,5293
MPC,0001510295-26-000055,2026-06-29T13:19:17.000Z,2026-06-29,0.0,2,2,401
MPC,0001510295-26-000039,2026-05-05T10:48:50.000Z,2026-05-05,-0.095238,38,46,5272
MPC,0001510295-26-000033,2026-05-01T20:26:20.000Z,2026-05-01,-0.833333,1,11,666
MPC,0001510295-26-000029,2026-04-13T20:46:04.000Z,2026-04-13,-0.545455,5,17,2394
MPWR,0001628280-26-051029,2026-07-30T20:01:11.000Z,2026-07-30,-0.016393,30,31,4202
MPWR,0001628280-26-042820,2026-06-12T20:01:53.000Z,2026-06-12,-0.1,9,11,1109
MPWR,0001437749-26-014182,2026-04-30T20:01:11.000Z,2026-04-30,-0.016393,30,31,4126
MPWR,0001437749-26-006112,2026-02-27T21:31:27.000Z,2026-02-27,-0.639344,11,50,2313
MRK,0001104659-26-090045,2026-08-04T10:47:58.000Z,2026-08-04,-0.065502,107,122,7548
MRK,0001104659-26-067509,2026-05-28T20:15:25.000Z,2026-05-28,-0.75,1,7,672
MRK,0001628280-26-037738,2026-05-22T20:21:18.000Z,2026-05-22,0.0,2,2,837
MRK,0001104659-26-052081,2026-04-30T10:53:18.000Z,2026-04-30,-0.155963,92,126,7478
MRNA,0001682852-26-000147,2026-07-31T11:03:47.000Z,2026-07-31,0.058824,27,24,2772
MRNA,0001682852-26-000134,2026-07-08T11:08:16.000Z,2026-07-08,0.416667,17,7,1691
MRNA,0001682852-26-000101,2026-05-11T10:06:18.000Z,2026-05-11,-0.5,3,9,894
MRNA,0001682852-26-000057,2026-05-01T10:32:54.000Z,2026-05-01,-0.358491,17,36,2936
MRNA,0001682852-26-000047,2026-03-05T01:20:41.000Z,2026-03-05,-0.783784,4,33,1276
MRSH,0000062709-26-000193,2026-07-21T11:02:42.000Z,2026-07-21,-0.27907,31,55,4480
MRSH,0000062709-26-000167,2026-06-03T21:32:37.000Z,2026-06-04,-0.666667,1,5,691
MRSH,0000062709-26-000128,2026-05-22T20:02:06.000Z,2026-05-22,-0.6,1,4,575
MRSH,0000062709-26-000096,2026-04-16T11:02:46.000Z,2026-04-16,-0.28,27,48,3584
MRSH,0000950103-26-005674,2026-04-14T12:22:42.000Z,2026-04-14,0.714286,6,1,913
MRSH,0000062709-26-000071,2026-03-10T12:34:32.000Z,2026-03-10,0.583333,19,5,1355
MRSH,0000062709-26-000035,2026-02-25T21:02:51.000Z,2026-02-25,0.8,9,1,876
MRVL,0001193125-26-356217,2026-08-19T12:25:06.000Z,2026-08-19,-0.333333,2,4,778
MRVL,0001193125-26-299843,2026-07-09T21:19:10.000Z,2026-07-09,0.0,1,1,434
MRVL,0001628280-26-045564,2026-06-25T20:43:43.000Z,2026-06-25,0.090909,6,5,867
MRVL,0001193125-26-267688,2026-06-11T20:33:54.000Z,2026-06-11,0.179487,23,16,2331
MRVL,0001835632-26-000014,2026-05-27T20:06:07.000Z,2026-05-27,-0.316456,27,52,4299
MRVL,0001193125-26-157134,2026-04-15T20:35:01.000Z,2026-04-15,-0.6,2,8,1184
MRVL,0001193125-26-134462,2026-03-31T20:01:57.000Z,2026-03-31,0.117647,19,15,2411
MRVL,0001628280-26-019851,2026-03-19T20:45:03.000Z,2026-03-19,0.714286,6,1,610
MRVL,0001193125-26-115987,2026-03-19T20:10:39.000Z,2026-03-19,0.0,1,1,434
MRVL,0001835632-26-000006,2026-03-05T21:06:03.000Z,2026-03-05,-0.404255,28,66,4280
MS,0000895421-26-000207,2026-07-15T11:50:58.000Z,2026-07-15,0.101695,65,53,9891
MS,0000950103-26-009448,2026-06-24T20:52:55.000Z,2026-06-24,-0.411765,5,12,1785
MS,0000950103-26-007291,2026-05-15T20:39:14.000Z,2026-05-15,-0.5,2,6,954
MS,0000895421-26-000111,2026-04-15T11:57:33.000Z,2026-04-15,0.056911,65,58,10780
MSCI,0001408198-26-000049,2026-08-07T20:02:14.000Z,2026-08-07,0.0,3,3,617
MSCI,0001408198-26-000044,2026-07-21T10:46:52.000Z,2026-07-21,-0.235772,47,76,7552
MSCI,0001408198-26-000038,2026-04-23T10:37:39.000Z,2026-04-23,-0.666667,1,5,549
MSCI,0001408198-26-000032,2026-04-21T10:49:03.000Z,2026-04-21,-0.272727,36,63,6625
MSCI,0001408198-26-000027,2026-03-31T20:14:09.000Z,2026-03-31,-0.333333,2,4,462
MSFT,0001193125-26-323632,2026-07-29T20:04:53.000Z,2026-07-29,-0.212121,26,40,3307
MSFT,0001193125-26-258667,2026-06-05T14:36:56.000Z,2026-06-05,-0.333333,1,2,428
MSFT,0001193125-26-224155,2026-05-14T20:28:48.000Z,2026-05-14,0.545455,17,5,989
MSFT,0001193125-26-191457,2026-04-29T20:03:31.000Z,2026-04-29,-0.311475,21,40,2853
MSI,0001193125-26-354035,2026-08-17T20:06:06.000Z,2026-08-17,-0.5,1,3,706
MSI,0000068505-26-000027,2026-08-05T20:12:37.000Z,2026-08-05,-0.230769,40,64,5839
MSI,0001193125-26-232694,2026-05-20T20:30:07.000Z,2026-05-20,-0.666667,1,5,522
MSI,0000068505-26-000018,2026-05-07T20:14:24.000Z,2026-05-07,-0.208791,36,55,5342
MSI,0001193125-26-104278,2026-03-12T20:31:15.000Z,2026-03-12,0.461538,19,7,1364
MTB,0001193125-26-310413,2026-07-21T20:36:41.000Z,2026-07-21,-0.764706,2,15,1604
MTB,0000036270-26-000046,2026-07-15T10:02:30.000Z,2026-07-15,0.028902,89,84,10078
MTB,0000036270-26-000039,2026-06-16T18:52:33.000Z,2026-06-16,0.666667,10,2,1068
MTB,0000036270-26-000030,2026-05-01T20:05:32.000Z,2026-05-01,0.478261,85,30,4201
MTB,0000036270-26-000027,2026-04-23T21:06:38.000Z,2026-04-23,-0.8,1,9,810
MTB,0001193125-26-164027,2026-04-20T20:16:38.000Z,2026-04-20,-0.333333,1,2,565
MTB,0000036270-26-000025,2026-04-15T10:07:36.000Z,2026-04-15,0.07,107,93,9172
MTB,0001628280-26-022025,2026-03-30T21:31:11.000Z,2026-03-30,-0.555556,2,7,987
MTD,0001037646-26-000054,2026-08-03T20:48:52.000Z,2026-08-03,0.789474,17,2,1004
MTD,0001037646-26-000049,2026-07-30T20:32:38.000Z,2026-07-30,-0.333333,27,54,4529
MTD,0001037646-26-000026,2026-05-13T12:56:40.000Z,2026-05-13,0.0,2,2,608
MTD,0001037646-26-000024,2026-05-11T20:41:29.000Z,2026-05-11,-0.6,1,4,502
MTD,0001037646-26-000019,2026-05-07T20:33:00.000Z,2026-05-07,-0.43662,20,51,3740
MU,0001104659-26-101067,2026-08-26T12:06:55.000Z,2026-08-26,0.857143,39,3,1461
MU,0000723125-26-000013,2026-06-24T20:02:01.000Z,2026-06-24,0.393939,23,10,2609
MU,0001104659-26-071845,2026-06-09T20:13:47.000Z,2026-06-09,0.84,23,2,1183
MU,0001104659-26-038249,2026-04-01T12:33:36.000Z,2026-04-01,0.2,18,12,2375
MU,0001104659-26-034174,2026-03-25T12:26:22.000Z,2026-03-25,0.111111,10,8,1437
MU,0000723125-26-000004,2026-03-18T20:02:14.000Z,2026-03-18,0.357143,19,9,2438
NCLH,0001171843-26-005050,2026-07-30T10:50:20.000Z,2026-07-30,-0.219178,57,89,6638
NCLH,0001104659-26-074589,2026-06-16T20:15:39.000Z,2026-06-16,-0.833333,3,33,1596
NCLH,0001104659-26-068271,2026-05-29T20:15:37.000Z,2026-05-29,0.0,1,1,602
NCLH,0001171843-26-002957,2026-05-04T10:50:24.000Z,2026-05-04,-0.288889,48,87,6421
NCLH,0001104659-26-035746,2026-03-27T12:48:48.000Z,2026-03-27,0.170732,72,51,4579
NCLH,0001104659-26-035686,2026-03-27T11:50:16.000Z,2026-03-27,-0.266667,33,57,3579
NCLH,0001104659-26-027944,2026-03-16T11:00:33.000Z,2026-03-16,-0.333333,1,2,618
NCLH,0001171843-26-001220,2026-03-02T11:45:29.000Z,2026-03-02,-0.063492,59,67,6923
NDAQ,0001120193-26-000011,2026-07-23T11:24:25.000Z,2026-07-23,0.182482,81,56,6372
NDAQ,0001193125-26-292723,2026-07-01T20:47:02.000Z,2026-07-01,-0.75,2,14,1313
NDAQ,0001193125-26-272736,2026-06-16T20:40:16.000Z,2026-06-16,-0.75,1,7,625
NDAQ,0001193125-26-171829,2026-04-23T11:22:07.000Z,2026-04-23,0.150685,84,62,6785
NDSN,0000072331-26-000052,2026-08-19T20:32:10.000Z,2026-08-19,-0.111111,24,30,2776
NDSN,0000072331-26-000034,2026-06-03T12:51:03.000Z,2026-06-03,0.2,3,2,705
NDSN,0000072331-26-000022,2026-05-20T20:33:44.000Z,2026-05-20,0.038462,27,25,2819
NDSN,0000072331-26-000017,2026-03-04T21:18:20.000Z,2026-03-04,-0.6,1,4,549
NEE,0001104659-26-100476,2026-08-25T10:03:24.000Z,2026-08-25,-0.487179,20,58,9547
NEE,0000753308-26-000065,2026-08-11T01:41:38.000Z,2026-08-11,-0.247312,35,58,7534
NEE,0000753308-26-000058,2026-07-24T11:31:57.000Z,2026-07-24,-0.205212,122,185,8502
NEE,0001104659-26-081863,2026-07-08T21:28:26.000Z,2026-07-08,-0.25,3,5,615
NEE,0000753308-26-000052,2026-06-22T20:45:23.000Z,2026-06-22,0.0,1,1,719
NEE,0000753308-26-000046,2026-06-15T21:00:43.000Z,2026-06-15,-0.16,42,58,8309
NEE,0000753308-26-000043,2026-06-01T20:24:46.000Z,2026-06-01,-0.333333,1,2,576
NEE,0000753308-26-000041,2026-05-27T21:08:00.000Z,2026-05-27,-0.777778,1,8,762
NEE,0000753308-26-000039,2026-05-26T20:14:34.000Z,2026-05-26,-0.333333,1,2,555
NEE,0001104659-26-063001,2026-05-18T11:35:47.000Z,2026-05-18,0.325635,287,146,16785
NEE,0001104659-26-062992,2026-05-18T11:15:23.000Z,2026-05-18,-0.4,6,14,595
NEE,0000753308-26-000028,2026-04-23T11:36:29.000Z,2026-04-23,-0.356436,65,137,5871
NEE,0000753308-26-000024,2026-03-20T20:48:34.000Z,2026-03-20,0.0,1,1,573
NEE,0000753308-26-000022,2026-03-10T11:30:51.000Z,2026-03-10,0.333333,4,2,434
NEE,0000753308-26-000020,2026-03-03T21:38:14.000Z,2026-03-03,0.666667,5,1,721
NEE,0000753308-26-000017,2026-02-26T21:10:10.000Z,2026-02-26,0.0,1,1,721
NEM,0001104659-26-099237,2026-08-20T20:17:00.000Z,2026-08-20,0.333333,6,3,734
NEM,0001104659-26-095968,2026-08-13T20:31:11.000Z,2026-08-13,-0.268293,15,26,2292
NEM,0001164727-26-000034,2026-07-23T20:05:29.000Z,2026-07-23,-0.409283,70,167,12830
NEM,0001104659-26-074137,2026-06-15T21:20:42.000Z,2026-06-15,0.890909,52,3,3253
NEM,0001104659-26-060260,2026-05-13T20:17:33.000Z,2026-05-13,-0.5,1,3,543
NEM,0001104659-26-050355,2026-04-28T20:15:26.000Z,2026-04-28,0.5,6,2,689
NEM,0001164727-26-000017,2026-04-23T20:06:02.000Z,2026-04-23,-0.278008,87,154,12451
NFLX,0001065280-26-000214,2026-07-30T20:05:50.000Z,2026-07-30,-0.333333,2,4,389
NFLX,0001193125-26-312575,2026-07-22T21:20:20.000Z,2026-07-22,0.0,1,1,709
NFLX,0001065280-26-000211,2026-07-16T20:03:19.000Z,2026-07-16,0.383178,74,33,5447
NFLX,0001065280-26-000189,2026-06-05T21:01:21.000Z,2026-06-05,-0.636364,2,9,728
NFLX,0001065280-26-000139,2026-04-22T23:13:24.000Z,2026-04-23,0.0,2,2,500
NFLX,0001065280-26-000137,2026-04-16T20:01:58.000Z,2026-04-16,0.453237,101,38,5487
NFLX,0001193125-26-082247,2026-02-27T20:15:18.000Z,2026-02-27,-0.473684,5,14,1052
NI,0001193125-26-355564,2026-08-18T20:30:09.000Z,2026-08-18,-0.8,1,9,1193
NI,0001111711-26-000087,2026-08-05T10:35:43.000Z,2026-08-05,-0.020408,24,25,2742
NI,0001193125-26-228913,2026-05-18T20:06:22.000Z,2026-05-18,-0.666667,1,5,793
NI,0001193125-26-219872,2026-05-12T21:20:08.000Z,2026-05-12,-0.75,1,7,580
NI,0001111711-26-000044,2026-05-06T10:36:47.000Z,2026-05-06,0.021277,24,23,2539
NKE,0000320187-26-000112,2026-08-10T20:21:14.000Z,2026-08-10,0.0,4,4,580
NKE,0000320187-26-000076,2026-06-30T20:15:28.000Z,2026-06-30,0.283019,34,19,2629
NKE,0000320187-26-000070,2026-06-23T20:24:58.000Z,2026-06-23,0.074627,36,31,3269
NKE,0000320187-26-000068,2026-06-18T20:23:48.000Z,2026-06-18,0.764706,15,2,1049
NKE,0000320187-26-000026,2026-03-31T20:15:22.000Z,2026-03-31,0.272727,21,12,2025
NKE,0000320187-26-000020,2026-03-09T20:33:25.000Z,2026-03-09,-0.333333,4,8,1139
NKE,0000320187-26-000017,2026-03-05T21:32:25.000Z,2026-03-05,0.666667,5,1,471
NOC,0001628280-26-058480,2026-08-21T21:06:25.000Z,2026-08-21,0.2,3,2,511
NOC,0001133421-26-000033,2026-07-21T10:45:45.000Z,2026-07-21,-0.252525,37,62,4793
NOC,0001628280-26-037375,2026-05-21T21:02:47.000Z,2026-05-21,-0.666667,1,5,603
NOC,0001133421-26-000015,2026-04-21T10:44:56.000Z,2026-04-21,-0.369565,29,63,4496
NOW,0001373715-26-000072,2026-07-22T20:11:27.000Z,2026-07-22,0.152174,53,39,5926
NOW,0001373715-26-000065,2026-05-22T20:41:19.000Z,2026-05-22,-0.846154,1,12,856
NOW,0001193125-26-226644,2026-05-15T20:05:53.000Z,2026-05-15,-0.333333,1,2,947
NOW,0001373715-26-000054,2026-04-22T20:49:29.000Z,2026-04-22,0.068182,47,41,5993
NOW,0001373715-26-000030,2026-04-01T20:14:42.000Z,2026-04-01,-0.2,2,3,1308
NRG,0001013871-26-000018,2026-08-04T11:28:50.000Z,2026-08-04,-0.262032,69,118,7486
NRG,0001104659-26-083743,2026-07-15T12:48:25.000Z,2026-07-15,-0.333333,1,2,528
NRG,0001104659-26-064884,2026-05-21T12:10:54.000Z,2026-05-21,0.647059,14,3,1193
NRG,0001013871-26-000010,2026-05-06T11:00:25.000Z,2026-05-06,-0.19697,53,79,6053
NRG,0001104659-26-053755,2026-05-01T15:59:37.000Z,2026-05-01,-0.714286,1,6,625
NRG,0001104659-26-050486,2026-04-28T21:15:58.000Z,2026-04-28,-0.517241,7,22,3692
NRG,0001104659-26-043327,2026-04-14T21:29:01.000Z,2026-04-14,-0.025641,19,20,4607
NRG,0001104659-26-040368,2026-04-07T20:05:16.000Z,2026-04-07,-0.428571,2,5,475
NRG,0001104659-26-023570,2026-03-04T22:21:16.000Z,2026-03-04,-0.371429,11,24,2872
NRG,0001104659-26-022295,2026-03-02T21:33:43.000Z,2026-03-02,-0.425439,131,325,32764
NSC,0001193125-26-313393,2026-07-23T12:20:13.000Z,2026-07-23,-0.540984,14,47,2649
NSC,0001193125-26-250020,2026-06-01T13:15:16.000Z,2026-06-01,0.121212,37,29,2334
NSC,0001193125-26-214920,2026-05-08T21:00:17.000Z,2026-05-08,-0.666667,1,5,505
NSC,0001193125-26-175084,2026-04-24T12:05:15.000Z,2026-04-24,-0.608696,9,37,2413
NSC,0001193125-26-140350,2026-04-02T20:45:10.000Z,2026-04-02,-0.875,1,15,836
NTAP,0001193125-26-245196,2026-05-28T20:05:22.000Z,2026-05-28,0.060606,70,62,6289
NTAP,0001193125-26-076545,2026-02-26T21:05:28.000Z,2026-02-26,0.251701,92,55,6367
NTRS,0000073124-26-000051,2026-08-03T20:58:39.000Z,2026-08-03,0.333333,6,3,934
NTRS,0000073124-26-000043,2026-07-22T10:52:37.000Z,2026-07-22,0.029851,69,65,9838
NTRS,0000073124-26-000031,2026-04-22T20:08:04.000Z,2026-04-22,-0.666667,1,5,681
NTRS,0000073124-26-000029,2026-04-21T16:17:19.000Z,2026-04-21,0.4,28,12,1564
NTRS,0000073124-26-000028,2026-04-21T10:56:53.000Z,2026-04-21,-0.058824,56,63,9085
NUE,0001193125-26-318190,2026-07-27T20:43:41.000Z,2026-07-27,-0.030303,48,51,5998
NUE,0001193125-26-230790,2026-05-19T20:15:54.000Z,2026-05-19,-0.2,2,3,602
NUE,0001193125-26-182332,2026-04-27T20:56:42.000Z,2026-04-27,-0.203704,43,65,5594
NUE,0001193125-26-086912,2026-03-03T14:18:26.000Z,2026-03-03,0.777778,8,1,795
NVDA,0001045810-26-000073,2026-08-26T20:21:19.000Z,2026-08-26,0.275362,44,25,5967
NVDA,0001045810-26-000069,2026-08-17T12:41:33.000Z,2026-08-17,0.111111,30,24,2940
NVDA,0001045810-26-000060,2026-07-02T13:23:16.000Z,2026-07-02,0.111111,5,4,788
NVDA,0001045810-26-000056,2026-06-30T20:27:26.000Z,2026-06-30,-0.904762,1,20,924
NVDA,0001193125-26-275783,2026-06-18T20:00:24.000Z,2026-06-18,-0.5,1,3,925
NVDA,0001045810-26-000051,2026-05-20T20:21:19.000Z,2026-05-20,0.269231,33,19,5393
NVDA,0001045810-26-000028,2026-05-08T20:35:07.000Z,2026-05-08,0.2,3,2,567
NVDA,0001045810-26-000026,2026-04-27T20:10:30.000Z,2026-04-27,0.142857,4,3,742
NVDA,0001045810-26-000024,2026-03-06T21:11:25.000Z,2026-03-06,0.818182,10,1,678
NVDA,0001045810-26-000019,2026-02-25T21:31:25.000Z,2026-02-25,0.470588,50,18,6157
NVR,0000906163-26-000086,2026-07-23T17:54:44.000Z,2026-07-23,-0.809524,2,19,1755
NVR,0000906163-26-000051,2026-05-15T21:07:04.000Z,2026-05-15,-0.333333,1,2,690
NVR,0000906163-26-000044,2026-05-08T15:37:56.000Z,2026-05-08,-0.75,1,7,596
NVR,0000906163-26-000034,2026-04-22T18:04:11.000Z,2026-04-22,-0.478261,6,17,1715
NWS,0001564708-26-000188,2026-08-26T01:52:26.000Z,2026-08-26,-0.72973,10,64,3508
NWS,0001564708-26-000187,2026-08-24T23:15:18.000Z,2026-08-25,-0.72973,10,64,3508
NWS,0001564708-26-000186,2026-08-24T10:58:50.000Z,2026-08-24,-0.72973,10,64,3514
NWS,0001564708-26-000185,2026-08-21T00:50:05.000Z,2026-08-21,-0.72973,10,64,3508
NWS,0001564708-26-000184,2026-08-20T00:18:12.000Z,2026-08-20,-0.72973,10,64,3508
NWS,0001564708-26-000183,2026-08-19T00:33:34.000Z,2026-08-19,-0.72973,10,64,3508
NWS,0001564708-26-000182,2026-08-18T01:29:19.000Z,2026-08-18,-0.72973,10,64,3508
NWS,0001564708-26-000181,2026-08-17T11:31:17.000Z,2026-08-17,-0.72973,10,64,3514
NWS,0001564708-26-000180,2026-08-14T00:17:35.000Z,2026-08-14,-0.72973,10,64,3508
NWS,0001564708-26-000179,2026-08-13T00:57:52.000Z,2026-08-13,-0.72973,10,64,3508
NWS,0001564708-26-000178,2026-08-11T23:26:38.000Z,2026-08-12,-0.72973,10,64,3508
NWS,0001564708-26-000177,2026-08-10T23:10:15.000Z,2026-08-11,-0.72973,10,64,3508
NWS,0001564708-26-000176,2026-08-10T11:11:10.000Z,2026-08-10,-0.72973,10,64,3514
NWS,0001564708-26-000174,2026-08-06T22:59:40.000Z,2026-08-07,-0.72973,10,64,3508
NWS,0001564708-26-000172,2026-08-05T23:46:00.000Z,2026-08-06,-0.72973,10,64,3508
NWS,0001564708-26-000171,2026-08-05T20:17:48.000Z,2026-08-05,-0.271605,59,103,7024
NWS,0001564708-26-000167,2026-08-05T11:47:05.000Z,2026-08-05,-0.72973,10,64,3508
NWS,0001564708-26-000166,2026-08-04T00:38:30.000Z,2026-08-04,-0.72973,10,64,3508
NWS,0001564708-26-000165,2026-08-03T12:01:47.000Z,2026-08-03,-0.72973,10,64,3514
NWS,0001564708-26-000164,2026-07-30T23:00:18.000Z,2026-07-31,-0.72973,10,64,3508
NWS,0001564708-26-000163,2026-07-29T22:25:47.000Z,2026-07-30,-0.72973,10,64,3508
NWS,0001564708-26-000162,2026-07-29T01:04:41.000Z,2026-07-29,-0.72973,10,64,3508
NWS,0001564708-26-000161,2026-07-27T23:40:24.000Z,2026-07-28,-0.72973,10,64,3508
NWS,0001564708-26-000160,2026-07-27T12:33:39.000Z,2026-07-27,-0.72973,10,64,3514
NWS,0001564708-26-000159,2026-07-24T00:25:27.000Z,2026-07-24,-0.72973,10,64,3508
NWS,0001564708-26-000158,2026-07-22T23:12:42.000Z,2026-07-23,-0.72973,10,64,3508
NWS,0001564708-26-000157,2026-07-21T22:48:29.000Z,2026-07-22,-0.72973,10,64,3508
NWS,0001564708-26-000156,2026-07-20T22:27:04.000Z,2026-07-21,-0.72973,10,64,3508
NWS,0001564708-26-000155,2026-07-20T10:47:50.000Z,2026-07-20,-0.72973,10,64,3514
NWS,0001564708-26-000154,2026-07-16T22:54:15.000Z,2026-07-17,-0.72973,10,64,3508
NWS,0001564708-26-000153,2026-07-15T23:10:50.000Z,2026-07-16,-0.72973,10,64,3508
NWS,0001564708-26-000152,2026-07-14T22:31:29.000Z,2026-07-15,-0.72973,10,64,3508
NWS,0001564708-26-000151,2026-07-13T22:51:48.000Z,2026-07-14,-0.72973,10,64,3508
NWS,0001564708-26-000150,2026-07-13T12:56:12.000Z,2026-07-13,-0.72973,10,64,3514
NWS,0001564708-26-000149,2026-07-10T01:27:38.000Z,2026-07-10,-0.72973,10,64,3508
NWS,0001564708-26-000148,2026-07-08T23:30:11.000Z,2026-07-09,-0.72973,10,64,3508
NWS,0001564708-26-000147,2026-07-07T22:29:52.000Z,2026-07-08,-0.72973,10,64,3508
NWS,0001564708-26-000146,2026-07-07T00:04:52.000Z,2026-07-07,-0.72973,10,64,3508
NWS,0001564708-26-000145,2026-07-02T23:20:49.000Z,2026-07-06,-0.72973,10,64,3508
NWS,0001564708-26-000144,2026-07-01T23:45:21.000Z,2026-07-02,-0.72973,10,64,3508
NWS,0001564708-26-000143,2026-06-30T22:26:07.000Z,2026-07-01,-0.72973,10,64,3508
NWS,0001564708-26-000142,2026-06-29T23:54:15.000Z,2026-06-30,-0.72973,10,64,3508
NWS,0001564708-26-000141,2026-06-29T11:01:03.000Z,2026-06-29,-0.72973,10,64,3514
NWS,0001564708-26-000140,2026-06-25T22:33:49.000Z,2026-06-26,-0.72973,10,64,3508
NWS,0001564708-26-000139,2026-06-24T22:20:54.000Z,2026-06-25,-0.72973,10,64,3508
NWS,0001564708-26-000138,2026-06-23T22:30:35.000Z,2026-06-24,-0.72973,10,64,3508
NWS,0001564708-26-000137,2026-06-22T22:31:05.000Z,2026-06-23,-0.72973,10,64,3508
NWS,0001564708-26-000136,2026-06-19T01:27:16.000Z,2026-06-22,-0.72973,10,64,3508
NWS,0001564708-26-000135,2026-06-17T22:35:50.000Z,2026-06-18,-0.72973,10,64,3508
NWS,0001564708-26-000134,2026-06-16T23:33:58.000Z,2026-06-17,-0.72973,10,64,3508
NWS,0001564708-26-000133,2026-06-15T22:29:45.000Z,2026-06-16,-0.72973,10,64,3509
NWS,0001564708-26-000132,2026-06-15T10:18:37.000Z,2026-06-15,-0.72973,10,64,3514
NWS,0001564708-26-000131,2026-06-12T20:05:20.000Z,2026-06-12,-0.333333,3,6,834
NWS,0001564708-26-000127,2026-06-11T23:19:29.000Z,2026-06-12,-0.72973,10,64,3508
NWS,0001564708-26-000126,2026-06-11T10:42:57.000Z,2026-06-11,-0.72973,10,64,3508
NWS,0001564708-26-000124,2026-06-09T22:55:18.000Z,2026-06-10,-0.72973,10,64,3508
NWS,0001564708-26-000123,2026-06-08T23:11:14.000Z,2026-06-09,-0.746479,18,124,6356
NWS,0001564708-26-000122,2026-06-05T01:04:05.000Z,2026-06-05,-0.72973,10,64,3508
NWS,0001564708-26-000121,2026-06-03T22:30:41.000Z,2026-06-04,-0.72973,10,64,3508
NWS,0001564708-26-000120,2026-06-02T23:00:36.000Z,2026-06-03,-0.72973,10,64,3508
NWS,0001564708-26-000119,2026-06-01T23:59:36.000Z,2026-06-02,-0.72973,10,64,3508
NWS,0001564708-26-000118,2026-06-01T10:32:37.000Z,2026-06-01,-0.72973,10,64,3514
NWS,0001564708-26-000117,2026-05-28T23:14:31.000Z,2026-05-29,-0.72973,10,64,3508
NWS,0001564708-26-000116,2026-05-27T23:27:13.000Z,2026-05-28,-0.72973,10,64,3508
NWS,0001564708-26-000115,2026-05-27T00:36:07.000Z,2026-05-27,-0.72973,10,64,3508
NWS,0001564708-26-000114,2026-05-26T10:27:52.000Z,2026-05-26,-0.72973,10,64,3514
NWS,0001564708-26-000113,2026-05-21T23:15:39.000Z,2026-05-22,-0.72973,10,64,3508
NWS,0001564708-26-000112,2026-05-20T22:24:24.000Z,2026-05-21,-0.72973,10,64,3508
NWS,0001564708-26-000111,2026-05-19T22:53:59.000Z,2026-05-20,-0.72973,10,64,3508
NWS,0001564708-26-000110,2026-05-18T22:38:19.000Z,2026-05-19,-0.72973,10,64,3508
NWS,0001564708-26-000109,2026-05-18T10:32:20.000Z,2026-05-18,-0.72973,10,64,3514
NWS,0001564708-26-000108,2026-05-14T23:54:48.000Z,2026-05-15,-0.72973,10,64,3508
NWS,0001564708-26-000107,2026-05-13T22:55:25.000Z,2026-05-14,-0.72973,10,64,3508
NWS,0001564708-26-000106,2026-05-12T23:55:09.000Z,2026-05-13,-0.72973,10,64,3508
NWS,0001564708-26-000105,2026-05-12T00:14:17.000Z,2026-05-12,-0.72973,10,64,3508
NWS,0001564708-26-000104,2026-05-11T10:33:05.000Z,2026-05-11,-0.72973,10,64,3514
NWS,0001564708-26-000102,2026-05-08T01:53:07.000Z,2026-05-08,-0.72973,10,64,3508
NWS,0001564708-26-000101,2026-05-07T20:20:23.000Z,2026-05-07,-0.405797,41,97,5937
NWS,0001564708-26-000096,2026-05-07T00:09:17.000Z,2026-05-07,-0.72973,10,64,3508
NWS,0001564708-26-000095,2026-05-06T10:37:00.000Z,2026-05-06,-0.72973,10,64,3508
NWS,0001564708-26-000094,2026-05-04T22:32:39.000Z,2026-05-05,-0.72973,10,64,3508
NWS,0001564708-26-000093,2026-05-04T12:28:29.000Z,2026-05-04,-0.72973,10,64,3514
NWS,0001564708-26-000092,2026-05-01T00:07:47.000Z,2026-05-01,-0.72973,10,64,3508
NWS,0001564708-26-000091,2026-04-29T23:08:38.000Z,2026-04-30,-0.72973,10,64,3508
NWS,0001564708-26-000090,2026-04-29T00:36:48.000Z,2026-04-29,-0.72973,10,64,3508
NWS,0001564708-26-000089,2026-04-27T23:32:28.000Z,2026-04-28,-0.72973,10,64,3508
NWS,0001564708-26-000088,2026-04-27T11:32:57.000Z,2026-04-27,-0.72973,10,64,3514
NWS,0001564708-26-000086,2026-04-24T00:07:49.000Z,2026-04-24,-0.72973,10,64,3508
NWS,0001564708-26-000085,2026-04-23T00:09:58.000Z,2026-04-23,-0.72973,10,64,3508
NWS,0001564708-26-000084,2026-04-21T23:06:50.000Z,2026-04-22,-0.72973,10,64,3508
NWS,0001564708-26-000083,2026-04-20T23:24:23.000Z,2026-04-21,-0.72973,10,64,3508
NWS,0001564708-26-000081,2026-04-20T10:03:50.000Z,2026-04-20,-0.72973,10,64,3514
NWS,0001564708-26-000080,2026-04-16T23:00:34.000Z,2026-04-17,-0.72973,10,64,3508
NWS,0001564708-26-000079,2026-04-16T01:08:50.000Z,2026-04-16,-0.72973,10,64,3508
NWS,0001564708-26-000078,2026-04-15T01:56:51.000Z,2026-04-15,-0.72973,10,64,3508
NWS,0001564708-26-000077,2026-04-14T01:17:10.000Z,2026-04-14,-0.72973,10,64,3508
NWS,0001564708-26-000076,2026-04-13T10:39:50.000Z,2026-04-13,-0.72973,10,64,3514
NWS,0001564708-26-000075,2026-04-09T23:57:00.000Z,2026-04-10,-0.72973,10,64,3508
NWS,0001564708-26-000074,2026-04-09T00:05:39.000Z,2026-04-09,-0.72973,10,64,3508
NWS,0001564708-26-000073,2026-04-07T23:04:26.000Z,2026-04-08,-0.72973,10,64,3508
NWS,0001564708-26-000072,2026-04-06T22:41:30.000Z,2026-04-07,-0.746479,18,124,6350
NWS,0001564708-26-000070,2026-04-02T00:48:20.000Z,2026-04-02,-0.72973,10,64,3508
NWS,0001564708-26-000069,2026-03-31T23:53:43.000Z,2026-04-01,-0.72973,10,64,3508
NWS,0001564708-26-000068,2026-03-30T22:25:29.000Z,2026-03-31,-0.72973,10,64,3508
NWS,0001564708-26-000067,2026-03-30T10:07:26.000Z,2026-03-30,-0.72973,10,64,3514
NWS,0001104659-26-036080,2026-03-27T20:01:29.000Z,2026-03-27,-0.875,1,15,1346
NWS,0001564708-26-000066,2026-03-26T22:44:35.000Z,2026-03-27,-0.72973,10,64,3508
NWS,0001564708-26-000065,2026-03-25T21:41:47.000Z,2026-03-26,-0.72973,10,64,3508
NWS,0001564708-26-000064,2026-03-24T21:46:46.000Z,2026-03-25,-0.72973,10,64,3508
NWS,0001564708-26-000063,2026-03-24T01:44:41.000Z,2026-03-24,-0.72973,10,64,3508
NWS,0001564708-26-000062,2026-03-23T10:16:29.000Z,2026-03-23,-0.72973,10,64,3514
NWS,0001564708-26-000061,2026-03-20T00:23:12.000Z,2026-03-20,-0.72973,10,64,3508
NWS,0001564708-26-000060,2026-03-18T21:50:00.000Z,2026-03-19,-0.72973,10,64,3508
NWS,0001564708-26-000059,2026-03-17T22:00:09.000Z,2026-03-18,-0.72973,10,64,3508
NWS,0001564708-26-000058,2026-03-17T10:25:37.000Z,2026-03-17,-0.72973,10,64,3508
NWS,0001564708-26-000057,2026-03-16T20:00:23.000Z,2026-03-16,-0.096154,47,57,5760
NWS,0001564708-26-000055,2026-03-16T10:40:21.000Z,2026-03-16,-0.72973,10,64,3514
NWS,0001564708-26-000053,2026-03-12T23:16:44.000Z,2026-03-13,-0.72973,10,64,3508
NWS,0001564708-26-000052,2026-03-12T10:36:24.000Z,2026-03-12,-0.72973,10,64,3508
NWS,0001564708-26-000051,2026-03-11T00:32:29.000Z,2026-03-11,-0.72973,10,64,3508
NWS,0001564708-26-000050,2026-03-09T23:55:07.000Z,2026-03-10,-0.72973,10,64,3508
NWS,0001564708-26-000049,2026-03-09T10:52:36.000Z,2026-03-09,-0.72973,10,64,3514
NWS,0001564708-26-000048,2026-03-06T00:00:10.000Z,2026-03-06,-0.72973,10,64,3508
NWS,0001564708-26-000047,2026-03-04T23:22:16.000Z,2026-03-05,-0.72973,10,64,3508
NWS,0001564708-26-000046,2026-03-04T00:50:01.000Z,2026-03-04,-0.72973,10,64,3508
NWS,0001564708-26-000045,2026-03-03T00:16:11.000Z,2026-03-03,-0.72973,10,64,3508
NWS,0001564708-26-000044,2026-03-02T13:25:33.000Z,2026-03-02,-0.72973,10,64,3514
NWS,0001564708-26-000043,2026-02-27T00:41:44.000Z,2026-02-27,-0.72973,10,64,3508
NWS,0001564708-26-000042,2026-02-26T01:30:03.000Z,2026-02-26,-0.72973,10,64,3508
NWS,0001564708-26-000041,2026-02-24T23:22:31.000Z,2026-02-25,-0.72973,10,64,3508
NWSA,0001564708-26-000188,2026-08-26T01:52:26.000Z,2026-08-26,-0.72973,10,64,3508
NWSA,0001564708-26-000187,2026-08-24T23:15:18.000Z,2026-08-25,-0.72973,10,64,3508
NWSA,0001564708-26-000186,2026-08-24T10:58:50.000Z,2026-08-24,-0.72973,10,64,3514
NWSA,0001564708-26-000185,2026-08-21T00:50:05.000Z,2026-08-21,-0.72973,10,64,3508
NWSA,0001564708-26-000184,2026-08-20T00:18:12.000Z,2026-08-20,-0.72973,10,64,3508
NWSA,0001564708-26-000183,2026-08-19T00:33:34.000Z,2026-08-19,-0.72973,10,64,3508
NWSA,0001564708-26-000182,2026-08-18T01:29:19.000Z,2026-08-18,-0.72973,10,64,3508
NWSA,0001564708-26-000181,2026-08-17T11:31:17.000Z,2026-08-17,-0.72973,10,64,3514
NWSA,0001564708-26-000180,2026-08-14T00:17:35.000Z,2026-08-14,-0.72973,10,64,3508
NWSA,0001564708-26-000179,2026-08-13T00:57:52.000Z,2026-08-13,-0.72973,10,64,3508
NWSA,0001564708-26-000178,2026-08-11T23:26:38.000Z,2026-08-12,-0.72973,10,64,3508
NWSA,0001564708-26-000177,2026-08-10T23:10:15.000Z,2026-08-11,-0.72973,10,64,3508
NWSA,0001564708-26-000176,2026-08-10T11:11:10.000Z,2026-08-10,-0.72973,10,64,3514
NWSA,0001564708-26-000174,2026-08-06T22:59:40.000Z,2026-08-07,-0.72973,10,64,3508
NWSA,0001564708-26-000172,2026-08-05T23:46:00.000Z,2026-08-06,-0.72973,10,64,3508
NWSA,0001564708-26-000171,2026-08-05T20:17:48.000Z,2026-08-05,-0.271605,59,103,7024
NWSA,0001564708-26-000167,2026-08-05T11:47:05.000Z,2026-08-05,-0.72973,10,64,3508
NWSA,0001564708-26-000166,2026-08-04T00:38:30.000Z,2026-08-04,-0.72973,10,64,3508
NWSA,0001564708-26-000165,2026-08-03T12:01:47.000Z,2026-08-03,-0.72973,10,64,3514
NWSA,0001564708-26-000164,2026-07-30T23:00:18.000Z,2026-07-31,-0.72973,10,64,3508
NWSA,0001564708-26-000163,2026-07-29T22:25:47.000Z,2026-07-30,-0.72973,10,64,3508
NWSA,0001564708-26-000162,2026-07-29T01:04:41.000Z,2026-07-29,-0.72973,10,64,3508
NWSA,0001564708-26-000161,2026-07-27T23:40:24.000Z,2026-07-28,-0.72973,10,64,3508
NWSA,0001564708-26-000160,2026-07-27T12:33:39.000Z,2026-07-27,-0.72973,10,64,3514
NWSA,0001564708-26-000159,2026-07-24T00:25:27.000Z,2026-07-24,-0.72973,10,64,3508
NWSA,0001564708-26-000158,2026-07-22T23:12:42.000Z,2026-07-23,-0.72973,10,64,3508
NWSA,0001564708-26-000157,2026-07-21T22:48:29.000Z,2026-07-22,-0.72973,10,64,3508
NWSA,0001564708-26-000156,2026-07-20T22:27:04.000Z,2026-07-21,-0.72973,10,64,3508
NWSA,0001564708-26-000155,2026-07-20T10:47:50.000Z,2026-07-20,-0.72973,10,64,3514
NWSA,0001564708-26-000154,2026-07-16T22:54:15.000Z,2026-07-17,-0.72973,10,64,3508
NWSA,0001564708-26-000153,2026-07-15T23:10:50.000Z,2026-07-16,-0.72973,10,64,3508
NWSA,0001564708-26-000152,2026-07-14T22:31:29.000Z,2026-07-15,-0.72973,10,64,3508
NWSA,0001564708-26-000151,2026-07-13T22:51:48.000Z,2026-07-14,-0.72973,10,64,3508
NWSA,0001564708-26-000150,2026-07-13T12:56:12.000Z,2026-07-13,-0.72973,10,64,3514
NWSA,0001564708-26-000149,2026-07-10T01:27:38.000Z,2026-07-10,-0.72973,10,64,3508
NWSA,0001564708-26-000148,2026-07-08T23:30:11.000Z,2026-07-09,-0.72973,10,64,3508
NWSA,0001564708-26-000147,2026-07-07T22:29:52.000Z,2026-07-08,-0.72973,10,64,3508
NWSA,0001564708-26-000146,2026-07-07T00:04:52.000Z,2026-07-07,-0.72973,10,64,3508
NWSA,0001564708-26-000145,2026-07-02T23:20:49.000Z,2026-07-06,-0.72973,10,64,3508
NWSA,0001564708-26-000144,2026-07-01T23:45:21.000Z,2026-07-02,-0.72973,10,64,3508
NWSA,0001564708-26-000143,2026-06-30T22:26:07.000Z,2026-07-01,-0.72973,10,64,3508
NWSA,0001564708-26-000142,2026-06-29T23:54:15.000Z,2026-06-30,-0.72973,10,64,3508
NWSA,0001564708-26-000141,2026-06-29T11:01:03.000Z,2026-06-29,-0.72973,10,64,3514
NWSA,0001564708-26-000140,2026-06-25T22:33:49.000Z,2026-06-26,-0.72973,10,64,3508
NWSA,0001564708-26-000139,2026-06-24T22:20:54.000Z,2026-06-25,-0.72973,10,64,3508
NWSA,0001564708-26-000138,2026-06-23T22:30:35.000Z,2026-06-24,-0.72973,10,64,3508
NWSA,0001564708-26-000137,2026-06-22T22:31:05.000Z,2026-06-23,-0.72973,10,64,3508
NWSA,0001564708-26-000136,2026-06-19T01:27:16.000Z,2026-06-22,-0.72973,10,64,3508
NWSA,0001564708-26-000135,2026-06-17T22:35:50.000Z,2026-06-18,-0.72973,10,64,3508
NWSA,0001564708-26-000134,2026-06-16T23:33:58.000Z,2026-06-17,-0.72973,10,64,3508
NWSA,0001564708-26-000133,2026-06-15T22:29:45.000Z,2026-06-16,-0.72973,10,64,3509
NWSA,0001564708-26-000132,2026-06-15T10:18:37.000Z,2026-06-15,-0.72973,10,64,3514
NWSA,0001564708-26-000131,2026-06-12T20:05:20.000Z,2026-06-12,-0.333333,3,6,834
NWSA,0001564708-26-000127,2026-06-11T23:19:29.000Z,2026-06-12,-0.72973,10,64,3508
NWSA,0001564708-26-000126,2026-06-11T10:42:57.000Z,2026-06-11,-0.72973,10,64,3508
NWSA,0001564708-26-000124,2026-06-09T22:55:18.000Z,2026-06-10,-0.72973,10,64,3508
NWSA,0001564708-26-000123,2026-06-08T23:11:14.000Z,2026-06-09,-0.746479,18,124,6356
NWSA,0001564708-26-000122,2026-06-05T01:04:05.000Z,2026-06-05,-0.72973,10,64,3508
NWSA,0001564708-26-000121,2026-06-03T22:30:41.000Z,2026-06-04,-0.72973,10,64,3508
NWSA,0001564708-26-000120,2026-06-02T23:00:36.000Z,2026-06-03,-0.72973,10,64,3508
NWSA,0001564708-26-000119,2026-06-01T23:59:36.000Z,2026-06-02,-0.72973,10,64,3508
NWSA,0001564708-26-000118,2026-06-01T10:32:37.000Z,2026-06-01,-0.72973,10,64,3514
NWSA,0001564708-26-000117,2026-05-28T23:14:31.000Z,2026-05-29,-0.72973,10,64,3508
NWSA,0001564708-26-000116,2026-05-27T23:27:13.000Z,2026-05-28,-0.72973,10,64,3508
NWSA,0001564708-26-000115,2026-05-27T00:36:07.000Z,2026-05-27,-0.72973,10,64,3508
NWSA,0001564708-26-000114,2026-05-26T10:27:52.000Z,2026-05-26,-0.72973,10,64,3514
NWSA,0001564708-26-000113,2026-05-21T23:15:39.000Z,2026-05-22,-0.72973,10,64,3508
NWSA,0001564708-26-000112,2026-05-20T22:24:24.000Z,2026-05-21,-0.72973,10,64,3508
NWSA,0001564708-26-000111,2026-05-19T22:53:59.000Z,2026-05-20,-0.72973,10,64,3508
NWSA,0001564708-26-000110,2026-05-18T22:38:19.000Z,2026-05-19,-0.72973,10,64,3508
NWSA,0001564708-26-000109,2026-05-18T10:32:20.000Z,2026-05-18,-0.72973,10,64,3514
NWSA,0001564708-26-000108,2026-05-14T23:54:48.000Z,2026-05-15,-0.72973,10,64,3508
NWSA,0001564708-26-000107,2026-05-13T22:55:25.000Z,2026-05-14,-0.72973,10,64,3508
NWSA,0001564708-26-000106,2026-05-12T23:55:09.000Z,2026-05-13,-0.72973,10,64,3508
NWSA,0001564708-26-000105,2026-05-12T00:14:17.000Z,2026-05-12,-0.72973,10,64,3508
NWSA,0001564708-26-000104,2026-05-11T10:33:05.000Z,2026-05-11,-0.72973,10,64,3514
NWSA,0001564708-26-000102,2026-05-08T01:53:07.000Z,2026-05-08,-0.72973,10,64,3508
NWSA,0001564708-26-000101,2026-05-07T20:20:23.000Z,2026-05-07,-0.405797,41,97,5937
NWSA,0001564708-26-000096,2026-05-07T00:09:17.000Z,2026-05-07,-0.72973,10,64,3508
NWSA,0001564708-26-000095,2026-05-06T10:37:00.000Z,2026-05-06,-0.72973,10,64,3508
NWSA,0001564708-26-000094,2026-05-04T22:32:39.000Z,2026-05-05,-0.72973,10,64,3508
NWSA,0001564708-26-000093,2026-05-04T12:28:29.000Z,2026-05-04,-0.72973,10,64,3514
NWSA,0001564708-26-000092,2026-05-01T00:07:47.000Z,2026-05-01,-0.72973,10,64,3508
NWSA,0001564708-26-000091,2026-04-29T23:08:38.000Z,2026-04-30,-0.72973,10,64,3508
NWSA,0001564708-26-000090,2026-04-29T00:36:48.000Z,2026-04-29,-0.72973,10,64,3508
NWSA,0001564708-26-000089,2026-04-27T23:32:28.000Z,2026-04-28,-0.72973,10,64,3508
NWSA,0001564708-26-000088,2026-04-27T11:32:57.000Z,2026-04-27,-0.72973,10,64,3514
NWSA,0001564708-26-000086,2026-04-24T00:07:49.000Z,2026-04-24,-0.72973,10,64,3508
NWSA,0001564708-26-000085,2026-04-23T00:09:58.000Z,2026-04-23,-0.72973,10,64,3508
NWSA,0001564708-26-000084,2026-04-21T23:06:50.000Z,2026-04-22,-0.72973,10,64,3508
NWSA,0001564708-26-000083,2026-04-20T23:24:23.000Z,2026-04-21,-0.72973,10,64,3508
NWSA,0001564708-26-000081,2026-04-20T10:03:50.000Z,2026-04-20,-0.72973,10,64,3514
NWSA,0001564708-26-000080,2026-04-16T23:00:34.000Z,2026-04-17,-0.72973,10,64,3508
NWSA,0001564708-26-000079,2026-04-16T01:08:50.000Z,2026-04-16,-0.72973,10,64,3508
NWSA,0001564708-26-000078,2026-04-15T01:56:51.000Z,2026-04-15,-0.72973,10,64,3508
NWSA,0001564708-26-000077,2026-04-14T01:17:10.000Z,2026-04-14,-0.72973,10,64,3508
NWSA,0001564708-26-000076,2026-04-13T10:39:50.000Z,2026-04-13,-0.72973,10,64,3514
NWSA,0001564708-26-000075,2026-04-09T23:57:00.000Z,2026-04-10,-0.72973,10,64,3508
NWSA,0001564708-26-000074,2026-04-09T00:05:39.000Z,2026-04-09,-0.72973,10,64,3508
NWSA,0001564708-26-000073,2026-04-07T23:04:26.000Z,2026-04-08,-0.72973,10,64,3508
NWSA,0001564708-26-000072,2026-04-06T22:41:30.000Z,2026-04-07,-0.746479,18,124,6350
NWSA,0001564708-26-000070,2026-04-02T00:48:20.000Z,2026-04-02,-0.72973,10,64,3508
NWSA,0001564708-26-000069,2026-03-31T23:53:43.000Z,2026-04-01,-0.72973,10,64,3508
NWSA,0001564708-26-000068,2026-03-30T22:25:29.000Z,2026-03-31,-0.72973,10,64,3508
NWSA,0001564708-26-000067,2026-03-30T10:07:26.000Z,2026-03-30,-0.72973,10,64,3514
NWSA,0001104659-26-036080,2026-03-27T20:01:29.000Z,2026-03-27,-0.875,1,15,1346
NWSA,0001564708-26-000066,2026-03-26T22:44:35.000Z,2026-03-27,-0.72973,10,64,3508
NWSA,0001564708-26-000065,2026-03-25T21:41:47.000Z,2026-03-26,-0.72973,10,64,3508
NWSA,0001564708-26-000064,2026-03-24T21:46:46.000Z,2026-03-25,-0.72973,10,64,3508
NWSA,0001564708-26-000063,2026-03-24T01:44:41.000Z,2026-03-24,-0.72973,10,64,3508
NWSA,0001564708-26-000062,2026-03-23T10:16:29.000Z,2026-03-23,-0.72973,10,64,3514
NWSA,0001564708-26-000061,2026-03-20T00:23:12.000Z,2026-03-20,-0.72973,10,64,3508
NWSA,0001564708-26-000060,2026-03-18T21:50:00.000Z,2026-03-19,-0.72973,10,64,3508
NWSA,0001564708-26-000059,2026-03-17T22:00:09.000Z,2026-03-18,-0.72973,10,64,3508
NWSA,0001564708-26-000058,2026-03-17T10:25:37.000Z,2026-03-17,-0.72973,10,64,3508
NWSA,0001564708-26-000057,2026-03-16T20:00:23.000Z,2026-03-16,-0.096154,47,57,5760
NWSA,0001564708-26-000055,2026-03-16T10:40:21.000Z,2026-03-16,-0.72973,10,64,3514
NWSA,0001564708-26-000053,2026-03-12T23:16:44.000Z,2026-03-13,-0.72973,10,64,3508
NWSA,0001564708-26-000052,2026-03-12T10:36:24.000Z,2026-03-12,-0.72973,10,64,3508
NWSA,0001564708-26-000051,2026-03-11T00:32:29.000Z,2026-03-11,-0.72973,10,64,3508
NWSA,0001564708-26-000050,2026-03-09T23:55:07.000Z,2026-03-10,-0.72973,10,64,3508
NWSA,0001564708-26-000049,2026-03-09T10:52:36.000Z,2026-03-09,-0.72973,10,64,3514
NWSA,0001564708-26-000048,2026-03-06T00:00:10.000Z,2026-03-06,-0.72973,10,64,3508
NWSA,0001564708-26-000047,2026-03-04T23:22:16.000Z,2026-03-05,-0.72973,10,64,3508
NWSA,0001564708-26-000046,2026-03-04T00:50:01.000Z,2026-03-04,-0.72973,10,64,3508
NWSA,0001564708-26-000045,2026-03-03T00:16:11.000Z,2026-03-03,-0.72973,10,64,3508
NWSA,0001564708-26-000044,2026-03-02T13:25:33.000Z,2026-03-02,-0.72973,10,64,3514
NWSA,0001564708-26-000043,2026-02-27T00:41:44.000Z,2026-02-27,-0.72973,10,64,3508
NWSA,0001564708-26-000042,2026-02-26T01:30:03.000Z,2026-02-26,-0.72973,10,64,3508
NWSA,0001564708-26-000041,2026-02-24T23:22:31.000Z,2026-02-25,-0.72973,10,64,3508
NXPI,0001413447-26-000044,2026-07-28T20:14:04.000Z,2026-07-28,-0.339623,35,71,3846
NXPI,0001413447-26-000039,2026-06-11T12:17:25.000Z,2026-06-11,-0.444444,15,39,1796
NXPI,0001413447-26-000032,2026-04-28T20:19:01.000Z,2026-04-28,-0.247863,44,73,4019
NXPI,0001413447-26-000016,2026-04-20T20:31:52.000Z,2026-04-20,-0.090909,15,18,1311
NXPI,0001413447-26-000010,2026-03-12T12:23:02.000Z,2026-03-12,-0.117647,15,19,1325
O,0001104659-26-100789,2026-08-25T20:00:30.000Z,2026-08-25,-0.8,1,9,924
O,0001104659-26-097260,2026-08-14T20:35:01.000Z,2026-08-14,-0.791045,7,60,4688
O,0001104659-26-094314,2026-08-12T10:02:30.000Z,2026-08-12,-0.575758,7,26,3411
O,0001104659-26-094098,2026-08-11T20:40:21.000Z,2026-08-11,-0.625,6,26,3538
O,0000726728-26-000044,2026-08-05T20:07:57.000Z,2026-08-05,-0.32093,73,142,20093
O,0001104659-26-083103,2026-07-13T20:10:54.000Z,2026-07-13,-0.698113,8,45,3440
O,0001104659-26-080984,2026-07-07T12:55:34.000Z,2026-07-07,-0.6,1,4,747
O,0001104659-26-079023,2026-06-30T01:54:22.000Z,2026-06-30,-0.826087,2,21,1187
O,0001104659-26-078408,2026-06-29T10:01:46.000Z,2026-06-29,-0.809524,2,19,1649
O,0000726728-26-000033,2026-05-22T20:08:31.000Z,2026-05-22,-0.666667,1,5,812
O,0001104659-26-057450,2026-05-08T10:01:41.000Z,2026-05-08,-0.2,2,3,2469
O,0000726728-26-000028,2026-05-06T20:08:39.000Z,2026-05-06,-0.20354,90,136,20982
O,0001104659-26-040362,2026-04-07T20:01:25.000Z,2026-04-07,-0.6,1,4,746
O,0001104659-26-037366,2026-03-31T11:44:14.000Z,2026-03-31,-0.818182,2,20,1254
O,0001104659-26-036510,2026-03-30T12:57:04.000Z,2026-03-30,-0.826087,2,21,1589
O,0001104659-26-022282,2026-03-02T21:21:47.000Z,2026-03-02,-0.166667,10,14,2041
ODFL,0000878927-26-000021,2026-07-29T13:14:03.000Z,2026-07-29,-0.388889,22,50,2519
ODFL,0000878927-26-000019,2026-07-23T12:57:50.000Z,2026-07-23,-0.807692,5,47,1525
ODFL,0000878927-26-000015,2026-06-03T13:00:56.000Z,2026-06-03,-0.6,12,48,1708
ODFL,0000878927-26-000013,2026-05-21T13:00:08.000Z,2026-05-21,-0.821429,5,51,1800
ODFL,0000878927-26-000009,2026-04-29T13:03:15.000Z,2026-04-29,-0.324675,26,51,2497
ODFL,0000878927-26-000002,2026-03-03T21:36:12.000Z,2026-03-03,-0.57377,13,48,1694
OKE,0001039684-26-000027,2026-08-03T20:22:11.000Z,2026-08-03,-0.542169,19,64,4867
OKE,0001039684-26-000022,2026-05-21T20:21:15.000Z,2026-05-21,-0.6,1,4,587
OKE,0001039684-26-000015,2026-04-28T20:22:52.000Z,2026-04-28,-0.609756,16,66,4389
OKE,0001039684-26-000008,2026-03-25T20:19:34.000Z,2026-03-25,0.333333,6,3,1036
OMC,0000029989-26-000018,2026-07-28T20:07:49.000Z,2026-07-28,-0.586207,30,115,9913
OMC,0001213900-26-053924,2026-05-08T20:30:39.000Z,2026-05-08,-0.6,1,4,639
OMC,0000029989-26-000008,2026-04-28T20:08:25.000Z,2026-04-28,-0.626667,28,122,9189
OMC,0001193125-26-103214,2026-03-12T13:27:06.000Z,2026-03-12,-0.542857,8,27,1699
OMC,0001213900-26-022415,2026-03-02T22:04:36.000Z,2026-03-02,-0.8,2,18,2285
ON,0001140361-26-032594,2026-08-13T10:01:02.000Z,2026-08-13,-0.411765,10,24,1924
ON,0001140361-26-030989,2026-08-03T20:54:23.000Z,2026-08-03,-0.271186,43,75,4666
ON,0001140361-26-026395,2026-06-25T20:55:15.000Z,2026-06-25,-0.081395,79,93,7001
ON,0001140361-26-021907,2026-05-18T20:30:46.000Z,2026-05-18,-0.555556,2,7,685
ON,0001140361-26-020642,2026-05-11T22:37:57.000Z,2026-05-12,-0.647059,3,14,2854
ON,0001140361-26-019416,2026-05-07T10:31:04.000Z,2026-05-07,-0.357143,9,19,2382
ON,0001140361-26-019207,2026-05-06T11:31:28.000Z,2026-05-06,-0.083333,11,13,2057
ON,0001140361-26-018868,2026-05-04T20:10:34.000Z,2026-05-04,-0.248,47,78,4559
ON,0001140361-26-008936,2026-03-11T10:05:41.000Z,2026-03-11,0.0,2,2,441
ORCL,0001193125-26-265848,2026-06-10T20:13:46.000Z,2026-06-10,0.180328,36,25,5379
ORCL,0001193125-26-219708,2026-05-12T20:50:49.000Z,2026-05-12,0.454545,8,3,1266
ORCL,0001193125-26-142939,2026-04-06T12:12:11.000Z,2026-04-06,0.75,21,3,1791
ORCL,0001193125-26-100148,2026-03-10T20:12:51.000Z,2026-03-10,-0.095238,19,23,4840
ORLY,0001104659-26-097090,2026-08-14T20:05:29.000Z,2026-08-14,-0.647059,6,28,2345
ORLY,0001104659-26-094110,2026-08-11T20:48:59.000Z,2026-08-11,-0.2,2,3,661
ORLY,0000898173-26-000042,2026-07-29T20:38:23.000Z,2026-07-29,-0.2,16,24,3169
ORLY,0000898173-26-000039,2026-07-10T20:31:18.000Z,2026-07-10,0.0,2,2,768
ORLY,0000898173-26-000037,2026-07-01T20:32:43.000Z,2026-07-01,0.5,3,1,801
ORLY,0000898173-26-000033,2026-06-01T20:31:50.000Z,2026-06-01,-0.2,2,3,505
ORLY,0000898173-26-000030,2026-05-18T20:36:04.000Z,2026-05-18,-0.8,1,9,877
ORLY,0000898173-26-000024,2026-04-29T20:35:09.000Z,2026-04-29,-0.315789,13,25,2894
ORLY,0000898173-26-000021,2026-04-01T20:36:14.000Z,2026-04-01,0.5,3,1,801
ORLY,0001104659-26-027054,2026-03-12T20:06:22.000Z,2026-03-12,-0.714286,4,24,1688
ORLY,0001104659-26-024710,2026-03-06T21:11:37.000Z,2026-03-06,-0.2,2,3,645
OTIS,0001781335-26-000110,2026-07-22T10:05:47.000Z,2026-07-22,-0.203252,49,74,4948
OTIS,0001781335-26-000102,2026-05-29T20:12:35.000Z,2026-05-29,-0.666667,1,5,650
OTIS,0001140361-26-019547,2026-05-07T20:19:43.000Z,2026-05-07,-0.666667,1,5,1456
OTIS,0001781335-26-000072,2026-04-22T10:09:06.000Z,2026-04-22,-0.297297,39,72,4602
OXY,0001628280-26-053377,2026-08-05T20:16:18.000Z,2026-08-05,-0.34375,42,86,5000
OXY,0001628280-26-047886,2026-07-10T20:15:43.000Z,2026-07-10,-0.692308,6,33,1688
OXY,0001628280-26-030567,2026-05-05T20:16:53.000Z,2026-05-05,-0.353383,43,90,5212
OXY,0000950157-26-000569,2026-05-04T21:20:53.000Z,2026-05-04,0.657143,29,6,1621
OXY,0001628280-26-024581,2026-04-10T11:15:27.000Z,2026-04-10,-0.684211,6,32,1669
OXY,0000950157-26-000265,2026-03-09T20:19:05.000Z,2026-03-09,-0.658537,14,68,5201
PANW,0001193125-26-361122,2026-08-21T20:15:18.000Z,2026-08-21,-0.176471,14,20,1498
PANW,0001327567-26-000012,2026-06-02T20:08:29.000Z,2026-06-02,-0.413333,22,53,4109
PANW,0001193125-26-151637,2026-04-11T01:00:48.000Z,2026-04-13,0.2,3,2,744
PANW,0001193125-26-119729,2026-03-23T20:10:27.000Z,2026-03-23,-0.333333,1,2,542
PANW,0001327567-26-000009,2026-03-11T20:10:23.000Z,2026-03-11,-0.6,1,4,550
PAYX,0001193125-26-310277,2026-07-21T20:03:27.000Z,2026-07-21,0.0,2,2,461
PAYX,0001193125-26-280314,2026-06-24T12:38:56.000Z,2026-06-24,-0.125,28,36,3898
PAYX,0001193125-26-122887,2026-03-25T12:34:56.000Z,2026-03-25,-0.233333,23,37,3756
PCAR,0001193125-26-318918,2026-07-28T12:05:17.000Z,2026-07-28,0.423077,37,15,2589
PCAR,0001193125-26-201546,2026-05-01T20:30:20.000Z,2026-05-01,-0.6,1,4,774
PCAR,0001193125-26-183626,2026-04-28T12:05:17.000Z,2026-04-28,0.46875,47,17,2600
PCG,0001193125-26-332848,2026-08-04T20:15:29.000Z,2026-08-04,-0.333333,1,2,783
PCG,0001004980-26-000047,2026-07-23T00:21:25.000Z,2026-07-23,-0.042654,101,110,10528
PCG,0001193125-26-279461,2026-06-23T20:15:35.000Z,2026-06-23,-0.6,1,4,1132
PCG,0001193125-26-255485,2026-06-03T20:17:22.000Z,2026-06-03,-0.333333,1,2,794
PCG,0001999371-26-011451,2026-05-26T20:30:48.000Z,2026-05-26,-0.454545,3,8,1029
PCG,0001004980-26-000032,2026-04-23T00:16:57.000Z,2026-04-23,-0.129187,91,118,10466
PEG,0001193125-26-331660,2026-08-04T13:00:33.000Z,2026-08-04,-0.308756,75,142,7824
PEG,0001193125-26-292587,2026-07-01T20:18:57.000Z,2026-07-01,-0.333333,1,2,645
PEG,0001193125-26-255562,2026-06-03T20:30:23.000Z,2026-06-03,0.0,1,1,732
PEG,0001193125-26-205254,2026-05-05T13:00:21.000Z,2026-05-05,-0.325967,61,120,7151
PEG,0001193125-26-173855,2026-04-23T20:35:26.000Z,2026-04-23,-0.8,1,9,747
PEG,0001193125-26-073678,2026-02-26T14:01:07.000Z,2026-02-26,-0.328125,86,170,9450
PEP,0000077476-26-000037,2026-07-08T21:55:54.000Z,2026-07-09,-0.477064,57,161,6548
PEP,0001104659-26-065758,2026-05-22T20:30:39.000Z,2026-05-22,-0.216107,584,906,59260
PEP,0000077476-26-000024,2026-05-08T20:19:16.000Z,2026-05-08,-0.818182,1,10,756
PEP,0000077476-26-000019,2026-04-15T22:01:12.000Z,2026-04-16,0.0,1,1,702
PFE,0000078003-26-000094,2026-08-04T11:02:43.000Z,2026-08-04,-0.243402,129,212,11728
PFE,0000078003-26-000087,2026-06-18T17:17:22.000Z,2026-06-18,-0.578947,20,75,3187
PFE,0000078003-26-000085,2026-06-18T11:07:07.000Z,2026-06-18,0.517241,22,7,1456
PFE,0000078003-26-000053,2026-05-05T11:01:20.000Z,2026-05-05,-0.189964,113,166,9855
PFE,0000078003-26-000044,2026-04-27T21:16:36.000Z,2026-04-27,-0.714286,1,6,645
PFG,0001104659-26-087091,2026-07-27T20:10:05.000Z,2026-07-27,-0.044444,43,47,3426
PFG,0001104659-26-085051,2026-07-20T20:01:21.000Z,2026-07-20,0.0,2,2,513
PFG,0001104659-26-068908,2026-06-01T20:05:54.000Z,2026-06-01,0.2,3,2,961
PFG,0001104659-26-064476,2026-05-20T20:00:59.000Z,2026-05-20,-0.5,1,3,495
PFG,0001104659-26-047680,2026-04-23T20:05:29.000Z,2026-04-23,-0.105882,38,47,3373
PFG,0001104659-26-045100,2026-04-20T10:03:29.000Z,2026-04-20,-0.5,1,3,513
PG,0000080424-26-000097,2026-07-29T14:38:23.000Z,2026-07-29,-0.239669,46,75,4627
PG,0000080424-26-000094,2026-07-29T11:05:06.000Z,2026-07-29,0.355932,40,19,1990
PG,0000080424-26-000093,2026-07-29T11:03:12.000Z,2026-07-29,-0.086093,69,82,5653
PG,0000080424-26-000082,2026-07-14T20:19:08.000Z,2026-07-14,0.333333,4,2,878
PG,0000080424-26-000057,2026-04-24T14:02:12.000Z,2026-04-24,-0.174312,45,64,3759
PG,0000080424-26-000056,2026-04-24T11:01:47.000Z,2026-04-24,-0.040541,71,77,5125
PG,0000080424-26-000048,2026-04-14T20:17:07.000Z,2026-04-14,0.333333,4,2,892
PGR,0000080661-26-000315,2026-08-19T13:08:04.000Z,2026-08-19,-0.557692,23,81,2531
PGR,0000080661-26-000310,2026-08-10T20:45:11.000Z,2026-08-10,-0.653061,17,81,2783
PGR,0000080661-26-000262,2026-07-15T13:50:55.000Z,2026-07-15,-0.541284,25,84,2754
PGR,0000080661-26-000210,2026-06-17T13:00:47.000Z,2026-06-17,-0.401709,35,82,3280
PGR,0000080661-26-000204,2026-05-20T12:33:11.000Z,2026-05-20,-0.533981,24,79,2536
PGR,0000080661-26-000200,2026-05-12T15:58:56.000Z,2026-05-12,-0.428571,2,5,741
PGR,0000080661-26-000173,2026-04-15T12:44:08.000Z,2026-04-15,-0.542857,24,81,2751
PGR,0001193125-26-125238,2026-03-26T13:10:10.000Z,2026-03-26,-0.333333,2,4,893
PGR,0000080661-26-000096,2026-03-18T14:10:05.000Z,2026-03-18,-0.529412,24,78,2582
PH,0001193125-26-349148,2026-08-13T20:05:15.000Z,2026-08-13,-0.75,1,7,881
PH,0000076334-26-000082,2026-08-06T11:59:23.000Z,2026-08-06,0.032258,32,30,3394
PH,0000076334-26-000070,2026-04-30T11:59:50.000Z,2026-04-30,0.037037,28,26,2898
PH,0001193125-26-110795,2026-03-17T20:10:20.000Z,2026-03-17,-0.333333,1,2,475
PHM,0000822416-26-000038,2026-08-12T20:11:15.000Z,2026-08-12,-0.333333,1,2,588
PHM,0000822416-26-000034,2026-07-22T11:31:32.000Z,2026-07-22,-0.686275,8,43,2603
PHM,0000822416-26-000026,2026-05-01T20:03:01.000Z,2026-05-01,-0.714286,1,6,604
PHM,0000822416-26-000021,2026-04-23T11:18:47.000Z,2026-04-23,-0.448276,16,42,2847
PKG,0001193125-26-312651,2026-07-22T22:04:21.000Z,2026-07-23,-0.507692,16,49,3194
PKG,0001193125-26-221672,2026-05-13T20:16:10.000Z,2026-05-13,-0.6,1,4,457
PKG,0001193125-26-171009,2026-04-22T22:07:06.000Z,2026-04-23,-0.267606,26,45,3011
PKG,0001193125-26-087363,2026-03-03T17:18:55.000Z,2026-03-03,-0.619048,4,17,1442
PLD,0001104659-26-092072,2026-08-06T20:36:05.000Z,2026-08-06,-0.5625,7,25,1379
PLD,0001104659-26-090724,2026-08-05T11:22:33.000Z,2026-08-05,-0.75,2,14,1024
PLD,0001104659-26-089980,2026-08-04T10:01:37.000Z,2026-08-04,-0.228571,27,43,3922
PLD,0001193125-26-305416,2026-07-16T12:05:27.000Z,2026-07-16,0.377778,186,84,15717
PLD,0001193125-26-291634,2026-07-01T12:37:28.000Z,2026-07-01,0.454545,8,3,942
PLD,0001193125-26-280195,2026-06-24T10:19:20.000Z,2026-06-24,-0.333333,4,8,1131
PLD,0001104659-26-072516,2026-06-11T01:55:35.000Z,2026-06-11,-0.888889,1,17,1379
PLD,0001193125-26-197916,2026-04-30T21:29:44.000Z,2026-04-30,-0.666667,1,5,639
PLD,0001104659-26-049048,2026-04-27T12:03:29.000Z,2026-04-27,-0.777778,2,16,1362
PLD,0001104659-26-047277,2026-04-23T12:03:31.000Z,2026-04-23,-0.684211,3,16,1461
PLD,0001193125-26-157977,2026-04-16T12:05:30.000Z,2026-04-16,0.381679,181,81,14953
PLD,0001193125-26-132661,2026-03-30T23:31:24.000Z,2026-03-31,-0.692308,2,11,1097
PLTR,0001321655-26-000039,2026-08-03T20:06:14.000Z,2026-08-03,-0.333333,14,28,3456
PLTR,0001321655-26-000033,2026-06-09T20:05:18.000Z,2026-06-09,-0.846154,1,12,954
PLTR,0001321655-26-000026,2026-05-04T20:06:32.000Z,2026-05-04,-0.368421,12,26,3421
PM,0001628280-26-058513,2026-08-24T11:02:13.000Z,2026-08-24,-0.347826,15,31,1802
PM,0001628280-26-049107,2026-07-22T11:02:12.000Z,2026-07-22,-0.465201,73,200,9999
PM,0001628280-26-047782,2026-07-09T20:05:53.000Z,2026-07-09,-0.25,3,5,1099
PM,0001104659-26-078814,2026-06-29T20:05:25.000Z,2026-06-29,0.0,1,1,664
PM,0001628280-26-042357,2026-06-11T10:04:11.000Z,2026-06-11,0.6,4,1,1119
PM,0001628280-26-039666,2026-06-02T10:05:17.000Z,2026-06-02,-0.433333,17,43,2244
PM,0001628280-26-036721,2026-05-20T11:05:00.000Z,2026-05-20,0.093333,41,34,2388
PM,0001628280-26-032644,2026-05-08T15:39:08.000Z,2026-05-08,-0.714286,1,6,759
PM,0001628280-26-030959,2026-05-06T13:52:19.000Z,2026-05-06,-0.2,22,33,1935
PM,0001104659-26-051491,2026-04-29T20:07:17.000Z,2026-04-29,-0.666667,1,5,1289
PM,0001628280-26-026385,2026-04-22T11:02:41.000Z,2026-04-22,-0.303371,62,116,8490
PM,0001628280-26-017497,2026-03-13T11:16:40.000Z,2026-03-13,-0.824742,17,177,8317
PM,0001628280-26-014994,2026-03-05T12:03:07.000Z,2026-03-05,0.6,4,1,1138
PNC,0001628280-26-048994,2026-07-21T20:05:32.000Z,2026-07-21,0.333333,2,1,820
PNC,0001628280-26-048308,2026-07-15T17:43:46.000Z,2026-07-15,-0.263158,35,60,4979
PNC,0001628280-26-048244,2026-07-15T10:40:23.000Z,2026-07-15,-0.347222,94,194,13903
PNC,0001628280-26-044499,2026-06-22T12:53:15.000Z,2026-06-22,-0.285714,5,9,1298
PNC,0000713676-26-000042,2026-05-26T20:15:28.000Z,2026-05-26,0.333333,2,1,815
PNC,0000713676-26-000031,2026-04-24T20:05:36.000Z,2026-04-24,-0.714286,1,6,1160
PNC,0000713676-26-000029,2026-04-15T19:05:35.000Z,2026-04-15,-0.478261,24,68,4567
PNC,0000713676-26-000026,2026-04-15T10:39:50.000Z,2026-04-15,-0.422535,82,202,12797
PNR,0000077360-26-000042,2026-07-28T10:53:55.000Z,2026-07-28,-0.295775,25,46,3698
PNR,0000077360-26-000039,2026-07-14T21:20:51.000Z,2026-07-14,0.139535,49,37,3243
PNR,0000077360-26-000029,2026-05-06T20:36:26.000Z,2026-05-06,-0.75,1,7,789
PNR,0001104659-26-056228,2026-05-06T20:01:35.000Z,2026-05-06,-0.789474,2,17,1135
PNR,0000077360-26-000024,2026-04-28T10:53:27.000Z,2026-04-28,0.0,3,3,507
PNR,0000077360-26-000023,2026-04-28T10:52:38.000Z,2026-04-28,-0.09375,29,35,3526
PNW,0001104659-26-095989,2026-08-13T20:37:47.000Z,2026-08-13,-0.733333,2,13,736
PNW,0000764622-26-000044,2026-08-07T20:35:29.000Z,2026-08-07,0.028037,55,52,4155
PNW,0001104659-26-090108,2026-08-04T13:01:16.000Z,2026-08-04,-0.894737,1,18,1839
PNW,0000764622-26-000040,2026-08-04T12:18:37.000Z,2026-08-04,-0.140845,61,81,6584
PNW,0000764622-26-000034,2026-06-29T20:03:39.000Z,2026-06-29,-0.636364,2,9,732
PNW,0000764622-26-000031,2026-06-08T20:25:04.000Z,2026-06-08,0.018868,54,52,4116
PNW,0001104659-26-071021,2026-06-05T20:44:35.000Z,2026-06-05,-0.875,1,15,963
PNW,0001104659-26-070960,2026-06-05T20:02:53.000Z,2026-06-05,0.333333,2,1,522
PNW,0001628280-26-036111,2026-05-18T23:50:45.000Z,2026-05-19,-0.5,1,3,472
PNW,0000764622-26-000029,2026-05-06T20:06:51.000Z,2026-05-06,0.038462,54,50,4071
PNW,0000764622-26-000026,2026-05-04T12:24:10.000Z,2026-05-04,-0.213115,48,74,6189
PNW,0000764622-26-000018,2026-04-15T20:01:30.000Z,2026-04-15,0.056604,56,50,3990
PNW,0001104659-26-027150,2026-03-12T21:06:52.000Z,2026-03-12,-0.733333,2,13,695
PNW,0000764622-26-000016,2026-02-27T22:29:07.000Z,2026-02-27,0.018519,55,53,3820
PNW,0000764622-26-000010,2026-02-25T13:24:33.000Z,2026-02-25,-0.179104,55,79,6304
PODD,0001145197-26-000167,2026-08-05T11:04:50.000Z,2026-08-05,-0.226667,29,46,3326
PODD,0001145197-26-000148,2026-06-25T11:06:41.000Z,2026-06-25,0.76,22,3,1480
PODD,0001145197-26-000132,2026-05-26T20:06:27.000Z,2026-05-26,-0.64,9,41,1819
PODD,0001145197-26-000121,2026-05-21T20:03:22.000Z,2026-05-21,-0.384615,4,9,768
PODD,0001145197-26-000100,2026-05-06T11:05:39.000Z,2026-05-06,-0.236842,29,47,3257
PODD,0001145197-26-000095,2026-04-29T20:04:54.000Z,2026-04-29,-0.846154,1,12,586
PODD,0001145197-26-000081,2026-03-12T20:06:56.000Z,2026-03-12,-0.565217,10,36,1656
PODD,0001145197-26-000078,2026-03-04T21:06:27.000Z,2026-03-04,-0.75,1,7,536
PPG,0000079879-26-000246,2026-07-28T20:26:42.000Z,2026-07-28,0.178571,66,46,4012
PPG,0000079879-26-000167,2026-04-28T20:13:14.000Z,2026-04-28,0.086207,63,53,4041
PPG,0000079879-26-000164,2026-04-28T12:06:41.000Z,2026-04-28,0.75,21,3,1290
PPG,0000079879-26-000149,2026-04-21T20:33:44.000Z,2026-04-21,-0.375,5,11,1165
PPG,0000079879-26-000129,2026-04-15T20:23:46.000Z,2026-04-15,-0.157895,16,22,1744
PPL,0000922224-26-000046,2026-08-17T12:16:30.000Z,2026-08-17,-0.333333,3,6,880
PPL,0000922224-26-000042,2026-08-07T11:50:25.000Z,2026-08-07,0.264368,55,32,5100
PPL,0000922224-26-000040,2026-06-30T12:50:10.000Z,2026-06-30,0.666667,10,2,1291
PPL,0000922224-26-000036,2026-06-04T20:21:45.000Z,2026-06-04,0.428571,20,8,1265
PPL,0000922224-26-000034,2026-05-18T20:37:20.000Z,2026-05-18,-0.6,1,4,1005
PPL,0000922224-26-000032,2026-05-15T20:17:00.000Z,2026-05-15,-0.333333,1,2,776
PPL,0000922224-26-000030,2026-05-13T20:25:31.000Z,2026-05-13,-0.6,2,8,681
PPL,0000922224-26-000024,2026-05-08T11:53:15.000Z,2026-05-08,0.216216,45,29,4058
PPL,0000922224-26-000022,2026-03-24T21:05:28.000Z,2026-03-24,-0.666667,1,5,758
PPL,0000922224-26-000020,2026-03-13T16:24:25.000Z,2026-03-13,0.157895,22,16,1964
PPL,0000922224-26-000014,2026-03-06T17:45:50.000Z,2026-03-06,-0.333333,2,4,807
PPL,0000922224-26-000010,2026-02-26T21:11:44.000Z,2026-02-26,0.5,3,1,1273
PRU,0001137774-26-000170,2026-08-04T20:24:19.000Z,2026-08-04,-0.186094,199,290,15953
PRU,0001193125-26-314987,2026-07-24T10:02:22.000Z,2026-07-24,-0.661017,10,49,1737
PRU,0001137774-26-000157,2026-07-15T20:23:22.000Z,2026-07-15,-0.555556,4,14,1260
PRU,0001193125-26-257475,2026-06-04T20:25:44.000Z,2026-06-04,-0.333333,1,2,607
PRU,0001193125-26-219846,2026-05-12T21:15:12.000Z,2026-05-12,-0.666667,1,5,558
PRU,0001137774-26-000093,2026-05-05T20:20:37.000Z,2026-05-05,-0.213187,179,276,14955
PRU,0001193125-26-166839,2026-04-21T20:19:09.000Z,2026-04-21,-0.071429,26,30,1810
PRU,0001137774-26-000087,2026-04-14T20:37:44.000Z,2026-04-14,-0.25072,130,217,12604
PRU,0001193125-26-152952,2026-04-13T20:30:54.000Z,2026-04-13,0.058824,9,8,1252
PRU,0001193125-26-100276,2026-03-10T20:44:27.000Z,2026-03-10,0.615385,21,5,1029
PRU,0001193125-26-095001,2026-03-06T12:48:27.000Z,2026-03-06,-0.826087,4,42,1319
PSA,0001193125-26-342525,2026-08-10T20:36:04.000Z,2026-08-10,0.5,3,1,833
PSA,0001628280-26-050608,2026-07-29T20:07:48.000Z,2026-07-29,-0.226415,41,65,5625
PSA,0001193125-26-312563,2026-07-22T21:17:28.000Z,2026-07-22,0.034483,45,42,4731
PSA,0001193125-26-308951,2026-07-20T20:20:56.000Z,2026-07-20,-0.714286,1,6,1636
PSA,0001193125-26-301175,2026-07-10T23:54:27.000Z,2026-07-13,-0.2,2,3,1441
PSA,0001193125-26-297556,2026-07-07T20:40:24.000Z,2026-07-07,0.0,5,5,1019
PSA,0001193125-26-282750,2026-06-25T20:06:00.000Z,2026-06-25,-0.444444,10,26,2536
PSA,0001193125-26-277592,2026-06-22T20:34:11.000Z,2026-06-22,0.451613,45,17,3368
PSA,0001628280-26-039263,2026-06-01T10:01:44.000Z,2026-06-01,-0.333333,2,4,1171
PSA,0001193125-26-215591,2026-05-11T10:10:28.000Z,2026-05-11,-0.333333,2,4,993
PSA,0001628280-26-027484,2026-04-27T20:00:41.000Z,2026-04-27,-0.111111,44,55,5896
PSA,0001193125-26-143776,2026-04-06T20:17:08.000Z,2026-04-06,-0.666667,1,5,1379
PSA,0001193125-26-140334,2026-04-02T20:42:51.000Z,2026-04-02,-0.2,2,3,1306
PSA,0001193125-26-109593,2026-03-17T13:09:39.000Z,2026-03-17,-0.341693,105,214,13668
PSA,0001193125-26-107159,2026-03-16T11:06:20.000Z,2026-03-16,0.239216,158,97,11125
PSA,0001628280-26-012969,2026-02-28T00:40:30.000Z,2026-03-02,-0.25,3,5,1127
PSKY,0002041610-26-000052,2026-08-04T20:03:41.000Z,2026-08-04,0.210526,161,105,8997
PSKY,0001104659-26-089245,2026-07-31T20:27:36.000Z,2026-07-31,-0.543046,69,233,16606
PSKY,0002041610-26-000043,2026-07-23T21:12:25.000Z,2026-07-23,0.333333,2,1,485
PSKY,0001104659-26-085769,2026-07-22T19:06:13.000Z,2026-07-22,-0.510204,12,37,1516
PSKY,0001104659-26-079448,2026-06-30T23:00:56.000Z,2026-07-01,-0.510204,12,37,1531
PSKY,0002041610-26-000041,2026-06-29T21:25:03.000Z,2026-06-29,-0.020408,24,25,3740
PSKY,0001104659-26-075961,2026-06-22T10:03:04.000Z,2026-06-22,-0.529412,12,39,1529
PSKY,0001104659-26-075287,2026-06-17T23:10:54.000Z,2026-06-18,-0.6,11,44,1659
PSKY,0001104659-26-072030,2026-06-10T10:02:25.000Z,2026-06-10,-0.45098,14,37,1670
PSKY,0001104659-26-063952,2026-05-19T21:23:45.000Z,2026-05-19,-0.513043,84,261,20902
PSKY,0002041610-26-000033,2026-05-13T21:16:41.000Z,2026-05-13,-0.492773,193,568,48045
PSKY,0002041610-26-000022,2026-05-04T20:03:29.000Z,2026-05-04,0.117904,128,101,8426
PSKY,0001104659-26-041263,2026-04-09T13:00:21.000Z,2026-04-09,-0.617978,17,72,3097
PSKY,0002041610-26-000016,2026-04-08T21:00:06.000Z,2026-04-08,-0.333333,13,26,2501
PSKY,0001104659-26-040178,2026-04-07T12:51:49.000Z,2026-04-07,-0.580645,13,49,2958
PSKY,0001104659-26-021911,2026-03-02T12:50:35.000Z,2026-03-02,-0.151703,137,186,10451
PSKY,0002041610-26-000008,2026-02-25T21:03:36.000Z,2026-02-25,-0.011905,166,170,8951
PSX,0001193125-26-361266,2026-08-21T20:58:45.000Z,2026-08-21,0.0,1,1,663
PSX,0001534701-26-000030,2026-08-05T14:03:40.000Z,2026-08-05,-0.393162,71,163,9011
PSX,0001193125-26-224232,2026-05-14T20:47:38.000Z,2026-05-14,-0.666667,1,5,559
PSX,0001534701-26-000020,2026-04-29T13:36:52.000Z,2026-04-29,-0.430894,70,176,8765
PSX,0001534701-26-000015,2026-04-06T20:15:26.000Z,2026-04-06,-0.925926,1,26,1667
PSX,0001193125-26-114070,2026-03-18T20:28:38.000Z,2026-03-18,-0.818182,1,10,952
PSX,0001193125-26-097469,2026-03-09T10:01:45.000Z,2026-03-09,0.428571,5,2,933
PTC,0001193125-26-323617,2026-07-29T20:01:24.000Z,2026-07-29,-0.421053,22,54,4169
PTC,0001193125-26-208904,2026-05-06T20:02:22.000Z,2026-05-06,-0.454545,21,56,4281
PTC,0001193125-26-107315,2026-03-16T12:30:08.000Z,2026-03-16,-0.605263,15,61,3394
PWR,0001193125-26-337945,2026-08-06T20:05:07.000Z,2026-08-06,-0.555556,4,14,1861
PWR,0001193125-26-331400,2026-08-04T10:04:14.000Z,2026-08-04,-0.6,4,16,1861
PWR,0001193125-26-324855,2026-07-30T10:58:06.000Z,2026-07-30,-0.458333,52,140,9701
PWR,0001193125-26-241989,2026-05-27T20:30:30.000Z,2026-05-27,-0.384615,8,18,2024
PWR,0001193125-26-193918,2026-04-30T10:58:06.000Z,2026-04-30,-0.534884,40,132,8341
PWR,0001193125-26-159117,2026-04-16T20:30:16.000Z,2026-04-16,0.733333,13,2,1007
PWR,0001193125-26-091646,2026-03-04T21:30:18.000Z,2026-03-04,0.6,4,1,824
PYPL,0001633917-26-000080,2026-07-28T11:02:42.000Z,2026-07-28,-0.215385,51,79,5703
PYPL,0001633917-26-000076,2026-05-21T21:14:04.000Z,2026-05-21,-0.764706,2,15,1077
PYPL,0001193125-26-226653,2026-05-15T20:06:19.000Z,2026-05-15,-0.75,1,7,1040
PYPL,0001633917-26-000065,2026-05-05T11:03:30.000Z,2026-05-05,-0.227273,51,81,5633
PYPL,0001193125-26-197533,2026-04-30T20:33:28.000Z,2026-04-30,0.3,13,7,1305
PYPL,0001633917-26-000059,2026-03-25T21:02:22.000Z,2026-03-25,0.647059,14,3,1268
Q,0002058873-26-000033,2026-08-21T11:09:56.000Z,2026-08-21,0.4375,23,9,1430
Q,0002058873-26-000028,2026-08-04T10:02:38.000Z,2026-08-04,0.236364,34,21,5224
Q,0002058873-26-000025,2026-07-01T20:29:19.000Z,2026-07-01,-0.428571,2,5,749
Q,0002058873-26-000019,2026-05-22T20:15:54.000Z,2026-05-22,-0.6,1,4,617
Q,0002058873-26-000013,2026-05-12T10:04:29.000Z,2026-05-12,0.310345,38,20,4798
Q,0002058873-26-000007,2026-02-26T11:02:18.000Z,2026-02-26,0.178082,43,30,5405
QCOM,0001104659-26-089234,2026-07-31T20:20:22.000Z,2026-07-31,-0.333333,1,2,688
QCOM,0000804328-26-000085,2026-07-29T20:01:35.000Z,2026-07-29,-0.235294,26,42,3843
QCOM,0001104659-26-077071,2026-06-24T12:10:32.000Z,2026-06-24,-0.25,3,5,753
QCOM,0000804328-26-000060,2026-04-29T20:02:20.000Z,2026-04-29,-0.037037,39,42,4065
QCOM,0000804328-26-000041,2026-03-19T20:03:13.000Z,2026-03-19,-0.75,1,7,727
RCL,0001104659-26-099245,2026-08-20T20:30:45.000Z,2026-08-20,-0.333333,1,2,862
RCL,0001104659-26-092371,2026-08-07T12:00:32.000Z,2026-08-07,-0.2,2,3,588
RCL,0000884887-26-000036,2026-07-28T10:32:13.000Z,2026-07-28,-0.111111,52,65,5439
RCL,0001104659-26-085080,2026-07-20T20:30:21.000Z,2026-07-20,0.894737,18,1,1000
RCL,0000884887-26-000030,2026-05-28T20:51:34.000Z,2026-05-28,-0.6,1,4,534
RCL,0001104659-26-064412,2026-05-20T17:45:04.000Z,2026-05-20,0.2,3,2,560
RCL,0000884887-26-000024,2026-04-30T10:31:30.000Z,2026-04-30,-0.018519,53,55,5763
RCL,0001104659-26-021624,2026-02-27T21:30:45.000Z,2026-02-27,-0.5,1,3,936
REG,0001193125-26-343812,2026-08-11T15:46:31.000Z,2026-08-11,0.0,1,1,570
REG,0001193125-26-337033,2026-08-06T13:40:53.000Z,2026-08-06,0.5,3,1,921
REG,0001193125-26-323784,2026-07-29T20:22:08.000Z,2026-07-29,-0.384615,148,333,23880
REG,0001193125-26-251156,2026-06-01T19:24:50.000Z,2026-06-01,0.0,1,1,587
REG,0001193125-26-243251,2026-05-28T14:16:16.000Z,2026-05-28,0.25,10,6,1436
REG,0001193125-26-242017,2026-05-27T20:39:25.000Z,2026-05-27,0.0,1,1,570
REG,0001193125-26-228412,2026-05-18T16:26:59.000Z,2026-05-18,0.0,1,1,587
REG,0001193125-26-210895,2026-05-07T15:04:15.000Z,2026-05-07,-0.142857,3,4,1161
REG,0001193125-26-191872,2026-04-29T20:27:25.000Z,2026-04-29,-0.417722,138,336,23442
REG,0001193125-26-151349,2026-04-10T20:30:24.000Z,2026-04-10,0.0,1,1,608
REG,0001193125-26-101147,2026-03-11T12:41:03.000Z,2026-03-11,0.142857,4,3,753
REG,0001193125-26-084753,2026-03-02T17:23:53.000Z,2026-03-02,0.0,1,1,587
REGN,0000872589-26-000023,2026-07-30T10:48:32.000Z,2026-07-30,0.212121,60,39,4878
REGN,0001104659-26-080562,2026-07-06T11:00:40.000Z,2026-07-06,-0.272727,4,7,1045
REGN,0001104659-26-075127,2026-06-17T20:05:37.000Z,2026-06-17,-0.666667,1,5,536
REGN,0000872589-26-000014,2026-04-29T10:50:22.000Z,2026-04-29,0.095652,63,52,5461
REGN,0001104659-26-040661,2026-04-08T11:05:58.000Z,2026-04-08,-0.272727,4,7,1054
RF,0001281761-26-000060,2026-08-11T13:02:20.000Z,2026-08-11,0.866667,56,4,1937
RF,0001281761-26-000057,2026-08-07T20:12:08.000Z,2026-08-07,0.182171,305,211,16471
RF,0001281761-26-000050,2026-07-17T10:01:20.000Z,2026-07-17,-0.323718,211,413,22305
RF,0001281761-26-000042,2026-05-11T21:00:02.000Z,2026-05-11,0.179884,305,212,16680
RF,0001281761-26-000041,2026-05-11T20:58:13.000Z,2026-05-11,-0.529412,4,13,1309
RF,0001281761-26-000032,2026-04-17T10:03:02.000Z,2026-04-17,-0.325175,193,379,20713
RJF,0000720005-26-000073,2026-08-19T20:18:36.000Z,2026-08-19,0.111111,5,4,814
RJF,0000720005-26-000066,2026-07-22T20:15:23.000Z,2026-07-22,-0.065217,43,49,14303
RJF,0000720005-26-000063,2026-06-24T20:20:53.000Z,2026-06-24,0.333333,6,3,848
RJF,0000720005-26-000060,2026-05-27T12:09:55.000Z,2026-05-27,0.690821,175,32,12090
RJF,0000720005-26-000058,2026-05-20T20:21:58.000Z,2026-05-20,0.111111,5,4,806
RJF,0000720005-26-000056,2026-05-19T20:05:59.000Z,2026-05-19,-0.5,2,6,849
RJF,0000720005-26-000046,2026-04-22T20:17:24.000Z,2026-04-22,-0.155556,38,52,14078
RJF,0000720005-26-000043,2026-03-25T20:17:40.000Z,2026-03-25,0.25,5,3,795
RL,0001628280-26-053896,2026-08-06T12:07:13.000Z,2026-08-06,-0.160305,55,76,6015
RL,0000950142-26-002236,2026-07-31T22:49:31.000Z,2026-08-03,-0.5,1,3,695
RL,0001628280-26-037053,2026-05-21T12:07:24.000Z,2026-05-21,-0.060403,70,79,6806
RMD,0001193125-26-354154,2026-08-17T20:30:12.000Z,2026-08-17,0.3125,21,11,1470
RMD,0001193125-26-337962,2026-08-06T20:05:37.000Z,2026-08-06,0.381818,38,17,3567
RMD,0001193125-26-297658,2026-07-07T21:24:32.000Z,2026-07-07,0.5625,25,7,1519
RMD,0001193125-26-197282,2026-04-30T20:10:25.000Z,2026-04-30,0.714286,30,5,1630
RMD,0001193125-26-197192,2026-04-30T20:06:30.000Z,2026-04-30,0.25,25,15,3393
ROK,0001024478-26-000028,2026-08-04T11:01:24.000Z,2026-08-04,0.04,78,72,5677
ROK,0001024478-26-000020,2026-05-05T11:04:32.000Z,2026-05-05,0.065421,57,50,5602
ROK,0001024478-26-000014,2026-04-17T11:01:39.000Z,2026-04-17,0.571429,11,3,988
ROL,0000084839-26-000038,2026-07-22T20:06:26.000Z,2026-07-22,0.169811,31,22,3995
ROL,0000084839-26-000032,2026-05-27T12:35:14.000Z,2026-05-27,0.458333,35,13,2057
ROL,0000084839-26-000029,2026-05-01T20:05:25.000Z,2026-05-01,-0.5,1,3,620
ROL,0000084839-26-000019,2026-04-22T20:06:50.000Z,2026-04-22,0.357143,38,18,3900
ROP,0001193125-26-342309,2026-08-10T20:00:09.000Z,2026-08-10,-0.2,4,6,1198
ROP,0000882835-26-000031,2026-07-23T11:00:56.000Z,2026-07-23,0.0,22,22,2452
ROP,0001193125-26-230480,2026-05-19T19:04:48.000Z,2026-05-19,-0.25,9,15,1376
ROP,0000882835-26-000015,2026-04-23T11:02:07.000Z,2026-04-23,-0.081081,17,20,2326
ROP,0001193125-26-138072,2026-04-01T20:41:13.000Z,2026-04-01,-0.333333,3,6,1304
ROST,0000745732-26-000038,2026-08-20T20:11:01.000Z,2026-08-20,0.015385,33,32,2498
ROST,0000745732-26-000027,2026-05-26T21:42:14.000Z,2026-05-27,-0.666667,1,5,566
ROST,0000745732-26-000025,2026-05-21T20:02:44.000Z,2026-05-21,-0.176471,21,30,2228
ROST,0000745732-26-000003,2026-03-03T21:03:09.000Z,2026-03-03,-0.038961,37,40,2675
RSG,0001060391-26-000273,2026-08-06T20:08:11.000Z,2026-08-06,-0.644444,16,74,5745
RSG,0001060391-26-000266,2026-07-29T23:02:32.000Z,2026-07-30,0.0,1,1,410
RSG,0001193125-26-279862,2026-06-23T21:58:37.000Z,2026-06-24,-0.333333,1,2,752
RSG,0001060391-26-000215,2026-05-11T21:15:13.000Z,2026-05-11,-0.6,1,4,707
RSG,0001060391-26-000210,2026-05-07T20:10:28.000Z,2026-05-07,-0.527273,13,42,3825
RTX,0000101829-26-000025,2026-07-23T10:51:03.000Z,2026-07-23,-0.531034,34,111,5214
RTX,0001140361-26-018932,2026-05-04T21:29:52.000Z,2026-05-04,-0.6,1,4,597
RTX,0000101829-26-000009,2026-04-21T11:08:52.000Z,2026-04-21,-0.57377,26,96,4717
RTX,0001140361-26-008070,2026-03-05T21:06:09.000Z,2026-03-05,-0.333333,3,6,461
RVTY,0000031791-26-000022,2026-08-04T10:20:40.000Z,2026-08-04,-0.7125,23,137,6945
RVTY,0000031791-26-000016,2026-05-05T10:37:43.000Z,2026-05-05,-0.684932,23,123,6547
RVTY,0001193125-26-201401,2026-05-01T20:05:18.000Z,2026-05-01,-0.714286,3,18,984
SBAC,0001193125-26-330639,2026-08-03T20:23:13.000Z,2026-08-03,-0.207547,21,32,6398
SBAC,0001193125-26-315142,2026-07-24T11:31:52.000Z,2026-07-24,-0.647059,3,14,2144
SBAC,0001193125-26-314131,2026-07-23T20:15:30.000Z,2026-07-23,-0.333333,1,2,521
SBAC,0001193125-26-304972,2026-07-15T21:29:52.000Z,2026-07-15,-0.6,1,4,854
SBAC,0001193125-26-236935,2026-05-22T20:15:46.000Z,2026-05-22,-0.6,1,4,547
SBAC,0001193125-26-191545,2026-04-29T20:09:58.000Z,2026-04-29,-0.137931,25,33,6194
SBAC,0001193125-26-129070,2026-03-27T20:15:06.000Z,2026-03-27,0.333333,2,1,424
SBAC,0001193125-26-076767,2026-02-26T21:17:22.000Z,2026-02-26,-0.205882,27,41,6439
SBUX,0000829224-26-000129,2026-07-29T20:06:12.000Z,2026-07-29,-0.441341,50,129,5499
SBUX,0000829224-26-000106,2026-06-12T20:16:14.000Z,2026-06-12,0.5,3,1,574
SBUX,0000829224-26-000094,2026-05-20T20:15:21.000Z,2026-05-20,-0.5,1,3,546
SBUX,0000829224-26-000088,2026-05-15T13:00:15.000Z,2026-05-15,-0.5,2,6,577
SBUX,0000829224-26-000078,2026-04-28T20:06:39.000Z,2026-04-28,-0.545455,40,136,5767
SBUX,0000829224-26-000064,2026-04-02T20:55:33.000Z,2026-04-02,0.435897,28,11,1692
SBUX,0000829224-26-000058,2026-03-30T13:15:22.000Z,2026-03-30,-0.9,1,19,929
SCHW,0001193125-26-347083,2026-08-12T20:59:35.000Z,2026-08-12,-0.428571,2,5,905
SCHW,0000316709-26-000027,2026-07-21T20:16:35.000Z,2026-07-21,0.15,23,17,4832
SCHW,0001193125-26-288640,2026-06-29T20:53:48.000Z,2026-06-29,-0.428571,2,5,839
SCHW,0001193125-26-251689,2026-06-01T21:00:25.000Z,2026-06-01,0.0,2,2,565
SCHW,0001193125-26-237020,2026-05-22T20:30:19.000Z,2026-05-22,-0.666667,1,5,599
SCHW,0001193125-26-234609,2026-05-21T20:38:54.000Z,2026-05-21,-0.428571,2,5,900
SCHW,0001193125-26-170805,2026-04-22T21:10:42.000Z,2026-04-22,-0.555556,2,7,1219
SCHW,0000316709-26-000016,2026-04-16T20:17:45.000Z,2026-04-16,0.0,16,16,4427
SCHW,0001193125-26-084374,2026-03-02T14:06:05.000Z,2026-03-02,0.466667,11,4,1216
SHW,0000089800-26-000046,2026-07-28T11:05:57.000Z,2026-07-28,-0.244898,37,61,4218
SHW,0001193125-26-263161,2026-06-09T14:11:26.000Z,2026-06-09,-0.666667,1,5,661
SHW,0000089800-26-000036,2026-04-28T11:05:31.000Z,2026-04-28,-0.368421,24,52,3935
SHW,0000089800-26-000031,2026-04-24T21:07:24.000Z,2026-04-24,-0.714286,1,6,607
SJM,0000091419-26-000079,2026-08-26T11:02:27.000Z,2026-08-26,-0.053571,53,59,4362
SJM,0000091419-26-000076,2026-08-17T20:15:36.000Z,2026-08-17,-0.666667,1,5,570
SJM,0000091419-26-000047,2026-06-09T11:05:54.000Z,2026-06-09,-0.274725,66,116,5010
SJM,0000091419-26-000020,2026-03-03T21:15:25.000Z,2026-03-03,-0.5,2,6,876
SJM,0000091419-26-000017,2026-02-26T21:17:31.000Z,2026-02-26,0.619048,34,8,1958
SJM,0000091419-26-000013,2026-02-26T12:09:07.000Z,2026-02-26,-0.350515,63,131,4931
SLB,0001193125-26-315068,2026-07-24T11:02:06.000Z,2026-07-24,0.323741,184,94,10611
SLB,0001193125-26-265771,2026-06-10T19:54:51.000Z,2026-06-10,-0.090909,15,18,1521
SLB,0001193125-26-219818,2026-05-12T21:09:58.000Z,2026-05-12,0.0,1,1,920
SLB,0001193125-26-174940,2026-04-24T11:15:29.000Z,2026-04-24,0.014085,108,105,9180
SLB,0001193125-26-147610,2026-04-08T20:05:17.000Z,2026-04-08,-0.777778,1,8,848
SLB,0001193125-26-101131,2026-03-11T12:13:07.000Z,2026-03-11,-0.37037,17,37,1959
SMCI,0001375365-26-000021,2026-08-11T20:06:16.000Z,2026-08-11,0.125,27,21,3604
SMCI,0001375365-26-000020,2026-08-05T20:05:48.000Z,2026-08-05,0.0,1,1,470
SMCI,0001375365-26-000019,2026-07-21T20:10:55.000Z,2026-07-21,0.047619,11,10,1531
SMCI,0001193125-26-270430,2026-06-15T13:57:24.000Z,2026-06-15,-0.52381,5,16,1643
SMCI,0001193125-26-269703,2026-06-12T21:12:12.000Z,2026-06-12,-0.642857,5,23,4456
SMCI,0001193125-26-263942,2026-06-09T20:52:05.000Z,2026-06-09,-0.903846,10,198,5102
SMCI,0001375365-26-000015,2026-05-18T20:05:34.000Z,2026-05-18,0.0,4,4,560
SMCI,0001375365-26-000013,2026-05-05T20:08:27.000Z,2026-05-05,0.047619,22,20,3274
SMCI,0001375365-26-000012,2026-04-20T20:05:20.000Z,2026-04-20,-0.571429,3,11,961
SMCI,0001375365-26-000011,2026-03-20T21:11:06.000Z,2026-03-20,-0.16,21,29,1425
SNA,0000091440-26-000141,2026-07-23T10:31:34.000Z,2026-07-23,0.213115,37,24,3376
SNA,0000091440-26-000114,2026-05-01T20:34:27.000Z,2026-05-01,-0.75,1,7,627
SNA,0000091440-26-000106,2026-04-23T10:31:55.000Z,2026-04-23,-0.033333,29,31,3036
SNDK,0001628280-26-053346,2026-08-05T20:09:06.000Z,2026-08-05,-0.473684,35,98,4570
SNDK,0001193125-26-224694,2026-05-15T00:10:29.000Z,2026-05-15,-0.272727,4,7,1159
SNDK,0001628280-26-028879,2026-04-30T20:07:41.000Z,2026-04-30,-0.5,31,93,4290
SNDK,0001193125-26-122705,2026-03-25T10:01:17.000Z,2026-03-25,-0.5,1,3,674
SNPS,0001193125-26-368620,2026-08-26T20:21:49.000Z,2026-08-26,-0.404959,36,85,5269
SNPS,0001193125-26-345878,2026-08-12T13:15:06.000Z,2026-08-12,0.5,3,1,421
SNPS,0001193125-26-241920,2026-05-27T20:15:28.000Z,2026-05-27,0.189189,22,15,1915
SNPS,0001193125-26-241911,2026-05-27T20:13:10.000Z,2026-05-27,-0.38843,37,84,5212
SNPS,0001193125-26-164085,2026-04-20T20:30:22.000Z,2026-04-20,-0.846154,1,12,900
SNPS,0001193125-26-084396,2026-03-02T14:15:50.000Z,2026-03-02,0.4,7,3,854
SNPS,0001193125-26-071601,2026-02-25T21:15:34.000Z,2026-02-25,-0.326316,32,63,4916
SO,0000092122-26-000063,2026-08-06T15:15:47.000Z,2026-08-06,-0.538462,3,10,2475
SO,0000092122-26-000060,2026-08-04T01:35:26.000Z,2026-08-04,-0.555556,4,14,2394
SO,0000092122-26-000058,2026-08-03T10:51:01.000Z,2026-08-03,-0.5,4,12,2008
SO,0000092122-26-000056,2026-07-30T12:12:10.000Z,2026-07-30,-0.526882,22,71,5117
SO,0000092122-26-000046,2026-06-08T12:44:45.000Z,2026-06-08,-0.090909,5,6,3167
SO,0000092122-26-000040,2026-05-15T20:06:37.000Z,2026-05-15,-0.8,2,18,901
SO,0000092122-26-000036,2026-04-30T12:08:51.000Z,2026-04-30,-0.54023,20,67,4266
SO,0000092122-26-000018,2026-03-19T17:37:48.000Z,2026-03-19,0.0,1,1,704
SO,0000092122-26-000010,2026-02-25T14:20:28.000Z,2026-02-25,-0.166667,20,28,2656
SOLV,0001964738-26-000045,2026-08-05T20:17:48.000Z,2026-08-05,-0.365385,33,71,5293
SOLV,0001964738-26-000043,2026-08-05T20:11:59.000Z,2026-08-05,0.1875,38,26,2236
SOLV,0001964738-26-000038,2026-07-20T20:15:25.000Z,2026-07-20,0.5,3,1,779
SOLV,0001964738-26-000036,2026-06-05T20:25:31.000Z,2026-06-05,-0.850746,5,62,1320
SOLV,0001964738-26-000031,2026-05-27T20:23:24.000Z,2026-05-27,-0.111111,8,10,844
SOLV,0001964738-26-000027,2026-05-20T20:14:28.000Z,2026-05-20,-0.6,1,4,537
SOLV,0001964738-26-000022,2026-05-05T20:08:36.000Z,2026-05-05,-0.260274,27,46,4208
SOLV,0001964738-26-000013,2026-03-24T20:35:11.000Z,2026-03-24,-0.333333,1,2,426
SOLV,0001964738-26-000005,2026-02-26T21:08:05.000Z,2026-02-26,-0.448819,35,92,5217
SPG,0001104659-26-093361,2026-08-10T20:07:56.000Z,2026-08-10,-0.282051,70,125,11487
SPG,0001104659-26-062012,2026-05-15T14:14:08.000Z,2026-05-15,-0.666667,1,5,591
SPG,0001104659-26-058646,2026-05-11T20:07:37.000Z,2026-05-11,-0.289617,65,118,11063
SPG,0001104659-26-033931,2026-03-24T21:07:02.000Z,2026-03-24,0.454545,40,15,2743
SPG,0001104659-26-024152,2026-03-05T21:31:55.000Z,2026-03-05,-0.560123,214,759,58325
SPGI,0000064040-26-000040,2026-07-28T11:10:15.000Z,2026-07-28,-0.083969,60,71,8393
SPGI,0001104659-26-080751,2026-07-06T20:10:29.000Z,2026-07-06,-0.086957,42,50,2731
SPGI,0001104659-26-080005,2026-07-02T01:25:43.000Z,2026-07-02,-0.517857,27,85,4247
SPGI,0000064040-26-000031,2026-05-26T12:45:08.000Z,2026-05-26,-0.243243,28,46,1951
SPGI,0000064040-26-000028,2026-05-21T20:25:43.000Z,2026-05-21,-0.5,2,6,506
SPGI,0001104659-26-064848,2026-05-21T11:00:33.000Z,2026-05-21,-0.361111,23,49,2728
SPGI,0001104659-26-063972,2026-05-19T21:39:32.000Z,2026-05-20,-0.5,17,51,2563
SPGI,0001104659-26-063054,2026-05-18T12:53:09.000Z,2026-05-18,-0.484848,17,49,2514
SPGI,0001104659-26-058908,2026-05-12T10:02:32.000Z,2026-05-12,0.187817,117,80,8822
SPGI,0001104659-26-057215,2026-05-07T20:37:30.000Z,2026-05-07,-0.46875,17,47,2215
SPGI,0000064040-26-000019,2026-04-28T11:10:07.000Z,2026-04-28,-0.079646,52,61,5331
SRE,0001193125-26-361126,2026-08-21T20:17:01.000Z,2026-08-21,-0.6,1,4,723
SRE,0001193125-26-355501,2026-08-18T20:17:50.000Z,2026-08-18,-0.2,2,3,697
SRE,0001032208-26-000043,2026-08-06T14:50:58.000Z,2026-08-06,0.045161,81,74,6048
SRE,0001032208-26-000040,2026-07-09T20:16:04.000Z,2026-07-09,-0.428571,16,40,1606
SRE,0001032208-26-000037,2026-06-16T12:00:29.000Z,2026-06-16,-0.525424,14,45,1887
SRE,0001193125-26-263777,2026-06-09T20:17:37.000Z,2026-06-09,-0.2,2,3,816
SRE,0001193125-26-226918,2026-05-15T20:29:56.000Z,2026-05-15,-0.6,1,4,725
SRE,0001032208-26-000032,2026-05-14T20:24:53.000Z,2026-05-14,-0.666667,1,5,586
SRE,0001193125-26-219514,2026-05-12T20:18:56.000Z,2026-05-12,-0.2,2,3,697
SRE,0001032208-26-000027,2026-05-07T14:56:43.000Z,2026-05-07,-0.147826,49,66,5017
SRE,0001032208-26-000020,2026-04-17T20:18:28.000Z,2026-04-17,-0.407407,16,38,1820
SRE,0001032208-26-000016,2026-03-26T20:18:30.000Z,2026-03-26,-0.48,13,37,1682
SRE,0001193125-26-117625,2026-03-20T20:05:26.000Z,2026-03-20,-0.666667,1,5,919
SRE,0001193125-26-110848,2026-03-17T20:17:07.000Z,2026-03-17,-0.2,2,3,723
SRE,0001193125-26-106115,2026-03-13T20:05:33.000Z,2026-03-13,-0.2,2,3,831
SRE,0001032208-26-000008,2026-02-26T15:57:36.000Z,2026-02-26,-0.08982,76,91,5735
STE,0001193125-26-338137,2026-08-06T20:25:24.000Z,2026-08-06,-0.636364,2,9,812
STE,0001628280-26-053412,2026-08-05T20:33:00.000Z,2026-08-05,-0.333333,45,90,5026
STE,0001628280-26-033580,2026-05-11T20:34:04.000Z,2026-05-11,-0.509091,27,83,4518
STE,0001193125-26-212159,2026-05-07T20:35:55.000Z,2026-05-07,-0.358491,17,36,1726
STE,0001193125-26-143973,2026-04-06T21:02:50.000Z,2026-04-06,0.333333,2,1,575
STLD,0001104659-26-096861,2026-08-14T17:39:45.000Z,2026-08-14,0.666667,5,1,645
STLD,0001104659-26-090129,2026-08-04T13:57:03.000Z,2026-08-04,0.945946,36,1,2299
STLD,0001104659-26-085277,2026-07-21T13:42:18.000Z,2026-07-21,0.226667,46,29,3661
STLD,0001104659-26-075470,2026-06-18T13:22:33.000Z,2026-06-18,0.058824,18,16,1694
STLD,0001104659-26-057616,2026-05-08T13:42:34.000Z,2026-05-08,-0.166667,5,7,915
STLD,0001104659-26-045938,2026-04-21T19:06:39.000Z,2026-04-21,0.285714,45,25,3290
STLD,0001104659-26-035891,2026-03-27T15:23:11.000Z,2026-03-27,0.875,30,2,1291
STLD,0001104659-26-030153,2026-03-18T14:03:56.000Z,2026-03-18,-0.142857,12,16,1678
STT,0001193125-26-346938,2026-08-12T20:25:31.000Z,2026-08-12,-0.333333,1,2,997
STT,0001193125-26-340238,2026-08-07T20:06:06.000Z,2026-08-07,-0.5,1,3,875
STT,0001193125-26-314120,2026-07-23T20:14:56.000Z,2026-07-23,0.0,1,1,704
STT,0000093751-26-000387,2026-07-16T11:30:28.000Z,2026-07-16,-0.274238,131,230,22963
STT,0000093751-26-000365,2026-05-26T20:16:59.000Z,2026-05-26,-0.75,1,7,726
STT,0001193125-26-177253,2026-04-24T20:10:47.000Z,2026-04-24,0.0,1,1,921
STT,0000093751-26-000184,2026-04-17T11:30:36.000Z,2026-04-17,-0.432343,86,217,20511
STT,0000093751-26-000173,2026-03-31T20:10:10.000Z,2026-03-31,0.2,3,2,617
STT,0000093751-26-000166,2026-03-23T11:32:28.000Z,2026-03-23,-0.333333,2,4,610
STX,0001137789-26-000153,2026-07-28T20:07:21.000Z,2026-07-28,-0.295775,50,92,4715
STX,0001193125-26-268170,2026-06-12T00:01:27.000Z,2026-06-12,-0.727273,3,19,2153
STX,0001193125-26-243110,2026-05-28T12:54:01.000Z,2026-05-28,-0.6,3,12,1348
STX,0001193125-26-233588,2026-05-21T12:38:37.000Z,2026-05-21,-0.5,5,15,1814
STX,0001137789-26-000093,2026-05-06T12:48:22.000Z,2026-05-06,0.789474,17,2,1134
STX,0001137789-26-000084,2026-04-28T20:12:17.000Z,2026-04-28,-0.333333,43,86,4490
STZ,0000016918-26-000032,2026-07-24T20:15:22.000Z,2026-07-24,-0.764706,2,15,1130
STZ,0000016918-26-000028,2026-06-30T20:08:55.000Z,2026-06-30,-0.336585,68,137,6062
STZ,0000016918-26-000016,2026-05-21T11:34:15.000Z,2026-05-21,0.69697,28,5,1979
STZ,0001193125-26-209180,2026-05-06T20:38:22.000Z,2026-05-06,-0.625,3,13,1472
STZ,0001193125-26-206713,2026-05-05T21:02:39.000Z,2026-05-05,-0.333333,1,2,685
STZ,0000016918-26-000013,2026-05-04T21:16:55.000Z,2026-05-04,-0.111111,4,5,1051
STZ,0000016918-26-000008,2026-04-08T20:10:51.000Z,2026-04-08,-0.399267,82,191,6996
SW,0001104659-26-087794,2026-07-29T10:39:56.000Z,2026-07-29,-0.240741,82,134,7592
SW,0001104659-26-053535,2026-05-01T12:44:37.000Z,2026-05-01,-0.5,1,3,640
SW,0001104659-26-052046,2026-04-30T10:38:13.000Z,2026-04-30,-0.354167,31,65,4385
SW,0001104659-26-020975,2026-02-27T12:00:44.000Z,2026-02-27,0.25,5,3,560
SWK,0000093556-26-000028,2026-07-29T10:22:24.000Z,2026-07-29,-0.007299,68,69,5653
SWK,0001193125-26-281077,2026-06-24T20:15:28.000Z,2026-06-24,-0.463415,11,30,2037
SWK,0000093556-26-000013,2026-04-29T10:07:36.000Z,2026-04-29,-0.069767,60,69,5006
SWK,0001193125-26-182041,2026-04-27T20:05:30.000Z,2026-04-27,-0.888889,1,17,818
SWK,0001193125-26-162675,2026-04-20T11:04:44.000Z,2026-04-20,-0.404255,14,33,2237
SWK,0001193125-26-142966,2026-04-06T12:59:24.000Z,2026-04-06,0.04,13,12,1404
SWKS,0001104659-26-093355,2026-08-10T20:06:10.000Z,2026-08-10,-0.714286,3,18,2060
SWKS,0001104659-26-089397,2026-08-03T10:12:04.000Z,2026-08-03,-0.631579,7,31,1977
SWKS,0001104659-26-089381,2026-08-03T10:05:57.000Z,2026-08-03,-0.266376,84,145,13844
SWKS,0000004127-26-000047,2026-07-28T20:04:34.000Z,2026-07-28,-0.444444,40,104,5699
SWKS,0000004127-26-000045,2026-07-28T20:03:36.000Z,2026-07-28,-0.35,26,54,3496
SWKS,0001104659-26-073096,2026-06-12T01:45:30.000Z,2026-06-12,-0.495495,28,83,4966
SWKS,0001104659-26-064624,2026-05-20T21:29:32.000Z,2026-05-20,-0.459459,30,81,5502
SWKS,0001104659-26-064574,2026-05-20T20:50:47.000Z,2026-05-20,-0.405941,150,355,25124
SWKS,0000004127-26-000031,2026-05-19T20:06:13.000Z,2026-05-19,-0.857143,1,13,989
SWKS,0000004127-26-000014,2026-05-05T20:05:33.000Z,2026-05-05,-0.316667,41,79,4346
SYF,0001601712-26-000035,2026-08-14T21:37:57.000Z,2026-08-17,-0.666667,2,10,1015
SYF,0001193125-26-328719,2026-07-31T20:32:02.000Z,2026-07-31,-0.5,1,3,887
SYF,0001601712-26-000031,2026-07-21T10:01:42.000Z,2026-07-21,-0.666667,2,10,1015
SYF,0001601712-26-000030,2026-07-21T10:00:35.000Z,2026-07-21,-0.295597,56,103,7832
SYF,0001601712-26-000027,2026-06-29T20:07:24.000Z,2026-06-29,0.794872,35,4,1636
SYF,0001601712-26-000025,2026-06-25T20:08:00.000Z,2026-06-25,-0.6,1,4,602
SYF,0001601712-26-000023,2026-06-08T21:45:15.000Z,2026-06-09,-0.666667,2,10,1015
SYF,0001193125-26-259868,2026-06-05T21:00:30.000Z,2026-06-05,-0.5,2,6,1131
SYF,0001601712-26-000021,2026-05-14T21:38:25.000Z,2026-05-15,-0.666667,2,10,1015
SYF,0001601712-26-000014,2026-04-21T10:02:25.000Z,2026-04-21,-0.666667,2,10,1015
SYF,0001601712-26-000013,2026-04-21T10:00:40.000Z,2026-04-21,-0.333333,51,102,7671
SYF,0001601712-26-000010,2026-03-09T21:37:27.000Z,2026-03-10,-0.666667,2,10,1015
SYF,0001193125-26-071785,2026-02-25T21:31:05.000Z,2026-02-25,-0.5,1,3,848
SYK,0000310764-26-000048,2026-07-30T20:09:48.000Z,2026-07-30,-0.333333,35,70,4109
SYK,0000310764-26-000041,2026-06-26T19:45:42.000Z,2026-06-26,-0.218543,177,276,24466
SYK,0001193125-26-232643,2026-05-20T20:21:47.000Z,2026-05-20,0.333333,4,2,1085
SYK,0000310764-26-000029,2026-05-08T17:02:58.000Z,2026-05-08,-0.6,1,4,546
SYK,0000310764-26-000025,2026-04-30T20:07:43.000Z,2026-04-30,-0.333333,26,52,3649
SYK,0001193125-26-118634,2026-03-23T12:30:10.000Z,2026-03-23,-0.8,9,81,2173
SYK,0001193125-26-104431,2026-03-12T21:09:00.000Z,2026-03-12,-0.842105,3,35,1094
SYK,0001193125-26-102460,2026-03-11T21:24:57.000Z,2026-03-11,-0.809524,4,38,1079
SYY,0000096021-26-000030,2026-08-20T12:04:55.000Z,2026-08-20,0.505882,64,21,2390
SYY,0000950142-26-002314,2026-08-12T14:30:40.000Z,2026-08-12,-0.030928,94,100,8497
SYY,0000096021-26-000026,2026-08-04T12:04:45.000Z,2026-08-04,-0.445783,46,120,8388
SYY,0001104659-26-079979,2026-07-02T00:01:00.000Z,2026-07-02,0.0,2,2,766
SYY,0000950142-26-001434,2026-05-18T17:00:25.000Z,2026-05-18,0.090909,72,60,6559
SYY,0000096021-26-000019,2026-04-28T12:05:12.000Z,2026-04-28,-0.439252,30,77,7286
SYY,0001193125-26-164087,2026-04-20T20:30:35.000Z,2026-04-20,-0.666667,5,25,1985
SYY,0001193125-26-140436,2026-04-02T21:00:21.000Z,2026-04-02,-0.142857,3,4,420
SYY,0000950142-26-000922,2026-03-30T21:38:57.000Z,2026-03-30,-0.473684,20,56,3407
SYY,0000950142-26-000899,2026-03-30T10:38:55.000Z,2026-03-30,0.155039,149,109,10356
SYY,0001193125-26-092606,2026-03-05T13:01:42.000Z,2026-03-05,0.358491,36,17,1959
T,0001193125-26-354091,2026-08-17T20:16:36.000Z,2026-08-17,-0.333333,1,2,1365
T,0001193125-26-332110,2026-08-04T16:07:06.000Z,2026-08-04,-0.333333,1,2,1229
T,0001193125-26-321053,2026-07-28T20:23:38.000Z,2026-07-28,0.052632,10,9,1656
T,0000732717-26-000294,2026-07-22T10:33:17.000Z,2026-07-22,-0.193717,77,114,8409
T,0001193125-26-272580,2026-06-16T20:05:51.000Z,2026-06-16,0.6,4,1,1071
T,0001193125-26-232817,2026-05-20T21:05:35.000Z,2026-05-20,-0.68,4,21,1691
T,0001193125-26-197776,2026-04-30T21:04:57.000Z,2026-04-30,-0.333333,1,2,1251
T,0000732717-26-000203,2026-04-22T10:43:29.000Z,2026-04-22,-0.233533,64,103,8130
T,0000732717-26-000201,2026-04-22T10:27:07.000Z,2026-04-22,-0.454545,18,48,3866
T,0001193125-26-104098,2026-03-12T20:05:23.000Z,2026-03-12,-0.333333,1,2,1214
TAP,0000024545-26-000070,2026-08-06T10:34:03.000Z,2026-08-06,-0.372093,81,177,9203
TAP,0001104659-26-077086,2026-06-24T13:02:06.000Z,2026-06-24,0.0,1,1,488
TAP,0001104659-26-066954,2026-05-27T20:15:24.000Z,2026-05-27,-0.714286,1,6,1875
TAP,0001104659-26-065786,2026-05-22T20:47:50.000Z,2026-05-22,-0.698113,112,630,32156
TAP,0001104659-26-058010,2026-05-08T21:01:56.000Z,2026-05-08,-0.5,1,3,661
TAP,0000024545-26-000035,2026-04-30T10:32:49.000Z,2026-04-30,-0.351598,71,148,8051
TDG,0001260221-26-000052,2026-08-04T11:17:39.000Z,2026-08-04,0.130435,26,20,4769
TDG,0001260221-26-000048,2026-07-27T11:16:56.000Z,2026-07-27,-0.333333,8,16,1427
TDG,0001260221-26-000046,2026-07-24T11:15:13.000Z,2026-07-24,0.333333,2,1,585
TDG,0001260221-26-000044,2026-07-13T10:45:13.000Z,2026-07-13,-0.181818,9,13,859
TDG,0001260221-26-000039,2026-05-05T11:17:21.000Z,2026-05-05,0.192308,31,21,4934
TDG,0001193125-26-161564,2026-04-17T20:15:13.000Z,2026-04-17,-0.857143,1,13,1628
TDG,0001260221-26-000036,2026-04-15T11:14:29.000Z,2026-04-15,-0.583333,5,19,1347
TDG,0001260221-26-000033,2026-04-14T12:22:54.000Z,2026-04-14,-0.625,6,26,2349
TDG,0001260221-26-000031,2026-04-07T13:19:47.000Z,2026-04-07,-0.052632,9,10,1300
TDG,0001260221-26-000028,2026-03-05T21:12:07.000Z,2026-03-05,-0.5,1,3,574
TDY,0001094285-26-000047,2026-08-10T12:53:21.000Z,2026-08-10,0.0,16,16,2401
TDY,0001094285-26-000039,2026-07-22T11:21:21.000Z,2026-07-22,-0.595745,19,75,5098
TDY,0001193125-26-171087,2026-04-22T22:44:02.000Z,2026-04-23,-0.590909,9,35,2390
TDY,0001094285-26-000024,2026-04-22T11:04:53.000Z,2026-04-22,-0.590909,18,70,5078
TDY,0001094285-26-000019,2026-02-26T21:16:14.000Z,2026-02-26,-0.5,1,3,580
TECH,0001104659-26-094391,2026-08-12T10:30:30.000Z,2026-08-12,-0.281553,37,66,4536
TECH,0001999371-26-013527,2026-06-25T22:49:24.000Z,2026-06-26,-0.325581,58,114,5267
TECH,0001999371-26-013429,2026-06-25T12:21:30.000Z,2026-06-25,0.235294,84,52,4989
TECH,0001104659-26-055887,2026-05-06T10:30:36.000Z,2026-05-06,-0.257732,36,61,4461
TEL,0001104659-26-085589,2026-07-22T10:40:03.000Z,2026-07-22,-0.255814,64,108,8122
TEL,0001104659-26-046285,2026-04-22T10:09:48.000Z,2026-04-22,-0.268293,60,104,7894
TEL,0001104659-26-026421,2026-03-11T20:35:58.000Z,2026-03-11,-0.9,1,19,1406
TER,0001193125-26-342367,2026-08-10T20:08:31.000Z,2026-08-10,-0.071429,13,15,1220
TER,0001193125-26-321933,2026-07-29T10:00:36.000Z,2026-07-29,-0.275362,25,44,2975
TER,0001193125-26-215848,2026-05-11T12:55:28.000Z,2026-05-11,-0.6,1,4,498
TER,0001193125-26-188706,2026-04-29T10:00:49.000Z,2026-04-29,-0.238095,24,39,2670
TFC,0001193125-26-323732,2026-07-29T20:10:37.000Z,2026-07-29,0.0,4,4,641
TFC,0001193125-26-313404,2026-07-23T12:43:10.000Z,2026-07-23,0.0,1,1,629
TFC,0000092230-26-000096,2026-07-17T10:30:36.000Z,2026-07-17,-0.198718,125,187,12371
TFC,0001193125-26-270320,2026-06-15T12:07:59.000Z,2026-06-15,0.391304,32,14,2363
TFC,0000092230-26-000066,2026-06-08T20:17:46.000Z,2026-06-08,0.866667,14,1,1253
TFC,0001193125-26-226701,2026-05-15T20:09:47.000Z,2026-05-15,-0.6,1,4,1028
TFC,0001193125-26-201455,2026-05-01T20:13:52.000Z,2026-05-01,-0.833333,1,11,1036
TFC,0001193125-26-171954,2026-04-23T12:28:57.000Z,2026-04-23,0.0,1,1,658
TFC,0000092230-26-000039,2026-04-17T10:30:46.000Z,2026-04-17,-0.173502,131,186,12306
TGT,0000027419-26-000034,2026-08-19T11:51:13.000Z,2026-08-19,0.377778,31,14,3650
TGT,0000027419-26-000032,2026-08-14T20:42:28.000Z,2026-08-14,-0.555556,2,7,877
TGT,0000027419-26-000028,2026-07-22T20:16:20.000Z,2026-07-22,0.809524,19,2,944
TGT,0000027419-26-000026,2026-06-12T20:20:45.000Z,2026-06-12,-0.866667,1,14,782
TGT,0000027419-26-000020,2026-05-20T11:57:30.000Z,2026-05-20,0.297297,24,13,3272
TGT,0000027419-26-000012,2026-03-03T12:12:05.000Z,2026-03-03,0.095238,23,19,3709
TJX,0000109198-26-000045,2026-08-19T13:09:11.000Z,2026-08-19,0.424242,47,19,4753
TJX,0000109198-26-000041,2026-06-11T14:51:01.000Z,2026-06-11,-0.666667,1,5,510
TJX,0000109198-26-000023,2026-05-20T13:12:27.000Z,2026-05-20,0.28,32,18,3659
TJX,0000109198-26-000004,2026-02-25T14:11:41.000Z,2026-02-25,0.105263,63,51,5052
TKO,0001193125-26-330561,2026-08-03T20:08:11.000Z,2026-08-03,-0.287671,26,47,7092
TKO,0001193125-26-269552,2026-06-12T20:30:07.000Z,2026-06-12,-0.333333,1,2,575
TKO,0001193125-26-219498,2026-05-12T20:16:51.000Z,2026-05-12,-0.2,2,3,788
TKO,0001193125-26-208955,2026-05-06T20:08:21.000Z,2026-05-06,-0.206349,25,38,6772
TKO,0001193125-26-099425,2026-03-10T12:20:20.000Z,2026-03-10,0.0,11,11,2549
TKO,0001193125-26-071552,2026-02-25T21:09:47.000Z,2026-02-25,-0.428571,28,70,8157
TMO,0000097745-26-000138,2026-07-23T10:04:03.000Z,2026-07-23,-0.192308,42,62,4196
TMO,0000097745-26-000117,2026-05-26T11:31:03.000Z,2026-05-26,-0.6,1,4,609
TMO,0000097745-26-000086,2026-04-23T10:03:39.000Z,2026-04-23,0.046512,45,41,3534
TMO,0000097745-26-000066,2026-03-24T12:02:35.000Z,2026-03-24,0.28,32,18,1801
TMUS,0001283699-26-000100,2026-07-23T10:29:40.000Z,2026-07-23,-0.136691,120,158,10380
TMUS,0001193125-26-297534,2026-07-07T20:29:49.000Z,2026-07-07,0.081633,53,45,2605
TMUS,0001193125-26-275787,2026-06-18T20:00:46.000Z,2026-06-18,-0.5,1,3,778
TMUS,0001283699-26-000062,2026-04-28T20:03:26.000Z,2026-04-28,-0.210728,103,158,10047
TMUS,0001193125-26-173749,2026-04-23T20:16:34.000Z,2026-04-23,-0.75,1,7,1265
TMUS,0001193125-26-134731,2026-03-31T20:35:02.000Z,2026-03-31,0.0,1,1,625
TMUS,0001193125-26-129021,2026-03-27T20:10:16.000Z,2026-03-27,-0.333333,2,4,581
TPL,0001811074-26-000056,2026-08-05T20:16:48.000Z,2026-08-05,0.186667,89,61,10459
TPL,0001811074-26-000045,2026-06-23T20:16:17.000Z,2026-06-23,0.538462,10,3,1164
TPL,0001811074-26-000040,2026-05-18T12:01:31.000Z,2026-05-18,0.325,53,27,5277
TPL,0001811074-26-000033,2026-05-06T20:18:21.000Z,2026-05-06,0.170732,96,68,11730
TPL,0001104659-26-041495,2026-04-09T20:05:16.000Z,2026-04-09,0.333333,6,3,948
TPR,0001140361-26-032624,2026-08-13T10:46:05.000Z,2026-08-13,-0.092199,64,77,5879
TPR,0001140361-26-019428,2026-05-07T10:45:48.000Z,2026-05-07,-0.066667,56,64,5468
TPR,0001140361-26-013349,2026-04-06T20:15:27.000Z,2026-04-06,0.333333,24,12,1732
TRGP,0001193125-26-364099,2026-08-25T11:00:06.000Z,2026-08-25,0.6,8,2,993
TRGP,0001193125-26-336525,2026-08-06T10:15:16.000Z,2026-08-06,-0.066667,42,48,5783
TRGP,0001193125-26-306591,2026-07-17T10:00:11.000Z,2026-07-17,-0.5,2,6,944
TRGP,0001193125-26-296255,2026-07-06T20:30:14.000Z,2026-07-06,-0.6,1,4,695
TRGP,0001193125-26-237018,2026-05-22T20:30:07.000Z,2026-05-22,-0.6,1,4,588
TRGP,0001193125-26-210165,2026-05-07T10:15:18.000Z,2026-05-07,-0.076923,36,42,5230
TRGP,0001193125-26-085512,2026-03-02T21:30:25.000Z,2026-03-02,0.0,2,2,904
TRGP,0001193125-26-076556,2026-02-26T21:06:12.000Z,2026-02-26,-0.5,5,15,1680
TRMB,0000864749-26-000106,2026-08-12T11:01:35.000Z,2026-08-12,-0.746032,16,110,4057
TRMB,0000864749-26-000073,2026-05-27T11:43:43.000Z,2026-05-27,-0.636364,4,18,991
TRMB,0000864749-26-000071,2026-05-26T21:28:23.000Z,2026-05-26,-0.272727,4,7,548
TRMB,0000864749-26-000061,2026-05-06T11:05:56.000Z,2026-05-06,-0.655172,15,72,3609
TRMB,0000864749-26-000024,2026-03-24T21:03:15.000Z,2026-03-24,0.142857,4,3,457
TROW,0001628280-26-051211,2026-07-31T11:03:53.000Z,2026-07-31,-0.219512,64,100,5057
TROW,0001628280-26-035912,2026-05-18T20:00:09.000Z,2026-05-18,0.857143,39,3,1235
TROW,0001628280-26-033420,2026-05-11T20:01:03.000Z,2026-05-11,-0.6,1,4,484
TROW,0001628280-26-028572,2026-04-30T11:02:49.000Z,2026-04-30,-0.160305,55,76,4517
TROW,0001628280-26-026397,2026-04-22T12:00:35.000Z,2026-04-22,-0.525054,109,350,14609
TRV,0001104659-26-092716,2026-08-07T20:15:32.000Z,2026-08-07,0.333333,2,1,491
TRV,0001193125-26-316247,2026-07-24T21:07:46.000Z,2026-07-24,-0.333333,1,2,641
TRV,0000086312-26-000143,2026-07-17T10:58:28.000Z,2026-07-17,-0.263298,277,475,15299
TRV,0001104659-26-065727,2026-05-22T20:15:33.000Z,2026-05-22,-0.833333,1,11,717
TRV,0001104659-26-065156,2026-05-21T20:16:14.000Z,2026-05-21,-0.394355,397,914,60117
TRV,0000086312-26-000110,2026-04-16T10:58:25.000Z,2026-04-16,-0.311143,238,453,14249
TSCO,0000916365-26-000065,2026-08-25T20:52:24.000Z,2026-08-25,-0.764706,2,15,1416
TSCO,0000916365-26-000063,2026-08-07T20:23:31.000Z,2026-08-07,0.333333,4,2,593
TSCO,0000916365-26-000055,2026-08-06T13:01:43.000Z,2026-08-06,0.6,4,1,741
TSCO,0000916365-26-000052,2026-07-23T11:03:12.000Z,2026-07-23,-0.070423,33,38,3338
TSCO,0000916365-26-000046,2026-05-28T13:02:34.000Z,2026-05-28,0.487179,29,10,1807
TSCO,0000916365-26-000039,2026-05-21T20:52:31.000Z,2026-05-21,-0.7,3,17,993
TSCO,0000916365-26-000033,2026-05-15T20:36:10.000Z,2026-05-15,-0.6,1,4,635
TSCO,0000916365-26-000028,2026-05-14T13:02:05.000Z,2026-05-14,0.6,4,1,728
TSCO,0000916365-26-000020,2026-04-21T10:59:07.000Z,2026-04-21,0.365854,28,13,2532
TSLA,0001628280-26-049213,2026-07-22T20:35:52.000Z,2026-07-22,0.196262,64,43,6075
TSLA,0001628280-26-046717,2026-07-02T13:01:26.000Z,2026-07-02,-0.2,2,3,728
TSLA,0001628280-26-026551,2026-04-22T20:10:44.000Z,2026-04-22,0.120879,51,40,5889
TSLA,0001628280-26-022956,2026-04-02T13:07:13.000Z,2026-04-02,-0.2,2,3,728
TSN,0001140361-26-034204,2026-08-24T20:47:35.000Z,2026-08-24,-0.571429,6,22,3961
TSN,0001140361-26-034195,2026-08-24T20:21:29.000Z,2026-08-24,-0.818182,1,10,1284
TSN,0000100493-26-000063,2026-08-13T20:29:12.000Z,2026-08-13,0.111111,5,4,940
TSN,0001140361-26-032111,2026-08-11T01:55:02.000Z,2026-08-11,-0.294118,6,11,1476
TSN,0001140361-26-031947,2026-08-10T13:01:06.000Z,2026-08-10,-0.333333,6,12,3054
TSN,0000100493-26-000057,2026-08-03T11:37:26.000Z,2026-08-03,-0.51938,31,98,4912
TSN,0000100493-26-000050,2026-06-18T20:38:59.000Z,2026-06-18,-0.416667,7,17,1171
TSN,0000100493-26-000032,2026-06-09T11:31:38.000Z,2026-06-09,-0.475894,337,949,43668
TSN,0000100493-26-000030,2026-06-08T12:03:11.000Z,2026-06-08,0.130435,13,10,1571
TSN,0000100493-26-000026,2026-05-28T12:04:18.000Z,2026-05-28,0.563636,43,12,2112
TSN,0000100493-26-000019,2026-05-04T11:31:44.000Z,2026-05-04,-0.622642,20,86,4729
TSN,0000100493-26-000014,2026-04-02T20:22:21.000Z,2026-04-02,0.333333,2,1,695
TT,0001628280-26-050743,2026-07-30T10:00:44.000Z,2026-07-30,-0.186047,35,51,4203
TT,0001628280-26-049227,2026-07-22T21:06:55.000Z,2026-07-22,-0.2,2,3,543
TT,0001628280-26-042055,2026-06-10T10:16:32.000Z,2026-06-10,0.793103,26,3,1075
TT,0001628280-26-041032,2026-06-05T10:13:46.000Z,2026-06-05,-0.75,1,7,643
TT,0001628280-26-028547,2026-04-30T10:01:21.000Z,2026-04-30,-0.170732,34,48,4126
TT,0001628280-26-026988,2026-04-24T10:14:45.000Z,2026-04-24,-0.5,2,6,977
TTD,0001671933-26-000085,2026-08-06T20:09:47.000Z,2026-08-06,0.297297,24,13,2800
TTD,0001671933-26-000074,2026-07-13T12:38:31.000Z,2026-07-13,0.384615,9,4,1294
TTD,0001671933-26-000068,2026-06-09T20:11:31.000Z,2026-06-09,0.789474,17,2,1184
TTD,0001671933-26-000063,2026-06-01T20:35:28.000Z,2026-06-01,0.647059,14,3,1309
TTD,0001671933-26-000060,2026-05-29T00:08:47.000Z,2026-05-29,0.0,2,2,510
TTD,0001671933-26-000057,2026-05-08T20:02:30.000Z,2026-05-08,0.0,2,2,403
TTD,0001671933-26-000055,2026-05-07T22:16:52.000Z,2026-05-08,-0.666667,1,5,771
TTD,0001671933-26-000053,2026-05-07T20:05:12.000Z,2026-05-07,0.133333,17,13,2728
TTD,0001671933-26-000038,2026-04-20T20:02:01.000Z,2026-04-20,-0.625,3,13,919
TTD,0001671933-26-000030,2026-04-06T20:02:01.000Z,2026-04-06,-0.333333,2,4,440
TTD,0001671933-26-000025,2026-03-25T20:25:48.000Z,2026-03-25,0.151515,19,14,1526
TTD,0001671933-26-000019,2026-03-09T20:04:16.000Z,2026-03-09,-0.333333,2,4,439
TTD,0001671933-26-000009,2026-02-25T21:08:51.000Z,2026-02-25,-0.05,19,21,3164
TTWO,0001628280-26-054580,2026-08-07T11:37:31.000Z,2026-08-07,-0.192982,23,34,3766
TTWO,0001628280-26-037260,2026-05-21T20:08:54.000Z,2026-05-21,-0.313433,23,44,4501
TXN,0000097476-26-000148,2026-07-22T20:04:06.000Z,2026-07-22,-0.081081,17,20,2283
TXN,0000950103-26-008325,2026-06-02T20:16:52.000Z,2026-06-02,0.0,3,3,504
TXN,0000097476-26-000097,2026-04-22T20:03:59.000Z,2026-04-22,-0.081081,17,20,2270
TXN,0000097476-26-000094,2026-04-17T21:03:16.000Z,2026-04-17,-0.666667,1,5,477
TXN,0001193125-26-124057,2026-03-25T20:01:05.000Z,2026-03-25,0.333333,2,1,358
TXT,0000217346-26-000034,2026-07-28T10:34:22.000Z,2026-07-28,-0.25,24,40,4136
TXT,0001104659-26-054116,2026-05-01T20:05:28.000Z,2026-05-01,-0.666667,1,5,483
TXT,0000217346-26-000009,2026-04-30T10:32:06.000Z,2026-04-30,0.360656,83,39,6602
TYL,0000860731-26-000048,2026-07-29T20:35:01.000Z,2026-07-29,0.16129,36,26,3694
TYL,0000860731-26-000044,2026-06-12T18:48:51.000Z,2026-06-12,0.333333,2,1,594
TYL,0000860731-26-000042,2026-05-29T13:14:10.000Z,2026-05-29,-0.571429,3,11,1049
TYL,0000860731-26-000040,2026-05-14T21:13:12.000Z,2026-05-14,-0.434783,13,33,4056
TYL,0000860731-26-000038,2026-05-12T11:42:56.000Z,2026-05-12,-0.083333,11,13,2824
TYL,0000860731-26-000036,2026-05-11T11:02:32.000Z,2026-05-11,-0.090909,10,12,2546
TYL,0000860731-26-000034,2026-05-05T18:42:26.000Z,2026-05-05,-0.6,1,4,502
TYL,0000860731-26-000031,2026-04-29T20:31:53.000Z,2026-04-29,0.2,30,20,3024
TYL,0000860731-26-000026,2026-04-20T15:39:53.000Z,2026-04-20,0.894737,18,1,975
TYL,0000860731-26-000018,2026-03-13T14:26:46.000Z,2026-03-13,0.333333,2,1,596
UAL,0000100517-26-000135,2026-07-15T20:00:02.000Z,2026-07-15,-0.103704,121,149,9863
UAL,0001104659-26-065739,2026-05-22T20:20:47.000Z,2026-05-22,-0.777778,1,8,867
UAL,0001104659-26-048992,2026-04-27T11:07:44.000Z,2026-04-27,0.253731,42,25,2389
UAL,0000100517-26-000089,2026-04-21T20:00:07.000Z,2026-04-21,-0.249042,98,163,9207
UBER,0001552781-26-000414,2026-08-07T20:15:48.000Z,2026-08-07,-0.898734,4,75,2121
UBER,0001543151-26-000027,2026-08-05T10:56:58.000Z,2026-08-05,-0.403509,34,80,5044
UBER,0001552781-26-000382,2026-07-16T10:35:59.000Z,2026-07-16,-0.231293,113,181,9652
UBER,0001552781-26-000320,2026-05-11T12:30:30.000Z,2026-05-11,0.5,6,2,814
UBER,0001552781-26-000314,2026-05-08T20:15:20.000Z,2026-05-08,-0.6,1,4,697
UBER,0001543151-26-000019,2026-05-06T10:56:33.000Z,2026-05-06,-0.4,33,77,4937
UDR,0000074208-26-000070,2026-07-27T20:19:30.000Z,2026-07-27,0.023256,110,105,9946
UDR,0000074208-26-000063,2026-05-29T20:16:44.000Z,2026-05-29,0.0,1,1,456
UDR,0000074208-26-000060,2026-05-27T20:17:39.000Z,2026-05-27,-0.666667,1,5,716
UDR,0000074208-26-000052,2026-05-04T20:17:13.000Z,2026-05-04,0.217391,14,9,1137
UDR,0000074208-26-000045,2026-04-29T20:18:07.000Z,2026-04-29,0.080569,114,97,9735
UDR,0000074208-26-000031,2026-02-27T21:19:47.000Z,2026-02-27,0.0,1,1,456
UHS,0001193125-26-359953,2026-08-21T11:58:07.000Z,2026-08-21,-0.625,3,13,2548
UHS,0001193125-26-354078,2026-08-17T20:15:14.000Z,2026-08-17,-0.028571,17,18,2003
UHS,0001193125-26-348057,2026-08-13T13:23:03.000Z,2026-08-13,0.0,3,3,1035
UHS,0001193125-26-318940,2026-07-28T12:19:44.000Z,2026-07-28,-0.139535,37,49,6862
UHS,0001193125-26-310330,2026-07-21T20:15:15.000Z,2026-07-21,-0.733333,2,13,1076
UHS,0001193125-26-235480,2026-05-22T11:30:15.000Z,2026-05-22,-0.714286,1,6,654
UHS,0001193125-26-233402,2026-05-21T11:30:16.000Z,2026-05-21,0.272727,7,4,525
UHS,0001193125-26-183643,2026-04-28T12:15:52.000Z,2026-04-28,-0.225806,24,38,4765
UHS,0001193125-26-175197,2026-04-24T12:15:17.000Z,2026-04-24,-0.647059,3,14,1648
UHS,0001193125-26-131809,2026-03-30T21:30:41.000Z,2026-03-30,0.454545,8,3,1294
UHS,0001193125-26-097674,2026-03-09T12:46:26.000Z,2026-03-09,-0.045455,21,23,2273
UHS,0001193125-26-073545,2026-02-26T13:15:25.000Z,2026-02-26,-0.298246,40,74,6861
ULTA,0001104659-26-097497,2026-08-17T10:30:42.000Z,2026-08-17,0.6,16,4,1341
ULTA,0001104659-26-083524,2026-07-14T20:30:25.000Z,2026-07-14,0.428571,15,6,1234
ULTA,0001104659-26-071896,2026-06-09T21:01:03.000Z,2026-06-09,-0.565217,5,18,1653
ULTA,0001104659-26-069464,2026-06-02T20:06:38.000Z,2026-06-02,0.04,13,12,2192
ULTA,0001104659-26-027061,2026-03-12T20:07:33.000Z,2026-03-12,-0.157895,24,33,2702
UNH,0000731766-26-000191,2026-07-16T10:00:59.000Z,2026-07-16,0.12766,159,123,9799
UNH,0000731766-26-000138,2026-06-05T20:17:52.000Z,2026-06-05,-0.714286,1,6,620
UNH,0000731766-26-000129,2026-05-11T21:28:55.000Z,2026-05-11,-0.333333,1,2,485
UNH,0000731766-26-000121,2026-04-21T10:02:24.000Z,2026-04-21,-0.021645,113,118,8240
UNH,0000731766-26-000067,2026-03-09T20:33:13.000Z,2026-03-09,-0.333333,1,2,484
UNH,0000731766-26-000064,2026-03-02T14:21:03.000Z,2026-03-02,0.142857,4,3,626
UNH,0000731766-26-000046,2026-02-25T11:23:37.000Z,2026-02-25,-0.333333,1,2,457
UNP,0000100885-26-000249,2026-07-23T11:46:39.000Z,2026-07-23,-0.042254,34,37,3884
UNP,0000100885-26-000174,2026-05-18T20:15:23.000Z,2026-05-18,-0.6,1,4,605
UNP,0000100885-26-000154,2026-04-23T11:46:33.000Z,2026-04-23,-0.125,28,36,3308
UPS,0001104659-26-098351,2026-08-18T20:15:33.000Z,2026-08-18,-0.5,1,3,607
UPS,0001104659-26-094502,2026-08-12T11:45:32.000Z,2026-08-12,0.0,2,2,682
UPS,0001628280-26-049912,2026-07-28T10:03:54.000Z,2026-07-28,-0.17757,88,126,6528
UPS,0001628280-26-043196,2026-06-15T20:17:23.000Z,2026-06-15,-0.2,2,3,497
UPS,0001628280-26-034597,2026-05-13T20:11:24.000Z,2026-05-13,-0.428571,2,5,508
UPS,0001628280-26-033522,2026-05-11T20:22:24.000Z,2026-05-11,-0.636364,2,9,937
UPS,0001628280-26-027717,2026-04-28T10:09:08.000Z,2026-04-28,-0.25,39,65,5040
URI,0001067701-26-000028,2026-07-22T20:23:15.000Z,2026-07-22,-0.364929,67,144,6998
URI,0001104659-26-075708,2026-06-18T20:01:25.000Z,2026-06-18,-0.733333,4,26,1133
URI,0001193125-26-214719,2026-05-08T20:26:21.000Z,2026-05-08,-0.818182,1,10,701
URI,0001067701-26-000018,2026-04-22T20:24:56.000Z,2026-04-22,-0.450237,58,153,6835
USB,0000036104-26-000039,2026-07-16T10:59:35.000Z,2026-07-16,-0.174129,166,236,16443
USB,0000036104-26-000035,2026-06-24T21:30:14.000Z,2026-06-24,-0.368421,6,13,1547
USB,0001193125-26-173818,2026-04-23T20:30:18.000Z,2026-04-23,-0.714286,1,6,803
USB,0000036104-26-000021,2026-04-16T10:47:23.000Z,2026-04-16,-0.148741,186,251,17504
USB,0000036104-26-000017,2026-04-08T20:17:04.000Z,2026-04-08,-0.384615,4,9,1575
USB,0001193125-26-098675,2026-03-09T20:35:03.000Z,2026-03-09,0.0,1,1,891
V,0001403161-26-000103,2026-07-28T20:05:26.000Z,2026-07-28,-0.18,41,59,4191
V,0001403161-26-000096,2026-07-15T20:23:24.000Z,2026-07-15,-0.2,4,6,583
V,0001403161-26-000086,2026-06-26T20:07:23.000Z,2026-06-26,-0.333333,2,4,673
V,0001193125-26-219432,2026-05-12T20:11:02.000Z,2026-05-12,-0.789474,2,17,911
V,0001193125-26-215875,2026-05-11T13:10:25.000Z,2026-05-11,-0.142857,3,4,1276
V,0001403161-26-000077,2026-04-28T20:05:56.000Z,2026-04-28,-0.196078,41,61,4296
V,0001403161-26-000063,2026-02-27T21:06:59.000Z,2026-02-27,-0.333333,2,4,644
VEEV,0001393052-26-000032,2026-08-26T20:06:32.000Z,2026-08-26,-0.037037,26,28,3845
VEEV,0001213900-26-092096,2026-08-20T20:05:25.000Z,2026-08-20,0.142857,4,3,480
VEEV,0001393052-26-000029,2026-06-18T20:06:35.000Z,2026-06-18,-0.5,1,3,607
VEEV,0001393052-26-000022,2026-06-03T20:04:04.000Z,2026-06-03,0.06383,25,22,3769
VEEV,0001393052-26-000018,2026-04-20T20:18:41.000Z,2026-04-20,0.333333,2,1,429
VEEV,0001393052-26-000007,2026-03-04T21:03:17.000Z,2026-03-04,0.087719,31,26,4249
VICI,0001104659-26-097167,2026-08-14T20:15:29.000Z,2026-08-14,-0.764706,2,15,1499
VICI,0001104659-26-092034,2026-08-06T20:18:14.000Z,2026-08-06,-0.578947,4,15,1175
VICI,0001705696-26-000088,2026-07-29T20:15:25.000Z,2026-07-29,-0.319838,84,163,14005
VICI,0001705696-26-000068,2026-04-29T20:15:25.000Z,2026-04-29,-0.336032,82,165,14448
VICI,0001705696-26-000053,2026-04-28T20:15:52.000Z,2026-04-28,-0.6,1,4,666
VICI,0001705696-26-000033,2026-02-25T21:15:24.000Z,2026-02-25,-0.314286,84,161,15865
VLO,0001628280-26-050822,2026-07-30T12:15:29.000Z,2026-07-30,-0.60396,20,81,6487
VLO,0001628280-26-048495,2026-07-16T20:49:01.000Z,2026-07-16,0.0,1,1,575
VLO,0001628280-26-032765,2026-05-08T18:55:49.000Z,2026-05-08,-0.62963,5,22,1356
VLO,0001628280-26-028602,2026-04-30T12:09:55.000Z,2026-04-30,-0.660377,18,88,5965
VLO,0001193125-26-098770,2026-03-09T20:55:45.000Z,2026-03-09,-0.333333,1,2,782
VLTO,0001967680-26-000043,2026-07-28T20:31:18.000Z,2026-07-28,-0.087719,26,31,3515
VLTO,0001967680-26-000034,2026-06-01T20:48:48.000Z,2026-06-01,-0.625,3,13,1349
VLTO,0001967680-26-000028,2026-05-14T20:31:45.000Z,2026-05-14,-0.6,1,4,521
VLTO,0001967680-26-000023,2026-04-28T20:31:33.000Z,2026-04-28,-0.030303,32,34,3544
VMC,0001140361-26-029958,2026-07-29T11:05:34.000Z,2026-07-29,-0.302326,30,56,3988
VMC,0001140361-26-029775,2026-07-27T21:27:11.000Z,2026-07-27,-0.333333,1,2,393
VMC,0001140361-26-020591,2026-05-11T20:31:11.000Z,2026-05-11,-0.333333,2,4,602
VMC,0001140361-26-017638,2026-04-29T11:05:35.000Z,2026-04-29,-0.432432,21,53,3872
VMC,0001140361-26-009178,2026-03-12T14:57:45.000Z,2026-03-12,0.681319,153,29,4203
VRSK,0001193125-26-355652,2026-08-18T20:58:35.000Z,2026-08-18,0.0,1,1,396
VRSK,0001437749-26-024748,2026-07-29T11:16:18.000Z,2026-07-29,0.037037,42,39,3929
VRSK,0001193125-26-321243,2026-07-28T21:10:37.000Z,2026-07-28,0.428571,5,2,532
VRSK,0001193125-26-234734,2026-05-21T20:52:19.000Z,2026-05-21,-0.666667,1,5,652
VRSK,0001437749-26-013728,2026-04-29T11:16:12.000Z,2026-04-29,0.070423,38,33,3698
VRSK,0001193125-26-074420,2026-02-26T15:49:24.000Z,2026-02-26,-0.6,1,4,1085
VRSN,0001014473-26-000026,2026-07-23T20:08:53.000Z,2026-07-23,-0.5,10,30,2210
VRSN,0001140361-26-026574,2026-06-26T20:23:48.000Z,2026-06-26,-0.777778,1,8,930
VRSN,0001140361-26-026514,2026-06-26T13:14:35.000Z,2026-06-26,0.0,1,1,788
VRSN,0001014473-26-000023,2026-05-21T20:10:58.000Z,2026-05-21,-0.866667,1,14,863
VRSN,0001014473-26-000019,2026-04-23T20:07:46.000Z,2026-04-23,-0.621622,7,30,1995
VRT,0001628280-26-050323,2026-07-29T06:01:57.000Z,2026-07-29,-0.519481,37,117,4973
VRT,0001628280-26-044317,2026-06-18T16:17:55.000Z,2026-06-18,-0.5,1,3,589
VRT,0001628280-26-042641,2026-06-12T06:33:08.000Z,2026-06-12,-0.043478,11,12,1214
VRT,0001628280-26-040031,2026-06-03T06:36:25.000Z,2026-06-03,0.0,3,3,632
VRT,0001628280-26-027297,2026-04-27T06:34:29.000Z,2026-04-27,0.04,13,12,1206
VRT,0001628280-26-026379,2026-04-22T06:00:51.000Z,2026-04-22,-0.507246,34,104,4543
VRT,0001628280-26-024824,2026-04-13T06:36:36.000Z,2026-04-13,0.217391,14,9,1140
VRT,0001193125-26-120863,2026-03-24T09:09:52.000Z,2026-03-24,0.05,21,19,1469
VRT,0001628280-26-015494,2026-03-06T10:21:30.000Z,2026-03-06,0.0,3,3,632
VRT,0001193125-26-088484,2026-03-03T16:44:10.000Z,2026-03-03,-0.685185,17,91,4191
VRTX,0000875320-26-000256,2026-08-03T20:09:43.000Z,2026-08-03,0.236842,47,29,5264
VRTX,0001193125-26-296710,2026-07-07T01:55:41.000Z,2026-07-07,-0.160221,76,105,6072
VRTX,0000875320-26-000204,2026-05-13T20:03:13.000Z,2026-05-13,-0.714286,1,6,678
VRTX,0000875320-26-000171,2026-05-04T20:05:36.000Z,2026-05-04,0.142857,40,30,5220
VRTX,0000875320-26-000166,2026-04-29T20:05:05.000Z,2026-04-29,-0.5,1,3,623
VRTX,0000875320-26-000147,2026-03-31T20:03:47.000Z,2026-03-31,-0.75,1,7,737
VST,0001692819-26-000017,2026-08-07T11:00:25.000Z,2026-08-07,-0.308271,46,87,4159
VST,0001140361-26-028619,2026-07-16T13:02:23.000Z,2026-07-16,-0.5,1,3,799
VST,0001140361-26-028454,2026-07-14T21:29:37.000Z,2026-07-14,-0.2,8,12,1088
VST,0001140361-26-026944,2026-06-30T20:30:41.000Z,2026-06-30,0.0,3,3,939
VST,0001692819-26-000011,2026-05-07T11:01:21.000Z,2026-05-07,-0.288889,32,58,3646
VST,0001140361-26-018872,2026-05-04T20:15:58.000Z,2026-05-04,-0.866667,1,14,621
VST,0001140361-26-017445,2026-04-28T20:15:32.000Z,2026-04-28,-0.733333,2,13,1849
VST,0001193125-26-073364,2026-02-26T12:00:20.000Z,2026-02-26,-0.328571,47,93,4721
VTR,0000740260-26-000022,2026-07-29T20:39:17.000Z,2026-07-29,-0.154286,74,101,6727
VTR,0001104659-26-074016,2026-06-15T20:02:00.000Z,2026-06-15,0.428571,5,2,496
VTR,0001104659-26-062795,2026-05-15T21:15:38.000Z,2026-05-15,-0.584416,16,61,3037
VTR,0000740260-26-000016,2026-04-27T20:33:06.000Z,2026-04-27,-0.15508,79,108,6693
VTRS,0001792044-26-000037,2026-08-06T11:56:03.000Z,2026-08-06,-0.365217,73,157,7175
VTRS,0001140361-26-027216,2026-07-01T20:20:55.000Z,2026-07-01,-0.869565,3,43,1317
VTRS,0001140361-26-025744,2026-06-18T20:10:51.000Z,2026-06-18,-0.75,2,14,1182
VTRS,0001140361-26-025228,2026-06-15T20:32:33.000Z,2026-06-15,-0.5,2,6,639
VTRS,0001140361-26-021672,2026-05-15T20:30:24.000Z,2026-05-15,-0.6,1,4,611
VTRS,0001792044-26-000025,2026-05-07T11:47:46.000Z,2026-05-07,-0.431694,52,131,5580
VTRS,0001140361-26-018887,2026-05-04T20:39:32.000Z,2026-05-04,0.157895,22,16,1735
VTRS,0001792044-26-000010,2026-02-26T12:52:59.000Z,2026-02-26,-0.501684,74,223,8600
VZ,0001193125-26-315236,2026-07-24T13:07:03.000Z,2026-07-24,0.333333,4,2,1117
VZ,0000732712-26-000040,2026-07-24T11:00:31.000Z,2026-07-24,-0.272727,36,63,6276
VZ,0001193125-26-286771,2026-06-29T10:24:49.000Z,2026-06-29,-0.8,1,9,1475
VZ,0001193125-26-273410,2026-06-17T12:07:15.000Z,2026-06-17,-0.111111,4,5,2721
VZ,0001193125-26-252577,2026-06-02T12:15:58.000Z,2026-06-02,-0.222222,7,11,3151
VZ,0001193125-26-245230,2026-05-28T20:10:34.000Z,2026-05-28,-0.636364,2,9,1179
VZ,0001193125-26-224113,2026-05-14T20:21:48.000Z,2026-05-14,0.2,3,2,1043
VZ,0001193125-26-215839,2026-05-11T12:52:08.000Z,2026-05-11,-0.263158,7,12,3789
VZ,0000732712-26-000019,2026-04-27T11:00:42.000Z,2026-04-27,-0.2,36,54,5857
VZ,0000732712-26-000010,2026-03-13T20:10:51.000Z,2026-03-13,-0.5,1,3,1474
WAB,0001628280-26-049105,2026-07-22T10:59:48.000Z,2026-07-22,-0.315789,52,100,8322
WAB,0001140361-26-021657,2026-05-15T20:07:22.000Z,2026-05-15,-0.6,1,4,476
WAB,0001628280-26-026384,2026-04-22T11:02:32.000Z,2026-04-22,-0.2,58,87,7880
WAB,0001140361-26-007441,2026-03-03T11:28:11.000Z,2026-03-03,0.380952,145,65,5770
WAT,0001193125-26-360081,2026-08-21T13:20:55.000Z,2026-08-21,0.25,5,3,500
WAT,0001193125-26-331413,2026-08-04T10:10:22.000Z,2026-08-04,-0.19403,27,40,4832
WAT,0001193125-26-236929,2026-05-22T20:15:20.000Z,2026-05-22,-0.666667,1,5,558
WAT,0001193125-26-204955,2026-05-05T10:10:49.000Z,2026-05-05,-0.111111,28,35,3890
WAT,0001193125-26-119753,2026-03-23T20:15:28.000Z,2026-03-23,-0.2,4,6,1367
WAT,0001193125-26-107339,2026-03-16T12:44:25.000Z,2026-03-16,-0.327635,118,233,26132
WBD,0001437107-26-000072,2026-08-06T11:04:14.000Z,2026-08-06,-0.036364,106,114,8964
WBD,0001193125-26-268519,2026-06-12T12:01:36.000Z,2026-06-12,-0.6,1,4,588
WBD,0001193125-26-256559,2026-06-04T12:38:59.000Z,2026-06-04,-0.818182,1,10,1144
WBD,0001193125-26-240646,2026-05-27T13:10:22.000Z,2026-05-27,-0.698925,14,79,5231
WBD,0001437107-26-000059,2026-05-19T21:17:56.000Z,2026-05-19,-0.690722,15,82,5273
WBD,0001437107-26-000055,2026-05-06T20:02:42.000Z,2026-05-06,-0.139241,102,135,9612
WBD,0001437107-26-000048,2026-04-30T11:30:02.000Z,2026-04-30,-0.586207,12,46,1793
WBD,0001193125-26-173660,2026-04-23T20:05:26.000Z,2026-04-23,-0.333333,2,4,773
WBD,0001193125-26-108437,2026-03-16T20:30:16.000Z,2026-03-16,-0.636364,4,18,1618
WBD,0001437107-26-000018,2026-02-27T22:06:16.000Z,2026-02-27,-0.104693,124,153,9295
WBD,0001437107-26-000011,2026-02-26T12:06:38.000Z,2026-02-26,-0.112903,110,138,11537
WDAY,0001327811-26-000031,2026-06-22T20:36:19.000Z,2026-06-22,-0.875,1,15,929
WDAY,0001327811-26-000024,2026-05-21T20:02:46.000Z,2026-05-21,-0.388235,26,59,4443
WDAY,0001327811-26-000019,2026-04-24T20:46:44.000Z,2026-04-24,-0.538462,3,10,738
WDAY,0001327811-26-000016,2026-03-06T21:16:01.000Z,2026-03-06,0.4,14,6,1100
WDC,0001193125-26-365796,2026-08-26T10:02:21.000Z,2026-08-26,0.0,3,3,578
WDC,0001628280-26-053305,2026-08-05T20:04:35.000Z,2026-08-05,-0.230769,35,56,4196
WDC,0001193125-26-267514,2026-06-11T20:06:03.000Z,2026-06-11,0.2,3,2,474
WDC,0001193125-26-254621,2026-06-03T12:00:06.000Z,2026-06-03,0.0,3,3,579
WDC,0001628280-26-038632,2026-05-28T13:08:27.000Z,2026-05-28,0.764706,15,2,1191
WDC,0001628280-26-028878,2026-04-30T20:07:36.000Z,2026-04-30,-0.204082,39,59,4116
WEC,0000783325-26-000095,2026-08-18T20:15:12.000Z,2026-08-18,0.0,2,2,537
WEC,0000783325-26-000092,2026-08-11T12:29:49.000Z,2026-08-11,0.75,7,1,576
WEC,0000783325-26-000084,2026-08-03T20:16:07.000Z,2026-08-03,0.052632,40,36,4711
WEC,0000783325-26-000080,2026-07-29T11:27:01.000Z,2026-07-29,-0.466667,8,22,2079
WEC,0000783325-26-000077,2026-06-01T20:18:31.000Z,2026-06-01,0.052632,40,36,4563
WEC,0000783325-26-000062,2026-05-12T17:12:36.000Z,2026-05-12,-0.8,1,9,657
WEC,0000783325-26-000060,2026-05-11T20:15:13.000Z,2026-05-11,0.052632,40,36,4568
WEC,0000783325-26-000056,2026-05-07T21:44:05.000Z,2026-05-08,0.5,3,1,397
WEC,0000783325-26-000049,2026-05-05T11:26:14.000Z,2026-05-05,-0.5,7,21,2067
WEC,0000783325-26-000040,2026-04-01T20:15:29.000Z,2026-04-01,-0.117647,45,57,5456
WEC,0000783325-26-000027,2026-03-02T21:16:17.000Z,2026-03-02,0.028571,36,34,4336
WEC,0001104659-26-020174,2026-02-26T14:43:48.000Z,2026-02-26,0.333333,2,1,627
WELL,0001628280-26-050186,2026-07-28T20:20:23.000Z,2026-07-28,-0.5,1,3,1386
WELL,0000766704-26-000026,2026-07-27T20:06:23.000Z,2026-07-27,-0.279412,98,174,12835
WELL,0001193125-26-302020,2026-07-13T20:10:27.000Z,2026-07-13,-0.333333,2,4,1052
WELL,0001193125-26-249823,2026-06-01T12:15:31.000Z,2026-06-01,-0.189189,15,22,1611
WELL,0001193125-26-237176,2026-05-22T21:15:42.000Z,2026-05-22,-0.714286,1,6,683
WELL,0001193125-26-189039,2026-04-29T11:44:31.000Z,2026-04-29,0.0,1,1,721
WELL,0000766704-26-000018,2026-04-28T20:06:36.000Z,2026-04-28,-0.266667,99,171,12423
WELL,0001193125-26-099414,2026-03-10T12:10:31.000Z,2026-03-10,-0.625,3,13,1716
WFC,0001193125-26-356890,2026-08-19T20:08:07.000Z,2026-08-19,-0.428571,2,5,982
WFC,0000072971-26-000288,2026-07-14T10:28:21.000Z,2026-07-14,-0.212329,115,177,15346
WFC,0001193125-26-232818,2026-05-20T21:05:46.000Z,2026-05-20,0.0,1,1,705
WFC,0000072971-26-000227,2026-04-30T20:44:19.000Z,2026-04-30,-0.818182,2,20,1024
WFC,0000072971-26-000213,2026-04-14T10:28:12.000Z,2026-04-14,-0.264706,100,172,16323
WFC,0001193125-26-113964,2026-03-18T20:10:40.000Z,2026-03-18,-0.428571,2,5,980
WFC,0001193125-26-110792,2026-03-17T20:10:07.000Z,2026-03-17,0.0,2,2,662
WFC,0001193125-26-068647,2026-02-25T13:19:47.000Z,2026-02-25,0.2,3,2,1115
WM,0001104659-26-101077,2026-08-26T12:37:07.000Z,2026-08-26,0.773585,47,6,1544
WM,0001104659-26-087575,2026-07-28T20:42:59.000Z,2026-07-28,-0.246377,52,86,5339
WM,0001104659-26-060755,2026-05-14T13:00:43.000Z,2026-05-14,-0.555556,2,7,598
WM,0001104659-26-059860,2026-05-13T13:09:10.000Z,2026-05-13,0.333333,28,14,1591
WM,0001104659-26-050425,2026-04-28T20:41:53.000Z,2026-04-28,-0.342857,46,94,5012
WM,0001104659-26-034537,2026-03-25T20:23:32.000Z,2026-03-25,-0.428571,2,5,573
WM,0001104659-26-027703,2026-03-13T20:30:42.000Z,2026-03-13,0.428571,5,2,540
WM,0001104659-26-024739,2026-03-06T21:33:35.000Z,2026-03-06,-0.461538,7,19,1289
WMB,0000107263-26-000028,2026-08-21T20:15:08.000Z,2026-08-21,-0.333333,1,2,472
WMB,0000107263-26-000024,2026-08-03T20:18:41.000Z,2026-08-03,-0.027322,89,94,6691
WMB,0001193125-26-301533,2026-07-13T13:20:07.000Z,2026-07-13,0.108434,46,37,3309
WMB,0000107263-26-000020,2026-07-01T20:38:57.000Z,2026-07-01,0.333333,10,5,1774
WMB,0001193125-26-232714,2026-05-20T20:33:45.000Z,2026-05-20,-0.047619,20,22,2522
WMB,0000107263-26-000015,2026-05-04T20:18:23.000Z,2026-05-04,-0.146853,61,82,5802
WMB,0000107263-26-000013,2026-05-04T13:15:12.000Z,2026-05-04,-0.647059,3,14,1101
WMB,0000107263-26-000008,2026-03-26T20:15:10.000Z,2026-03-26,-0.333333,2,4,780
WMT,0000104169-26-000145,2026-08-20T10:59:01.000Z,2026-08-20,0.358696,125,59,14170
WMT,0000104169-26-000111,2026-06-05T20:07:36.000Z,2026-06-05,-0.6,5,20,1111
WMT,0000104169-26-000095,2026-05-21T10:59:53.000Z,2026-05-21,0.362637,124,58,13423
WMT,0001193125-26-194086,2026-04-30T11:54:16.000Z,2026-04-30,0.0,2,2,2253
WMT,0000104169-26-000067,2026-03-27T20:10:53.000Z,2026-03-27,0.0,2,2,771
WMT,0000104169-26-000057,2026-03-13T20:10:19.000Z,2026-03-13,-0.142857,3,4,1291
WRB,0000011544-26-000033,2026-07-20T20:13:03.000Z,2026-07-20,-0.305263,33,62,2781
WRB,0000011544-26-000030,2026-06-26T21:22:06.000Z,2026-06-26,-0.2,2,3,500
WRB,0000011544-26-000020,2026-06-11T20:17:12.000Z,2026-06-11,-0.5,1,3,679
WRB,0000011544-26-000016,2026-06-10T20:15:22.000Z,2026-06-10,0.8,18,2,908
WRB,0000011544-26-000013,2026-06-05T20:16:07.000Z,2026-06-05,-0.714286,1,6,662
WRB,0000011544-26-000008,2026-04-21T20:12:45.000Z,2026-04-21,-0.340206,32,65,2741
WSM,0000719955-26-000203,2026-08-26T12:03:35.000Z,2026-08-26,0.130435,26,20,3290
WSM,0000719955-26-000164,2026-06-22T20:18:44.000Z,2026-06-22,-0.6,1,4,467
WSM,0000719955-26-000126,2026-05-21T13:02:53.000Z,2026-05-21,0.0,21,21,2449
WSM,0000719955-26-000030,2026-03-18T13:03:33.000Z,2026-03-18,-0.105263,34,42,4322
WST,0000105770-26-000097,2026-07-23T11:14:59.000Z,2026-07-23,-0.204545,35,53,6163
WST,0000105770-26-000093,2026-07-14T20:29:25.000Z,2026-07-14,-0.142857,6,8,794
WST,0000105770-26-000080,2026-06-01T20:32:30.000Z,2026-06-01,0.47619,31,11,2549
WST,0000105770-26-000068,2026-05-11T21:06:38.000Z,2026-05-11,-0.647059,6,28,1210
WST,0000105770-26-000056,2026-05-05T20:49:31.000Z,2026-05-05,-0.666667,1,5,639
WST,0000105770-26-000047,2026-04-23T11:11:01.000Z,2026-04-23,-0.027027,36,38,5464
WST,0000105770-26-000041,2026-03-09T20:33:25.000Z,2026-03-09,0.833333,22,2,1462
WTW,0001171843-26-005042,2026-07-30T10:02:22.000Z,2026-07-30,0.027933,184,174,13427
WTW,0001193125-26-234740,2026-05-21T20:53:57.000Z,2026-05-21,-0.733333,2,13,913
WTW,0001171843-26-002866,2026-04-30T10:02:20.000Z,2026-04-30,-0.04878,156,172,11684
WY,0001193125-26-326124,2026-07-30T20:10:22.000Z,2026-07-30,-0.058824,48,54,5708
WY,0000106535-26-000007,2026-06-25T20:20:37.000Z,2026-06-25,0.372549,245,112,12066
WY,0000106535-26-000005,2026-05-28T20:30:53.000Z,2026-05-28,0.374648,244,111,11819
WY,0000106535-26-000003,2026-05-20T20:17:36.000Z,2026-05-20,-0.833333,1,11,897
WY,0001193125-26-197281,2026-04-30T20:10:26.000Z,2026-04-30,-0.113043,51,64,5707
WY,0000106535-26-000001,2026-03-26T20:16:00.000Z,2026-03-26,0.388571,243,107,11625
WY,0001193125-26-076924,2026-02-26T21:32:41.000Z,2026-02-26,0.474684,233,83,10225
WYNN,0001174922-26-000051,2026-08-04T20:04:23.000Z,2026-08-04,0.371429,48,22,3802
WYNN,0001174922-26-000047,2026-07-22T20:41:47.000Z,2026-07-22,-0.333333,3,6,1604
WYNN,0001174922-26-000037,2026-05-08T20:09:02.000Z,2026-05-08,-0.857143,1,13,566
WYNN,0001174922-26-000034,2026-05-07T20:04:20.000Z,2026-05-07,0.52381,48,15,3663
WYNN,0001174922-26-000027,2026-04-30T20:11:00.000Z,2026-04-30,-0.5,1,3,44841
WYNN,0001174922-26-000017,2026-03-11T13:10:42.000Z,2026-03-11,0.6,4,1,742
XEL,0000072903-26-000160,2026-08-20T20:58:11.000Z,2026-08-20,-0.238095,8,13,1007
XEL,0000072903-26-000149,2026-07-29T21:52:34.000Z,2026-07-30,-0.604278,37,150,7695
XEL,0000072903-26-000147,2026-07-29T13:23:37.000Z,2026-07-29,0.826087,21,2,1200
XEL,0000072903-26-000144,2026-07-14T00:23:33.000Z,2026-07-14,-0.368421,6,13,985
XEL,0000072903-26-000109,2026-06-22T23:53:52.000Z,2026-06-23,-0.411765,5,12,973
XEL,0000072903-26-000107,2026-06-22T11:08:51.000Z,2026-06-22,-0.294118,6,11,972
XEL,0000072903-26-000103,2026-06-09T17:51:55.000Z,2026-06-09,-0.294118,6,11,977
XEL,0000072903-26-000101,2026-06-03T00:41:37.000Z,2026-06-03,-0.3,7,13,1030
XEL,0000072903-26-000097,2026-05-22T20:18:50.000Z,2026-05-22,-0.6,1,4,492
XEL,0000072903-26-000077,2026-05-11T20:43:14.000Z,2026-05-11,-0.333333,6,12,928
XEL,0000072903-26-000075,2026-05-05T20:12:59.000Z,2026-05-05,-0.411765,5,12,991
XEL,0001193125-26-201734,2026-05-01T21:21:35.000Z,2026-05-01,-0.090909,5,6,3140
XEL,0000072903-26-000070,2026-04-29T21:43:34.000Z,2026-04-30,-0.569231,42,153,7508
XEL,0001193125-26-087393,2026-03-03T17:30:10.000Z,2026-03-03,0.0,1,1,594
XOM,0002115436-26-000006,2026-07-31T10:31:39.000Z,2026-07-31,-0.129187,91,118,6194
XOM,0002115436-26-000003,2026-07-07T20:19:57.000Z,2026-07-07,-0.673469,8,41,1860
XYL,0001524472-26-000123,2026-08-18T13:03:47.000Z,2026-08-18,0.586207,23,6,1691
XYL,0001524472-26-000119,2026-08-13T20:22:51.000Z,2026-08-13,0.888889,17,1,871
XYL,0001524472-26-000108,2026-07-28T11:06:22.000Z,2026-07-28,-0.495652,29,86,3831
XYL,0001193125-26-248342,2026-05-29T20:15:56.000Z,2026-05-29,-0.666667,1,5,1164
XYL,0001524472-26-000091,2026-05-18T20:19:58.000Z,2026-05-18,-0.666667,1,5,539
XYL,0001524472-26-000065,2026-04-28T11:03:33.000Z,2026-04-28,-0.509434,26,80,3447
XYL,0001524472-26-000014,2026-02-25T21:20:27.000Z,2026-02-25,-0.333333,1,2,432
XYZ,0001193125-26-335117,2026-08-05T20:11:16.000Z,2026-08-05,-0.288288,79,143,9877
XYZ,0001193125-26-275869,2026-06-18T20:12:10.000Z,2026-06-18,-0.6,1,4,856
XYZ,0001193125-26-259540,2026-06-05T20:05:38.000Z,2026-06-05,0.0,1,1,424
XYZ,0001193125-26-212032,2026-05-07T20:21:05.000Z,2026-05-07,-0.280632,91,162,10443
XYZ,0001193125-26-204101,2026-05-04T20:30:32.000Z,2026-05-04,-0.2,2,3,761
XYZ,0001193125-26-076557,2026-02-26T21:06:19.000Z,2026-02-26,-0.193676,102,151,11292
YUM,0001041061-26-000171,2026-08-21T14:19:04.000Z,2026-08-21,0.333333,2,1,479
YUM,0001104659-26-092305,2026-08-07T10:15:58.000Z,2026-08-07,-0.333333,14,28,1961
YUM,0001041061-26-000149,2026-07-30T11:01:16.000Z,2026-07-30,-0.069767,60,69,5876
YUM,0001193125-26-272881,2026-06-16T21:16:02.000Z,2026-06-16,-0.628319,21,92,3156
YUM,0001193125-26-271893,2026-06-16T13:01:41.000Z,2026-06-16,-0.173913,19,27,2169
YUM,0001041061-26-000136,2026-06-02T20:33:07.000Z,2026-06-02,0.2,3,2,590
YUM,0001041061-26-000128,2026-05-19T20:16:41.000Z,2026-05-19,-0.75,1,7,559
YUM,0001041061-26-000108,2026-04-29T11:02:14.000Z,2026-04-29,0.009174,55,54,4786
YUM,0001041061-26-000096,2026-04-01T12:14:13.000Z,2026-04-01,0.333333,2,1,481
ZBH,0001193125-26-335108,2026-08-05T20:11:11.000Z,2026-08-05,-0.319261,258,500,34836
ZBH,0001193125-26-333761,2026-08-05T10:30:16.000Z,2026-08-05,-0.377483,47,104,6035
ZBH,0001193125-26-288390,2026-06-29T20:02:39.000Z,2026-06-29,-0.625,3,13,1353
ZBH,0001193125-26-242207,2026-05-27T21:30:16.000Z,2026-05-27,-0.75,1,7,589
ZBH,0001193125-26-218098,2026-05-12T10:30:17.000Z,2026-05-12,-0.413793,17,41,1962
ZBH,0001193125-26-183430,2026-04-28T10:33:21.000Z,2026-04-28,0.333333,18,9,1909
ZBH,0001193125-26-183411,2026-04-28T10:30:16.000Z,2026-04-28,-0.462185,32,87,5405
ZBRA,0001628280-26-052158,2026-08-04T11:38:50.000Z,2026-08-04,-0.194805,31,46,3834
ZBRA,0001628280-26-038066,2026-05-26T20:04:33.000Z,2026-05-26,-0.454545,3,8,816
ZBRA,0001628280-26-033877,2026-05-12T11:27:30.000Z,2026-05-12,-0.121951,36,46,3805
ZTS,0001193125-26-338080,2026-08-06T20:17:41.000Z,2026-08-06,0.555556,49,14,2506
ZTS,0001555280-26-000038,2026-08-06T11:06:31.000Z,2026-08-06,-0.323944,48,94,6054
ZTS,0001555280-26-000029,2026-05-21T23:35:48.000Z,2026-05-22,-0.666667,2,10,971
ZTS,0001555280-26-000026,2026-05-20T20:23:35.000Z,2026-05-20,0.2,6,4,918
ZTS,0001555280-26-000021,2026-05-07T11:05:34.000Z,2026-05-07,-0.019608,50,52,4867
