ticker,week,interest,wow_change,factor_asof,source
A,2025-10-12,70,0.014493,2025-10-19,revised
A,2025-10-19,66,-0.057143,2025-10-26,revised
A,2025-10-26,64,-0.030303,2025-11-02,revised
A,2025-11-02,69,0.078125,2025-11-09,revised
A,2025-11-09,67,-0.028986,2025-11-16,revised
A,2025-11-16,69,0.029851,2025-11-23,revised
A,2025-11-23,68,-0.014493,2025-11-30,revised
A,2025-11-30,61,-0.102941,2025-12-07,revised
A,2025-12-07,62,0.016393,2025-12-14,revised
A,2025-12-14,60,-0.032258,2025-12-21,revised
A,2025-12-21,38,-0.366667,2025-12-28,revised
A,2025-12-28,30,-0.210526,2026-01-04,revised
A,2026-01-04,59,0.966667,2026-01-11,revised
A,2026-01-11,58,-0.016949,2026-01-18,revised
A,2026-01-18,70,0.206897,2026-01-25,revised
A,2026-01-25,80,0.142857,2026-02-01,revised
A,2026-02-01,88,0.1,2026-02-08,revised
A,2026-02-08,68,-0.227273,2026-02-15,revised
A,2026-02-15,64,-0.058824,2026-02-22,revised
A,2026-02-22,73,0.140625,2026-03-01,revised
A,2026-03-01,74,0.013699,2026-03-08,revised
A,2026-03-08,77,0.040541,2026-03-15,revised
A,2026-03-15,77,0.0,2026-03-22,revised
A,2026-03-22,76,-0.012987,2026-03-29,revised
A,2026-03-29,73,-0.039474,2026-04-05,revised
A,2026-04-05,68,-0.068493,2026-04-12,revised
A,2026-04-12,73,0.073529,2026-04-19,revised
A,2026-04-19,89,0.219178,2026-04-26,revised
A,2026-04-26,71,-0.202247,2026-05-03,revised
A,2026-05-03,68,-0.042254,2026-05-10,revised
A,2026-05-10,79,0.161765,2026-05-17,revised
A,2026-05-17,79,0.0,2026-05-24,revised
A,2026-05-24,81,0.025316,2026-05-31,revised
A,2026-05-31,80,-0.012346,2026-06-07,revised
A,2026-06-07,79,-0.0125,2026-06-14,revised
A,2026-06-14,79,0.0,2026-06-21,revised
A,2026-06-21,100,0.265823,2026-06-28,revised
A,2026-06-28,80,-0.2,2026-07-05,revised
A,2026-07-05,94,0.175,2026-07-12,revised
A,2026-07-12,84,-0.106383,2026-07-19,revised
A,2026-07-19,89,0.059524,2026-07-26,revised
A,2026-07-26,82,-0.078652,2026-08-02,revised
A,2026-08-02,69,-0.158537,2026-08-09,revised
A,2026-08-09,69,0.0,2026-08-16,revised
A,2026-08-16,66,-0.043478,2026-08-23,revised
A,2026-08-23,64,-0.030303,2026-08-30,revised
A,2026-08-30,69,0.078125,2026-09-06,revised
A,2026-09-06,71,0.028986,2026-09-13,revised
A,2026-09-13,66,-0.070423,2026-09-20,revised
A,2026-09-20,72,0.090909,2026-09-27,revised
A,2026-09-27,51,-0.291667,2026-10-09,vintage
A,2026-10-04,50,-0.019608,2026-10-11,revised
AAPL,2025-10-12,15,-0.0625,2025-10-19,revised
AAPL,2025-10-19,16,0.066667,2025-10-26,revised
AAPL,2025-10-26,18,0.125,2025-11-02,revised
AAPL,2025-11-02,14,-0.222222,2025-11-09,revised
AAPL,2025-11-09,18,0.285714,2025-11-16,revised
AAPL,2025-11-16,19,0.055556,2025-11-23,revised
AAPL,2025-11-23,22,0.157895,2025-11-30,revised
AAPL,2025-11-30,20,-0.090909,2025-12-07,revised
AAPL,2025-12-07,16,-0.2,2025-12-14,revised
AAPL,2025-12-14,16,0.0,2025-12-21,revised
AAPL,2025-12-21,8,-0.5,2025-12-28,revised
AAPL,2025-12-28,9,0.125,2026-01-04,revised
AAPL,2026-01-04,13,0.444444,2026-01-11,revised
AAPL,2026-01-11,18,0.384615,2026-01-18,revised
AAPL,2026-01-18,17,-0.055556,2026-01-25,revised
AAPL,2026-01-25,24,0.411765,2026-02-01,revised
AAPL,2026-02-01,42,0.75,2026-02-08,revised
AAPL,2026-02-08,40,-0.047619,2026-02-15,revised
AAPL,2026-02-15,55,0.375,2026-02-22,revised
AAPL,2026-02-22,57,0.036364,2026-03-01,revised
AAPL,2026-03-01,31,-0.45614,2026-03-08,revised
AAPL,2026-03-08,32,0.032258,2026-03-15,revised
AAPL,2026-03-15,38,0.1875,2026-03-22,revised
AAPL,2026-03-22,40,0.052632,2026-03-29,revised
AAPL,2026-03-29,52,0.3,2026-04-05,revised
AAPL,2026-04-05,47,-0.096154,2026-04-12,revised
AAPL,2026-04-12,44,-0.06383,2026-04-19,revised
AAPL,2026-04-19,36,-0.181818,2026-04-26,revised
AAPL,2026-04-26,40,0.111111,2026-05-03,revised
AAPL,2026-05-03,48,0.2,2026-05-10,revised
AAPL,2026-05-10,53,0.104167,2026-05-17,revised
AAPL,2026-05-17,34,-0.358491,2026-05-24,revised
AAPL,2026-05-24,40,0.176471,2026-05-31,revised
AAPL,2026-05-31,62,0.55,2026-06-07,revised
AAPL,2026-06-07,38,-0.387097,2026-06-14,revised
AAPL,2026-06-14,53,0.394737,2026-06-21,revised
AAPL,2026-06-21,57,0.075472,2026-06-28,revised
AAPL,2026-06-28,26,-0.54386,2026-07-05,revised
AAPL,2026-07-05,32,0.230769,2026-07-12,revised
AAPL,2026-07-12,21,-0.34375,2026-07-19,revised
AAPL,2026-07-19,24,0.142857,2026-07-26,revised
AAPL,2026-07-26,27,0.125,2026-08-02,revised
AAPL,2026-08-02,24,-0.111111,2026-08-09,revised
AAPL,2026-08-09,20,-0.166667,2026-08-16,revised
AAPL,2026-08-16,14,-0.3,2026-08-23,revised
AAPL,2026-08-23,42,2.0,2026-08-30,revised
AAPL,2026-08-30,60,0.428571,2026-09-06,revised
AAPL,2026-09-06,89,0.483333,2026-09-13,revised
AAPL,2026-09-13,100,0.123596,2026-09-20,revised
AAPL,2026-09-20,65,-0.35,2026-09-27,revised
AAPL,2026-09-27,13,-0.8,2026-10-09,vintage
AAPL,2026-10-04,6,-0.538462,2026-10-11,revised
ABBV,2025-10-12,50,0.851852,2025-10-19,revised
ABBV,2025-10-19,23,-0.54,2025-10-26,revised
ABBV,2025-10-26,42,0.826087,2025-11-02,revised
ABBV,2025-11-02,31,-0.261905,2025-11-09,revised
ABBV,2025-11-09,39,0.258065,2025-11-16,revised
ABBV,2025-11-16,0,-1.0,2025-11-23,revised
ABBV,2025-11-23,35,0.0,2025-11-30,revised
ABBV,2025-11-30,34,-0.028571,2025-12-07,revised
ABBV,2025-12-07,28,-0.176471,2025-12-14,revised
ABBV,2025-12-14,36,0.285714,2025-12-21,revised
ABBV,2025-12-21,0,-1.0,2025-12-28,revised
ABBV,2025-12-28,29,0.0,2026-01-04,revised
ABBV,2026-01-04,28,-0.034483,2026-01-11,revised
ABBV,2026-01-11,37,0.321429,2026-01-18,revised
ABBV,2026-01-18,20,-0.459459,2026-01-25,revised
ABBV,2026-01-25,26,0.3,2026-02-01,revised
ABBV,2026-02-01,62,1.384615,2026-02-08,revised
ABBV,2026-02-08,53,-0.145161,2026-02-15,revised
ABBV,2026-02-15,100,0.886792,2026-02-22,revised
ABBV,2026-02-22,68,-0.32,2026-03-01,revised
ABBV,2026-03-01,36,-0.470588,2026-03-08,revised
ABBV,2026-03-08,50,0.388889,2026-03-15,revised
ABBV,2026-03-15,45,-0.1,2026-03-22,revised
ABBV,2026-03-22,42,-0.066667,2026-03-29,revised
ABBV,2026-03-29,50,0.190476,2026-04-05,revised
ABBV,2026-04-05,35,-0.3,2026-04-12,revised
ABBV,2026-04-12,33,-0.057143,2026-04-19,revised
ABBV,2026-04-19,45,0.363636,2026-04-26,revised
ABBV,2026-04-26,35,-0.222222,2026-05-03,revised
ABBV,2026-05-03,43,0.228571,2026-05-10,revised
ABBV,2026-05-10,47,0.093023,2026-05-17,revised
ABBV,2026-05-17,42,-0.106383,2026-05-24,revised
ABBV,2026-05-24,44,0.047619,2026-05-31,revised
ABBV,2026-05-31,66,0.5,2026-06-07,revised
ABBV,2026-06-07,51,-0.227273,2026-06-14,revised
ABBV,2026-06-14,66,0.294118,2026-06-21,revised
ABBV,2026-06-21,63,-0.045455,2026-06-28,revised
ABBV,2026-06-28,41,-0.349206,2026-07-05,revised
ABBV,2026-07-05,46,0.121951,2026-07-12,revised
ABBV,2026-07-12,37,-0.195652,2026-07-19,revised
ABBV,2026-07-19,44,0.189189,2026-07-26,revised
ABBV,2026-07-26,38,-0.136364,2026-08-02,revised
ABBV,2026-08-02,31,-0.184211,2026-08-09,revised
ABBV,2026-08-09,44,0.419355,2026-08-16,revised
ABBV,2026-08-16,30,-0.318182,2026-08-23,revised
ABBV,2026-08-23,0,-1.0,2026-08-30,revised
ABBV,2026-08-30,70,0.0,2026-09-06,revised
ABBV,2026-09-06,57,-0.185714,2026-09-13,revised
ABBV,2026-09-13,90,0.578947,2026-09-20,revised
ABBV,2026-09-20,72,-0.2,2026-09-27,revised
ABBV,2026-09-27,21,-0.708333,2026-10-09,vintage
ABBV,2026-10-04,18,-0.142857,2026-10-11,revised
ABNB,2025-10-12,84,0.02439,2025-10-19,revised
ABNB,2025-10-19,79,-0.059524,2025-10-26,revised
ABNB,2025-10-26,76,-0.037975,2025-11-02,revised
ABNB,2025-11-02,80,0.052632,2025-11-09,revised
ABNB,2025-11-09,79,-0.0125,2025-11-16,revised
ABNB,2025-11-16,79,0.0,2025-11-23,revised
ABNB,2025-11-23,71,-0.101266,2025-11-30,revised
ABNB,2025-11-30,77,0.084507,2025-12-07,revised
ABNB,2025-12-07,74,-0.038961,2025-12-14,revised
ABNB,2025-12-14,73,-0.013514,2025-12-21,revised
ABNB,2025-12-21,78,0.068493,2025-12-28,revised
ABNB,2025-12-28,86,0.102564,2026-01-04,revised
ABNB,2026-01-04,88,0.023256,2026-01-11,revised
ABNB,2026-01-11,90,0.022727,2026-01-18,revised
ABNB,2026-01-18,84,-0.066667,2026-01-25,revised
ABNB,2026-01-25,86,0.02381,2026-02-01,revised
ABNB,2026-02-01,83,-0.034884,2026-02-08,revised
ABNB,2026-02-08,81,-0.024096,2026-02-15,revised
ABNB,2026-02-15,88,0.08642,2026-02-22,revised
ABNB,2026-02-22,85,-0.034091,2026-03-01,revised
ABNB,2026-03-01,88,0.035294,2026-03-08,revised
ABNB,2026-03-08,90,0.022727,2026-03-15,revised
ABNB,2026-03-15,88,-0.022222,2026-03-22,revised
ABNB,2026-03-22,89,0.011364,2026-03-29,revised
ABNB,2026-03-29,91,0.022472,2026-04-05,revised
ABNB,2026-04-05,90,-0.010989,2026-04-12,revised
ABNB,2026-04-12,91,0.011111,2026-04-19,revised
ABNB,2026-04-19,87,-0.043956,2026-04-26,revised
ABNB,2026-04-26,82,-0.057471,2026-05-03,revised
ABNB,2026-05-03,88,0.073171,2026-05-10,revised
ABNB,2026-05-10,83,-0.056818,2026-05-17,revised
ABNB,2026-05-17,85,0.024096,2026-05-24,revised
ABNB,2026-05-24,91,0.070588,2026-05-31,revised
ABNB,2026-05-31,95,0.043956,2026-06-07,revised
ABNB,2026-06-07,90,-0.052632,2026-06-14,revised
ABNB,2026-06-14,88,-0.022222,2026-06-21,revised
ABNB,2026-06-21,93,0.056818,2026-06-28,revised
ABNB,2026-06-28,89,-0.043011,2026-07-05,revised
ABNB,2026-07-05,100,0.123596,2026-07-12,revised
ABNB,2026-07-12,94,-0.06,2026-07-19,revised
ABNB,2026-07-19,96,0.021277,2026-07-26,revised
ABNB,2026-07-26,92,-0.041667,2026-08-02,revised
ABNB,2026-08-02,91,-0.01087,2026-08-09,revised
ABNB,2026-08-09,88,-0.032967,2026-08-16,revised
ABNB,2026-08-16,80,-0.090909,2026-08-23,revised
ABNB,2026-08-23,79,-0.0125,2026-08-30,revised
ABNB,2026-08-30,79,0.0,2026-09-06,revised
ABNB,2026-09-06,72,-0.088608,2026-09-13,revised
ABNB,2026-09-13,68,-0.055556,2026-09-20,revised
ABNB,2026-09-20,69,0.014706,2026-09-27,revised
ABNB,2026-09-27,67,-0.028986,2026-10-09,vintage
ABNB,2026-10-04,68,0.014925,2026-10-11,revised
ABT,2025-10-12,69,-0.041667,2025-10-19,revised
ABT,2025-10-19,66,-0.043478,2025-10-26,revised
ABT,2025-10-26,64,-0.030303,2025-11-02,revised
ABT,2025-11-02,51,-0.203125,2025-11-09,revised
ABT,2025-11-09,59,0.156863,2025-11-16,revised
ABT,2025-11-16,84,0.423729,2025-11-23,revised
ABT,2025-11-23,54,-0.357143,2025-11-30,revised
ABT,2025-11-30,56,0.037037,2025-12-07,revised
ABT,2025-12-07,52,-0.071429,2025-12-14,revised
ABT,2025-12-14,46,-0.115385,2025-12-21,revised
ABT,2025-12-21,29,-0.369565,2025-12-28,revised
ABT,2025-12-28,33,0.137931,2026-01-04,revised
ABT,2026-01-04,40,0.212121,2026-01-11,revised
ABT,2026-01-11,51,0.275,2026-01-18,revised
ABT,2026-01-18,74,0.45098,2026-01-25,revised
ABT,2026-01-25,79,0.067568,2026-02-01,revised
ABT,2026-02-01,74,-0.063291,2026-02-08,revised
ABT,2026-02-08,82,0.108108,2026-02-15,revised
ABT,2026-02-15,69,-0.158537,2026-02-22,revised
ABT,2026-02-22,68,-0.014493,2026-03-01,revised
ABT,2026-03-01,70,0.029412,2026-03-08,revised
ABT,2026-03-08,67,-0.042857,2026-03-15,revised
ABT,2026-03-15,57,-0.149254,2026-03-22,revised
ABT,2026-03-22,63,0.105263,2026-03-29,revised
ABT,2026-03-29,59,-0.063492,2026-04-05,revised
ABT,2026-04-05,60,0.016949,2026-04-12,revised
ABT,2026-04-12,87,0.45,2026-04-19,revised
ABT,2026-04-19,75,-0.137931,2026-04-26,revised
ABT,2026-04-26,66,-0.12,2026-05-03,revised
ABT,2026-05-03,100,0.515152,2026-05-10,revised
ABT,2026-05-10,88,-0.12,2026-05-17,revised
ABT,2026-05-17,56,-0.363636,2026-05-24,revised
ABT,2026-05-24,74,0.321429,2026-05-31,revised
ABT,2026-05-31,68,-0.081081,2026-06-07,revised
ABT,2026-06-07,70,0.029412,2026-06-14,revised
ABT,2026-06-14,75,0.071429,2026-06-21,revised
ABT,2026-06-21,69,-0.08,2026-06-28,revised
ABT,2026-06-28,70,0.014493,2026-07-05,revised
ABT,2026-07-05,79,0.128571,2026-07-12,revised
ABT,2026-07-12,68,-0.139241,2026-07-19,revised
ABT,2026-07-19,66,-0.029412,2026-07-26,revised
ABT,2026-07-26,74,0.121212,2026-08-02,revised
ABT,2026-08-02,67,-0.094595,2026-08-09,revised
ABT,2026-08-09,62,-0.074627,2026-08-16,revised
ABT,2026-08-16,53,-0.145161,2026-08-23,revised
ABT,2026-08-23,54,0.018868,2026-08-30,revised
ABT,2026-08-30,55,0.018519,2026-09-06,revised
ABT,2026-09-06,55,0.0,2026-09-13,revised
ABT,2026-09-13,65,0.181818,2026-09-20,revised
ABT,2026-09-20,64,-0.015385,2026-09-27,revised
ABT,2026-09-27,36,-0.4375,2026-10-09,vintage
ABT,2026-10-04,32,-0.111111,2026-10-11,revised
ACGL,2025-10-12,31,0.0,2025-10-19,revised
ACGL,2025-10-19,26,-0.16129,2025-10-26,revised
ACGL,2025-10-26,32,0.230769,2025-11-02,revised
ACGL,2025-11-02,23,-0.28125,2025-11-09,revised
ACGL,2025-11-09,23,0.0,2025-11-16,revised
ACGL,2025-11-16,27,0.173913,2025-11-23,revised
ACGL,2025-11-23,24,-0.111111,2025-11-30,revised
ACGL,2025-11-30,17,-0.291667,2025-12-07,revised
ACGL,2025-12-07,23,0.352941,2025-12-14,revised
ACGL,2025-12-14,21,-0.086957,2025-12-21,revised
ACGL,2025-12-21,12,-0.428571,2025-12-28,revised
ACGL,2025-12-28,14,0.166667,2026-01-04,revised
ACGL,2026-01-04,28,1.0,2026-01-11,revised
ACGL,2026-01-11,23,-0.178571,2026-01-18,revised
ACGL,2026-01-18,30,0.304348,2026-01-25,revised
ACGL,2026-01-25,33,0.1,2026-02-01,revised
ACGL,2026-02-01,28,-0.151515,2026-02-08,revised
ACGL,2026-02-08,29,0.035714,2026-02-15,revised
ACGL,2026-02-15,100,2.448276,2026-02-22,revised
ACGL,2026-02-22,35,-0.65,2026-03-01,revised
ACGL,2026-03-01,35,0.0,2026-03-08,revised
ACGL,2026-03-08,33,-0.057143,2026-03-15,revised
ACGL,2026-03-15,38,0.151515,2026-03-22,revised
ACGL,2026-03-22,34,-0.105263,2026-03-29,revised
ACGL,2026-03-29,31,-0.088235,2026-04-05,revised
ACGL,2026-04-05,30,-0.032258,2026-04-12,revised
ACGL,2026-04-12,33,0.1,2026-04-19,revised
ACGL,2026-04-19,37,0.121212,2026-04-26,revised
ACGL,2026-04-26,35,-0.054054,2026-05-03,revised
ACGL,2026-05-03,46,0.314286,2026-05-10,revised
ACGL,2026-05-10,41,-0.108696,2026-05-17,revised
ACGL,2026-05-17,27,-0.341463,2026-05-24,revised
ACGL,2026-05-24,33,0.222222,2026-05-31,revised
ACGL,2026-05-31,40,0.212121,2026-06-07,revised
ACGL,2026-06-07,50,0.25,2026-06-14,revised
ACGL,2026-06-14,46,-0.08,2026-06-21,revised
ACGL,2026-06-21,61,0.326087,2026-06-28,revised
ACGL,2026-06-28,49,-0.196721,2026-07-05,revised
ACGL,2026-07-05,57,0.163265,2026-07-12,revised
ACGL,2026-07-12,38,-0.333333,2026-07-19,revised
ACGL,2026-07-19,49,0.289474,2026-07-26,revised
ACGL,2026-07-26,38,-0.22449,2026-08-02,revised
ACGL,2026-08-02,27,-0.289474,2026-08-09,revised
ACGL,2026-08-09,23,-0.148148,2026-08-16,revised
ACGL,2026-08-16,23,0.0,2026-08-23,revised
ACGL,2026-08-23,26,0.130435,2026-08-30,revised
ACGL,2026-08-30,27,0.038462,2026-09-06,revised
ACGL,2026-09-06,20,-0.259259,2026-09-13,revised
ACGL,2026-09-13,25,0.25,2026-09-20,revised
ACGL,2026-09-20,25,0.0,2026-09-27,revised
ACGL,2026-09-27,11,-0.56,2026-10-09,vintage
ACGL,2026-10-04,10,-0.090909,2026-10-11,revised
ACN,2025-10-12,39,0.625,2025-10-19,revised
ACN,2025-10-19,42,0.076923,2025-10-26,revised
ACN,2025-10-26,29,-0.309524,2025-11-02,revised
ACN,2025-11-02,32,0.103448,2025-11-09,revised
ACN,2025-11-09,33,0.03125,2025-11-16,revised
ACN,2025-11-16,37,0.121212,2025-11-23,revised
ACN,2025-11-23,47,0.27027,2025-11-30,revised
ACN,2025-11-30,41,-0.12766,2025-12-07,revised
ACN,2025-12-07,38,-0.073171,2025-12-14,revised
ACN,2025-12-14,38,0.0,2025-12-21,revised
ACN,2025-12-21,27,-0.289474,2025-12-28,revised
ACN,2025-12-28,25,-0.074074,2026-01-04,revised
ACN,2026-01-04,31,0.24,2026-01-11,revised
ACN,2026-01-11,23,-0.258065,2026-01-18,revised
ACN,2026-01-18,32,0.391304,2026-01-25,revised
ACN,2026-01-25,46,0.4375,2026-02-01,revised
ACN,2026-02-01,48,0.043478,2026-02-08,revised
ACN,2026-02-08,48,0.0,2026-02-15,revised
ACN,2026-02-15,60,0.25,2026-02-22,revised
ACN,2026-02-22,72,0.2,2026-03-01,revised
ACN,2026-03-01,57,-0.208333,2026-03-08,revised
ACN,2026-03-08,49,-0.140351,2026-03-15,revised
ACN,2026-03-15,58,0.183673,2026-03-22,revised
ACN,2026-03-22,38,-0.344828,2026-03-29,revised
ACN,2026-03-29,49,0.289474,2026-04-05,revised
ACN,2026-04-05,47,-0.040816,2026-04-12,revised
ACN,2026-04-12,47,0.0,2026-04-19,revised
ACN,2026-04-19,37,-0.212766,2026-04-26,revised
ACN,2026-04-26,35,-0.054054,2026-05-03,revised
ACN,2026-05-03,33,-0.057143,2026-05-10,revised
ACN,2026-05-10,63,0.909091,2026-05-17,revised
ACN,2026-05-17,51,-0.190476,2026-05-24,revised
ACN,2026-05-24,40,-0.215686,2026-05-31,revised
ACN,2026-05-31,42,0.05,2026-06-07,revised
ACN,2026-06-07,43,0.02381,2026-06-14,revised
ACN,2026-06-14,100,1.325581,2026-06-21,revised
ACN,2026-06-21,84,-0.16,2026-06-28,revised
ACN,2026-06-28,53,-0.369048,2026-07-05,revised
ACN,2026-07-05,74,0.396226,2026-07-12,revised
ACN,2026-07-12,69,-0.067568,2026-07-19,revised
ACN,2026-07-19,81,0.173913,2026-07-26,revised
ACN,2026-07-26,67,-0.17284,2026-08-02,revised
ACN,2026-08-02,51,-0.238806,2026-08-09,revised
ACN,2026-08-09,27,-0.470588,2026-08-16,revised
ACN,2026-08-16,31,0.148148,2026-08-23,revised
ACN,2026-08-23,20,-0.354839,2026-08-30,revised
ACN,2026-08-30,31,0.55,2026-09-06,revised
ACN,2026-09-06,22,-0.290323,2026-09-13,revised
ACN,2026-09-13,44,1.0,2026-09-20,revised
ACN,2026-09-20,26,-0.409091,2026-09-27,revised
ACN,2026-09-27,36,0.384615,2026-10-09,vintage
ACN,2026-10-04,26,-0.277778,2026-10-11,revised
ADBE,2025-10-12,18,0.058824,2025-10-19,revised
ADBE,2025-10-19,18,0.0,2025-10-26,revised
ADBE,2025-10-26,21,0.166667,2025-11-02,revised
ADBE,2025-11-02,15,-0.285714,2025-11-09,revised
ADBE,2025-11-09,20,0.333333,2025-11-16,revised
ADBE,2025-11-16,24,0.2,2025-11-23,revised
ADBE,2025-11-23,25,0.041667,2025-11-30,revised
ADBE,2025-11-30,23,-0.08,2025-12-07,revised
ADBE,2025-12-07,20,-0.130435,2025-12-14,revised
ADBE,2025-12-14,13,-0.35,2025-12-21,revised
ADBE,2025-12-21,5,-0.615385,2025-12-28,revised
ADBE,2025-12-28,10,1.0,2026-01-04,revised
ADBE,2026-01-04,14,0.4,2026-01-11,revised
ADBE,2026-01-11,18,0.285714,2026-01-18,revised
ADBE,2026-01-18,18,0.0,2026-01-25,revised
ADBE,2026-01-25,24,0.333333,2026-02-01,revised
ADBE,2026-02-01,38,0.583333,2026-02-08,revised
ADBE,2026-02-08,31,-0.184211,2026-02-15,revised
ADBE,2026-02-15,66,1.129032,2026-02-22,revised
ADBE,2026-02-22,100,0.515152,2026-03-01,revised
ADBE,2026-03-01,40,-0.6,2026-03-08,revised
ADBE,2026-03-08,35,-0.125,2026-03-15,revised
ADBE,2026-03-15,41,0.171429,2026-03-22,revised
ADBE,2026-03-22,34,-0.170732,2026-03-29,revised
ADBE,2026-03-29,40,0.176471,2026-04-05,revised
ADBE,2026-04-05,40,0.0,2026-04-12,revised
ADBE,2026-04-12,37,-0.075,2026-04-19,revised
ADBE,2026-04-19,30,-0.189189,2026-04-26,revised
ADBE,2026-04-26,60,1.0,2026-05-03,revised
ADBE,2026-05-03,89,0.483333,2026-05-10,revised
ADBE,2026-05-10,77,-0.134831,2026-05-17,revised
ADBE,2026-05-17,33,-0.571429,2026-05-24,revised
ADBE,2026-05-24,41,0.242424,2026-05-31,revised
ADBE,2026-05-31,80,0.95122,2026-06-07,revised
ADBE,2026-06-07,39,-0.5125,2026-06-14,revised
ADBE,2026-06-14,70,0.794872,2026-06-21,revised
ADBE,2026-06-21,74,0.057143,2026-06-28,revised
ADBE,2026-06-28,33,-0.554054,2026-07-05,revised
ADBE,2026-07-05,44,0.333333,2026-07-12,revised
ADBE,2026-07-12,28,-0.363636,2026-07-19,revised
ADBE,2026-07-19,33,0.178571,2026-07-26,revised
ADBE,2026-07-26,33,0.0,2026-08-02,revised
ADBE,2026-08-02,22,-0.333333,2026-08-09,revised
ADBE,2026-08-09,23,0.045455,2026-08-16,revised
ADBE,2026-08-16,15,-0.347826,2026-08-23,revised
ADBE,2026-08-23,43,1.866667,2026-08-30,revised
ADBE,2026-08-30,55,0.27907,2026-09-06,revised
ADBE,2026-09-06,57,0.036364,2026-09-13,revised
ADBE,2026-09-13,91,0.596491,2026-09-20,revised
ADBE,2026-09-20,69,-0.241758,2026-09-27,revised
ADBE,2026-09-27,15,-0.782609,2026-10-09,vintage
ADBE,2026-10-04,8,-0.466667,2026-10-11,revised
ADI,2025-10-12,27,-0.035714,2025-10-19,revised
ADI,2025-10-19,33,0.222222,2025-10-26,revised
ADI,2025-10-26,28,-0.151515,2025-11-02,revised
ADI,2025-11-02,29,0.035714,2025-11-09,revised
ADI,2025-11-09,31,0.068966,2025-11-16,revised
ADI,2025-11-16,31,0.0,2025-11-23,revised
ADI,2025-11-23,41,0.322581,2025-11-30,revised
ADI,2025-11-30,39,-0.04878,2025-12-07,revised
ADI,2025-12-07,29,-0.25641,2025-12-14,revised
ADI,2025-12-14,32,0.103448,2025-12-21,revised
ADI,2025-12-21,20,-0.375,2025-12-28,revised
ADI,2025-12-28,16,-0.2,2026-01-04,revised
ADI,2026-01-04,21,0.3125,2026-01-11,revised
ADI,2026-01-11,26,0.238095,2026-01-18,revised
ADI,2026-01-18,28,0.076923,2026-01-25,revised
ADI,2026-01-25,32,0.142857,2026-02-01,revised
ADI,2026-02-01,32,0.0,2026-02-08,revised
ADI,2026-02-08,59,0.84375,2026-02-15,revised
ADI,2026-02-15,59,0.0,2026-02-22,revised
ADI,2026-02-22,100,0.694915,2026-03-01,revised
ADI,2026-03-01,36,-0.64,2026-03-08,revised
ADI,2026-03-08,43,0.194444,2026-03-15,revised
ADI,2026-03-15,42,-0.023256,2026-03-22,revised
ADI,2026-03-22,44,0.047619,2026-03-29,revised
ADI,2026-03-29,51,0.159091,2026-04-05,revised
ADI,2026-04-05,50,-0.019608,2026-04-12,revised
ADI,2026-04-12,47,-0.06,2026-04-19,revised
ADI,2026-04-19,45,-0.042553,2026-04-26,revised
ADI,2026-04-26,38,-0.155556,2026-05-03,revised
ADI,2026-05-03,41,0.078947,2026-05-10,revised
ADI,2026-05-10,47,0.146341,2026-05-17,revised
ADI,2026-05-17,51,0.085106,2026-05-24,revised
ADI,2026-05-24,54,0.058824,2026-05-31,revised
ADI,2026-05-31,49,-0.092593,2026-06-07,revised
ADI,2026-06-07,52,0.061224,2026-06-14,revised
ADI,2026-06-14,43,-0.173077,2026-06-21,revised
ADI,2026-06-21,42,-0.023256,2026-06-28,revised
ADI,2026-06-28,44,0.047619,2026-07-05,revised
ADI,2026-07-05,41,-0.068182,2026-07-12,revised
ADI,2026-07-12,29,-0.292683,2026-07-19,revised
ADI,2026-07-19,33,0.137931,2026-07-26,revised
ADI,2026-07-26,31,-0.060606,2026-08-02,revised
ADI,2026-08-02,24,-0.225806,2026-08-09,revised
ADI,2026-08-09,30,0.25,2026-08-16,revised
ADI,2026-08-16,36,0.2,2026-08-23,revised
ADI,2026-08-23,22,-0.388889,2026-08-30,revised
ADI,2026-08-30,22,0.0,2026-09-06,revised
ADI,2026-09-06,23,0.045455,2026-09-13,revised
ADI,2026-09-13,22,-0.043478,2026-09-20,revised
ADI,2026-09-20,28,0.272727,2026-09-27,revised
ADI,2026-09-27,16,-0.428571,2026-10-09,vintage
ADI,2026-10-04,14,-0.125,2026-10-11,revised
ADM,2025-10-12,65,0.101695,2025-10-19,revised
ADM,2025-10-19,69,0.061538,2025-10-26,revised
ADM,2025-10-26,72,0.043478,2025-11-02,revised
ADM,2025-11-02,68,-0.055556,2025-11-09,revised
ADM,2025-11-09,64,-0.058824,2025-11-16,revised
ADM,2025-11-16,67,0.046875,2025-11-23,revised
ADM,2025-11-23,54,-0.19403,2025-11-30,revised
ADM,2025-11-30,63,0.166667,2025-12-07,revised
ADM,2025-12-07,64,0.015873,2025-12-14,revised
ADM,2025-12-14,57,-0.109375,2025-12-21,revised
ADM,2025-12-21,43,-0.245614,2025-12-28,revised
ADM,2025-12-28,38,-0.116279,2026-01-04,revised
ADM,2026-01-04,55,0.447368,2026-01-11,revised
ADM,2026-01-11,55,0.0,2026-01-18,revised
ADM,2026-01-18,64,0.163636,2026-01-25,revised
ADM,2026-01-25,90,0.40625,2026-02-01,revised
ADM,2026-02-01,100,0.111111,2026-02-08,revised
ADM,2026-02-08,88,-0.12,2026-02-15,revised
ADM,2026-02-15,83,-0.056818,2026-02-22,revised
ADM,2026-02-22,74,-0.108434,2026-03-01,revised
ADM,2026-03-01,74,0.0,2026-03-08,revised
ADM,2026-03-08,73,-0.013514,2026-03-15,revised
ADM,2026-03-15,85,0.164384,2026-03-22,revised
ADM,2026-03-22,71,-0.164706,2026-03-29,revised
ADM,2026-03-29,63,-0.112676,2026-04-05,revised
ADM,2026-04-05,66,0.047619,2026-04-12,revised
ADM,2026-04-12,83,0.257576,2026-04-19,revised
ADM,2026-04-19,71,-0.144578,2026-04-26,revised
ADM,2026-04-26,64,-0.098592,2026-05-03,revised
ADM,2026-05-03,64,0.0,2026-05-10,revised
ADM,2026-05-10,56,-0.125,2026-05-17,revised
ADM,2026-05-17,56,0.0,2026-05-24,revised
ADM,2026-05-24,52,-0.071429,2026-05-31,revised
ADM,2026-05-31,67,0.288462,2026-06-07,revised
ADM,2026-06-07,59,-0.119403,2026-06-14,revised
ADM,2026-06-14,59,0.0,2026-06-21,revised
ADM,2026-06-21,63,0.067797,2026-06-28,revised
ADM,2026-06-28,65,0.031746,2026-07-05,revised
ADM,2026-07-05,70,0.076923,2026-07-12,revised
ADM,2026-07-12,58,-0.171429,2026-07-19,revised
ADM,2026-07-19,54,-0.068966,2026-07-26,revised
ADM,2026-07-26,53,-0.018519,2026-08-02,revised
ADM,2026-08-02,70,0.320755,2026-08-09,revised
ADM,2026-08-09,64,-0.085714,2026-08-16,revised
ADM,2026-08-16,59,-0.078125,2026-08-23,revised
ADM,2026-08-23,36,-0.389831,2026-08-30,revised
ADM,2026-08-30,47,0.305556,2026-09-06,revised
ADM,2026-09-06,54,0.148936,2026-09-13,revised
ADM,2026-09-13,57,0.055556,2026-09-20,revised
ADM,2026-09-20,57,0.0,2026-09-27,revised
ADM,2026-09-27,34,-0.403509,2026-10-09,vintage
ADM,2026-10-04,29,-0.147059,2026-10-11,revised
ADP,2025-10-12,11,-0.214286,2025-10-19,revised
ADP,2025-10-19,14,0.272727,2025-10-26,revised
ADP,2025-10-26,15,0.071429,2025-11-02,revised
ADP,2025-11-02,15,0.0,2025-11-09,revised
ADP,2025-11-09,14,-0.066667,2025-11-16,revised
ADP,2025-11-16,18,0.285714,2025-11-23,revised
ADP,2025-11-23,22,0.222222,2025-11-30,revised
ADP,2025-11-30,22,0.0,2025-12-07,revised
ADP,2025-12-07,15,-0.318182,2025-12-14,revised
ADP,2025-12-14,16,0.066667,2025-12-21,revised
ADP,2025-12-21,11,-0.3125,2025-12-28,revised
ADP,2025-12-28,12,0.090909,2026-01-04,revised
ADP,2026-01-04,14,0.166667,2026-01-11,revised
ADP,2026-01-11,18,0.285714,2026-01-18,revised
ADP,2026-01-18,20,0.111111,2026-01-25,revised
ADP,2026-01-25,22,0.1,2026-02-01,revised
ADP,2026-02-01,21,-0.045455,2026-02-08,revised
ADP,2026-02-08,25,0.190476,2026-02-15,revised
ADP,2026-02-15,31,0.24,2026-02-22,revised
ADP,2026-02-22,26,-0.16129,2026-03-01,revised
ADP,2026-03-01,24,-0.076923,2026-03-08,revised
ADP,2026-03-08,19,-0.208333,2026-03-15,revised
ADP,2026-03-15,23,0.210526,2026-03-22,revised
ADP,2026-03-22,21,-0.086957,2026-03-29,revised
ADP,2026-03-29,23,0.095238,2026-04-05,revised
ADP,2026-04-05,22,-0.043478,2026-04-12,revised
ADP,2026-04-12,22,0.0,2026-04-19,revised
ADP,2026-04-19,25,0.136364,2026-04-26,revised
ADP,2026-04-26,33,0.32,2026-05-03,revised
ADP,2026-05-03,31,-0.060606,2026-05-10,revised
ADP,2026-05-10,32,0.032258,2026-05-17,revised
ADP,2026-05-17,24,-0.25,2026-05-24,revised
ADP,2026-05-24,25,0.041667,2026-05-31,revised
ADP,2026-05-31,32,0.28,2026-06-07,revised
ADP,2026-06-07,31,-0.03125,2026-06-14,revised
ADP,2026-06-14,100,2.225806,2026-06-21,revised
ADP,2026-06-21,47,-0.53,2026-06-28,revised
ADP,2026-06-28,26,-0.446809,2026-07-05,revised
ADP,2026-07-05,25,-0.038462,2026-07-12,revised
ADP,2026-07-12,14,-0.44,2026-07-19,revised
ADP,2026-07-19,21,0.5,2026-07-26,revised
ADP,2026-07-26,20,-0.047619,2026-08-02,revised
ADP,2026-08-02,16,-0.2,2026-08-09,revised
ADP,2026-08-09,16,0.0,2026-08-16,revised
ADP,2026-08-16,14,-0.125,2026-08-23,revised
ADP,2026-08-23,12,-0.142857,2026-08-30,revised
ADP,2026-08-30,15,0.25,2026-09-06,revised
ADP,2026-09-06,16,0.066667,2026-09-13,revised
ADP,2026-09-13,19,0.1875,2026-09-20,revised
ADP,2026-09-20,23,0.210526,2026-09-27,revised
ADP,2026-09-27,8,-0.652174,2026-10-09,vintage
ADP,2026-10-04,6,-0.25,2026-10-11,revised
ADSK,2025-10-12,79,0.039474,2025-10-19,revised
ADSK,2025-10-19,95,0.202532,2025-10-26,revised
ADSK,2025-10-26,68,-0.284211,2025-11-02,revised
ADSK,2025-11-02,68,0.0,2025-11-09,revised
ADSK,2025-11-09,76,0.117647,2025-11-16,revised
ADSK,2025-11-16,71,-0.065789,2025-11-23,revised
ADSK,2025-11-23,72,0.014085,2025-11-30,revised
ADSK,2025-11-30,75,0.041667,2025-12-07,revised
ADSK,2025-12-07,63,-0.16,2025-12-14,revised
ADSK,2025-12-14,62,-0.015873,2025-12-21,revised
ADSK,2025-12-21,39,-0.370968,2025-12-28,revised
ADSK,2025-12-28,39,0.0,2026-01-04,revised
ADSK,2026-01-04,56,0.435897,2026-01-11,revised
ADSK,2026-01-11,65,0.160714,2026-01-18,revised
ADSK,2026-01-18,70,0.076923,2026-01-25,revised
ADSK,2026-01-25,71,0.014286,2026-02-01,revised
ADSK,2026-02-01,71,0.0,2026-02-08,revised
ADSK,2026-02-08,71,0.0,2026-02-15,revised
ADSK,2026-02-15,67,-0.056338,2026-02-22,revised
ADSK,2026-02-22,73,0.089552,2026-03-01,revised
ADSK,2026-03-01,78,0.068493,2026-03-08,revised
ADSK,2026-03-08,78,0.0,2026-03-15,revised
ADSK,2026-03-15,85,0.089744,2026-03-22,revised
ADSK,2026-03-22,90,0.058824,2026-03-29,revised
ADSK,2026-03-29,88,-0.022222,2026-04-05,revised
ADSK,2026-04-05,97,0.102273,2026-04-12,revised
ADSK,2026-04-12,93,-0.041237,2026-04-19,revised
ADSK,2026-04-19,84,-0.096774,2026-04-26,revised
ADSK,2026-04-26,82,-0.02381,2026-05-03,revised
ADSK,2026-05-03,88,0.073171,2026-05-10,revised
ADSK,2026-05-10,93,0.056818,2026-05-17,revised
ADSK,2026-05-17,91,-0.021505,2026-05-24,revised
ADSK,2026-05-24,90,-0.010989,2026-05-31,revised
ADSK,2026-05-31,100,0.111111,2026-06-07,revised
ADSK,2026-06-07,91,-0.09,2026-06-14,revised
ADSK,2026-06-14,90,-0.010989,2026-06-21,revised
ADSK,2026-06-21,88,-0.022222,2026-06-28,revised
ADSK,2026-06-28,83,-0.056818,2026-07-05,revised
ADSK,2026-07-05,84,0.012048,2026-07-12,revised
ADSK,2026-07-12,69,-0.178571,2026-07-19,revised
ADSK,2026-07-19,75,0.086957,2026-07-26,revised
ADSK,2026-07-26,69,-0.08,2026-08-02,revised
ADSK,2026-08-02,62,-0.101449,2026-08-09,revised
ADSK,2026-08-09,62,0.0,2026-08-16,revised
ADSK,2026-08-16,62,0.0,2026-08-23,revised
ADSK,2026-08-23,60,-0.032258,2026-08-30,revised
ADSK,2026-08-30,64,0.066667,2026-09-06,revised
ADSK,2026-09-06,65,0.015625,2026-09-13,revised
ADSK,2026-09-13,67,0.030769,2026-09-20,revised
ADSK,2026-09-20,75,0.119403,2026-09-27,revised
ADSK,2026-09-27,57,-0.24,2026-10-09,vintage
ADSK,2026-10-04,63,0.105263,2026-10-11,revised
AEE,2025-10-12,66,0.064516,2025-10-19,revised
AEE,2025-10-19,74,0.121212,2025-10-26,revised
AEE,2025-10-26,62,-0.162162,2025-11-02,revised
AEE,2025-11-02,62,0.0,2025-11-09,revised
AEE,2025-11-09,61,-0.016129,2025-11-16,revised
AEE,2025-11-16,60,-0.016393,2025-11-23,revised
AEE,2025-11-23,52,-0.133333,2025-11-30,revised
AEE,2025-11-30,69,0.326923,2025-12-07,revised
AEE,2025-12-07,58,-0.15942,2025-12-14,revised
AEE,2025-12-14,61,0.051724,2025-12-21,revised
AEE,2025-12-21,40,-0.344262,2025-12-28,revised
AEE,2025-12-28,61,0.525,2026-01-04,revised
AEE,2026-01-04,61,0.0,2026-01-11,revised
AEE,2026-01-11,60,-0.016393,2026-01-18,revised
AEE,2026-01-18,57,-0.05,2026-01-25,revised
AEE,2026-01-25,61,0.070175,2026-02-01,revised
AEE,2026-02-01,66,0.081967,2026-02-08,revised
AEE,2026-02-08,58,-0.121212,2026-02-15,revised
AEE,2026-02-15,60,0.034483,2026-02-22,revised
AEE,2026-02-22,62,0.033333,2026-03-01,revised
AEE,2026-03-01,70,0.129032,2026-03-08,revised
AEE,2026-03-08,66,-0.057143,2026-03-15,revised
AEE,2026-03-15,70,0.060606,2026-03-22,revised
AEE,2026-03-22,62,-0.114286,2026-03-29,revised
AEE,2026-03-29,69,0.112903,2026-04-05,revised
AEE,2026-04-05,62,-0.101449,2026-04-12,revised
AEE,2026-04-12,75,0.209677,2026-04-19,revised
AEE,2026-04-19,67,-0.106667,2026-04-26,revised
AEE,2026-04-26,92,0.373134,2026-05-03,revised
AEE,2026-05-03,59,-0.358696,2026-05-10,revised
AEE,2026-05-10,58,-0.016949,2026-05-17,revised
AEE,2026-05-17,66,0.137931,2026-05-24,revised
AEE,2026-05-24,62,-0.060606,2026-05-31,revised
AEE,2026-05-31,74,0.193548,2026-06-07,revised
AEE,2026-06-07,100,0.351351,2026-06-14,revised
AEE,2026-06-14,78,-0.22,2026-06-21,revised
AEE,2026-06-21,62,-0.205128,2026-06-28,revised
AEE,2026-06-28,78,0.258065,2026-07-05,revised
AEE,2026-07-05,93,0.192308,2026-07-12,revised
AEE,2026-07-12,67,-0.27957,2026-07-19,revised
AEE,2026-07-19,81,0.208955,2026-07-26,revised
AEE,2026-07-26,79,-0.024691,2026-08-02,revised
AEE,2026-08-02,73,-0.075949,2026-08-09,revised
AEE,2026-08-09,100,0.369863,2026-08-16,revised
AEE,2026-08-16,75,-0.25,2026-08-23,revised
AEE,2026-08-23,71,-0.053333,2026-08-30,revised
AEE,2026-08-30,69,-0.028169,2026-09-06,revised
AEE,2026-09-06,60,-0.130435,2026-09-13,revised
AEE,2026-09-13,65,0.083333,2026-09-20,revised
AEE,2026-09-20,71,0.092308,2026-09-27,revised
AEE,2026-09-27,66,-0.070423,2026-10-09,vintage
AEE,2026-10-04,58,-0.121212,2026-10-11,revised
AEP,2025-10-12,28,0.076923,2025-10-19,revised
AEP,2025-10-19,32,0.142857,2025-10-26,revised
AEP,2025-10-26,35,0.09375,2025-11-02,revised
AEP,2025-11-02,25,-0.285714,2025-11-09,revised
AEP,2025-11-09,28,0.12,2025-11-16,revised
AEP,2025-11-16,27,-0.035714,2025-11-23,revised
AEP,2025-11-23,29,0.074074,2025-11-30,revised
AEP,2025-11-30,36,0.241379,2025-12-07,revised
AEP,2025-12-07,25,-0.305556,2025-12-14,revised
AEP,2025-12-14,30,0.2,2025-12-21,revised
AEP,2025-12-21,22,-0.266667,2025-12-28,revised
AEP,2025-12-28,22,0.0,2026-01-04,revised
AEP,2026-01-04,29,0.318182,2026-01-11,revised
AEP,2026-01-11,32,0.103448,2026-01-18,revised
AEP,2026-01-18,36,0.125,2026-01-25,revised
AEP,2026-01-25,42,0.166667,2026-02-01,revised
AEP,2026-02-01,40,-0.047619,2026-02-08,revised
AEP,2026-02-08,51,0.275,2026-02-15,revised
AEP,2026-02-15,55,0.078431,2026-02-22,revised
AEP,2026-02-22,49,-0.109091,2026-03-01,revised
AEP,2026-03-01,38,-0.22449,2026-03-08,revised
AEP,2026-03-08,42,0.105263,2026-03-15,revised
AEP,2026-03-15,36,-0.142857,2026-03-22,revised
AEP,2026-03-22,56,0.555556,2026-03-29,revised
AEP,2026-03-29,86,0.535714,2026-04-05,revised
AEP,2026-04-05,93,0.081395,2026-04-12,revised
AEP,2026-04-12,91,-0.021505,2026-04-19,revised
AEP,2026-04-19,87,-0.043956,2026-04-26,revised
AEP,2026-04-26,71,-0.183908,2026-05-03,revised
AEP,2026-05-03,85,0.197183,2026-05-10,revised
AEP,2026-05-10,100,0.176471,2026-05-17,revised
AEP,2026-05-17,92,-0.08,2026-05-24,revised
AEP,2026-05-24,78,-0.152174,2026-05-31,revised
AEP,2026-05-31,77,-0.012821,2026-06-07,revised
AEP,2026-06-07,76,-0.012987,2026-06-14,revised
AEP,2026-06-14,75,-0.013158,2026-06-21,revised
AEP,2026-06-21,66,-0.12,2026-06-28,revised
AEP,2026-06-28,45,-0.318182,2026-07-05,revised
AEP,2026-07-05,48,0.066667,2026-07-12,revised
AEP,2026-07-12,27,-0.4375,2026-07-19,revised
AEP,2026-07-19,37,0.37037,2026-07-26,revised
AEP,2026-07-26,32,-0.135135,2026-08-02,revised
AEP,2026-08-02,24,-0.25,2026-08-09,revised
AEP,2026-08-09,28,0.166667,2026-08-16,revised
AEP,2026-08-16,27,-0.035714,2026-08-23,revised
AEP,2026-08-23,35,0.296296,2026-08-30,revised
AEP,2026-08-30,38,0.085714,2026-09-06,revised
AEP,2026-09-06,35,-0.078947,2026-09-13,revised
AEP,2026-09-13,35,0.0,2026-09-20,revised
AEP,2026-09-20,48,0.371429,2026-09-27,revised
AEP,2026-09-27,14,-0.708333,2026-10-09,vintage
AEP,2026-10-04,12,-0.142857,2026-10-11,revised
AIG,2025-10-12,32,-0.085714,2025-10-19,revised
AIG,2025-10-19,31,-0.03125,2025-10-26,revised
AIG,2025-10-26,30,-0.032258,2025-11-02,revised
AIG,2025-11-02,34,0.133333,2025-11-09,revised
AIG,2025-11-09,36,0.058824,2025-11-16,revised
AIG,2025-11-16,43,0.194444,2025-11-23,revised
AIG,2025-11-23,46,0.069767,2025-11-30,revised
AIG,2025-11-30,49,0.065217,2025-12-07,revised
AIG,2025-12-07,41,-0.163265,2025-12-14,revised
AIG,2025-12-14,43,0.04878,2025-12-21,revised
AIG,2025-12-21,21,-0.511628,2025-12-28,revised
AIG,2025-12-28,23,0.095238,2026-01-04,revised
AIG,2026-01-04,31,0.347826,2026-01-11,revised
AIG,2026-01-11,39,0.258065,2026-01-18,revised
AIG,2026-01-18,56,0.435897,2026-01-25,revised
AIG,2026-01-25,61,0.089286,2026-02-01,revised
AIG,2026-02-01,63,0.032787,2026-02-08,revised
AIG,2026-02-08,56,-0.111111,2026-02-15,revised
AIG,2026-02-15,66,0.178571,2026-02-22,revised
AIG,2026-02-22,68,0.030303,2026-03-01,revised
AIG,2026-03-01,61,-0.102941,2026-03-08,revised
AIG,2026-03-08,48,-0.213115,2026-03-15,revised
AIG,2026-03-15,55,0.145833,2026-03-22,revised
AIG,2026-03-22,52,-0.054545,2026-03-29,revised
AIG,2026-03-29,64,0.230769,2026-04-05,revised
AIG,2026-04-05,53,-0.171875,2026-04-12,revised
AIG,2026-04-12,49,-0.075472,2026-04-19,revised
AIG,2026-04-19,59,0.204082,2026-04-26,revised
AIG,2026-04-26,60,0.016949,2026-05-03,revised
AIG,2026-05-03,66,0.1,2026-05-10,revised
AIG,2026-05-10,74,0.121212,2026-05-17,revised
AIG,2026-05-17,63,-0.148649,2026-05-24,revised
AIG,2026-05-24,65,0.031746,2026-05-31,revised
AIG,2026-05-31,91,0.4,2026-06-07,revised
AIG,2026-06-07,87,-0.043956,2026-06-14,revised
AIG,2026-06-14,81,-0.068966,2026-06-21,revised
AIG,2026-06-21,100,0.234568,2026-06-28,revised
AIG,2026-06-28,66,-0.34,2026-07-05,revised
AIG,2026-07-05,65,-0.015152,2026-07-12,revised
AIG,2026-07-12,40,-0.384615,2026-07-19,revised
AIG,2026-07-19,51,0.275,2026-07-26,revised
AIG,2026-07-26,38,-0.254902,2026-08-02,revised
AIG,2026-08-02,32,-0.157895,2026-08-09,revised
AIG,2026-08-09,32,0.0,2026-08-16,revised
AIG,2026-08-16,26,-0.1875,2026-08-23,revised
AIG,2026-08-23,38,0.461538,2026-08-30,revised
AIG,2026-08-30,36,-0.052632,2026-09-06,revised
AIG,2026-09-06,37,0.027778,2026-09-13,revised
AIG,2026-09-13,45,0.216216,2026-09-20,revised
AIG,2026-09-20,56,0.244444,2026-09-27,revised
AIG,2026-09-27,17,-0.696429,2026-10-09,vintage
AIG,2026-10-04,10,-0.411765,2026-10-11,revised
AIZ,2025-10-12,83,0.012195,2025-10-19,revised
AIZ,2025-10-19,74,-0.108434,2025-10-26,revised
AIZ,2025-10-26,79,0.067568,2025-11-02,revised
AIZ,2025-11-02,78,-0.012658,2025-11-09,revised
AIZ,2025-11-09,80,0.025641,2025-11-16,revised
AIZ,2025-11-16,76,-0.05,2025-11-23,revised
AIZ,2025-11-23,72,-0.052632,2025-11-30,revised
AIZ,2025-11-30,84,0.166667,2025-12-07,revised
AIZ,2025-12-07,78,-0.071429,2025-12-14,revised
AIZ,2025-12-14,79,0.012821,2025-12-21,revised
AIZ,2025-12-21,58,-0.265823,2025-12-28,revised
AIZ,2025-12-28,67,0.155172,2026-01-04,revised
AIZ,2026-01-04,79,0.179104,2026-01-11,revised
AIZ,2026-01-11,82,0.037975,2026-01-18,revised
AIZ,2026-01-18,72,-0.121951,2026-01-25,revised
AIZ,2026-01-25,82,0.138889,2026-02-01,revised
AIZ,2026-02-01,87,0.060976,2026-02-08,revised
AIZ,2026-02-08,79,-0.091954,2026-02-15,revised
AIZ,2026-02-15,78,-0.012658,2026-02-22,revised
AIZ,2026-02-22,77,-0.012821,2026-03-01,revised
AIZ,2026-03-01,92,0.194805,2026-03-08,revised
AIZ,2026-03-08,90,-0.021739,2026-03-15,revised
AIZ,2026-03-15,86,-0.044444,2026-03-22,revised
AIZ,2026-03-22,91,0.05814,2026-03-29,revised
AIZ,2026-03-29,95,0.043956,2026-04-05,revised
AIZ,2026-04-05,86,-0.094737,2026-04-12,revised
AIZ,2026-04-12,86,0.0,2026-04-19,revised
AIZ,2026-04-19,88,0.023256,2026-04-26,revised
AIZ,2026-04-26,86,-0.022727,2026-05-03,revised
AIZ,2026-05-03,85,-0.011628,2026-05-10,revised
AIZ,2026-05-10,85,0.0,2026-05-17,revised
AIZ,2026-05-17,87,0.023529,2026-05-24,revised
AIZ,2026-05-24,93,0.068966,2026-05-31,revised
AIZ,2026-05-31,100,0.075269,2026-06-07,revised
AIZ,2026-06-07,95,-0.05,2026-06-14,revised
AIZ,2026-06-14,91,-0.042105,2026-06-21,revised
AIZ,2026-06-21,89,-0.021978,2026-06-28,revised
AIZ,2026-06-28,89,0.0,2026-07-05,revised
AIZ,2026-07-05,100,0.123596,2026-07-12,revised
AIZ,2026-07-12,96,-0.04,2026-07-19,revised
AIZ,2026-07-19,99,0.03125,2026-07-26,revised
AIZ,2026-07-26,98,-0.010101,2026-08-02,revised
AIZ,2026-08-02,94,-0.040816,2026-08-09,revised
AIZ,2026-08-09,96,0.021277,2026-08-16,revised
AIZ,2026-08-16,96,0.0,2026-08-23,revised
AIZ,2026-08-23,87,-0.09375,2026-08-30,revised
AIZ,2026-08-30,85,-0.022989,2026-09-06,revised
AIZ,2026-09-06,78,-0.082353,2026-09-13,revised
AIZ,2026-09-13,88,0.128205,2026-09-20,revised
AIZ,2026-09-20,88,0.0,2026-09-27,revised
AIZ,2026-09-27,81,-0.079545,2026-10-09,vintage
AIZ,2026-10-04,78,-0.037037,2026-10-11,revised
AJG,2025-10-12,12,-0.2,2025-10-19,revised
AJG,2025-10-19,0,-1.0,2025-10-26,revised
AJG,2025-10-26,0,0.0,2025-11-02,revised
AJG,2025-11-02,0,0.0,2025-11-09,revised
AJG,2025-11-09,0,0.0,2025-11-16,revised
AJG,2025-11-16,14,0.0,2025-11-23,revised
AJG,2025-11-23,0,-1.0,2025-11-30,revised
AJG,2025-11-30,14,0.0,2025-12-07,revised
AJG,2025-12-07,0,-1.0,2025-12-14,revised
AJG,2025-12-14,17,0.0,2025-12-21,revised
AJG,2025-12-21,0,-1.0,2025-12-28,revised
AJG,2025-12-28,13,0.0,2026-01-04,revised
AJG,2026-01-04,14,0.076923,2026-01-11,revised
AJG,2026-01-11,0,-1.0,2026-01-18,revised
AJG,2026-01-18,13,0.0,2026-01-25,revised
AJG,2026-01-25,13,0.0,2026-02-01,revised
AJG,2026-02-01,23,0.769231,2026-02-08,revised
AJG,2026-02-08,14,-0.391304,2026-02-15,revised
AJG,2026-02-15,100,6.142857,2026-02-22,revised
AJG,2026-02-22,21,-0.79,2026-03-01,revised
AJG,2026-03-01,23,0.095238,2026-03-08,revised
AJG,2026-03-08,19,-0.173913,2026-03-15,revised
AJG,2026-03-15,20,0.052632,2026-03-22,revised
AJG,2026-03-22,21,0.05,2026-03-29,revised
AJG,2026-03-29,0,-1.0,2026-04-05,revised
AJG,2026-04-05,16,0.0,2026-04-12,revised
AJG,2026-04-12,20,0.25,2026-04-19,revised
AJG,2026-04-19,14,-0.3,2026-04-26,revised
AJG,2026-04-26,13,-0.071429,2026-05-03,revised
AJG,2026-05-03,17,0.307692,2026-05-10,revised
AJG,2026-05-10,17,0.0,2026-05-17,revised
AJG,2026-05-17,0,-1.0,2026-05-24,revised
AJG,2026-05-24,14,0.0,2026-05-31,revised
AJG,2026-05-31,15,0.071429,2026-06-07,revised
AJG,2026-06-07,31,1.066667,2026-06-14,revised
AJG,2026-06-14,26,-0.16129,2026-06-21,revised
AJG,2026-06-21,20,-0.230769,2026-06-28,revised
AJG,2026-06-28,20,0.0,2026-07-05,revised
AJG,2026-07-05,28,0.4,2026-07-12,revised
AJG,2026-07-12,13,-0.535714,2026-07-19,revised
AJG,2026-07-19,33,1.538462,2026-07-26,revised
AJG,2026-07-26,23,-0.30303,2026-08-02,revised
AJG,2026-08-02,19,-0.173913,2026-08-09,revised
AJG,2026-08-09,25,0.315789,2026-08-16,revised
AJG,2026-08-16,16,-0.36,2026-08-23,revised
AJG,2026-08-23,0,-1.0,2026-08-30,revised
AJG,2026-08-30,15,0.0,2026-09-06,revised
AJG,2026-09-06,17,0.133333,2026-09-13,revised
AJG,2026-09-13,0,-1.0,2026-09-20,revised
AJG,2026-09-20,2,0.0,2026-09-27,revised
AJG,2026-09-27,9,3.5,2026-10-09,vintage
AJG,2026-10-04,8,-0.111111,2026-10-11,revised
AKAM,2025-10-12,56,-0.081967,2025-10-19,revised
AKAM,2025-10-19,57,0.017857,2025-10-26,revised
AKAM,2025-10-26,65,0.140351,2025-11-02,revised
AKAM,2025-11-02,67,0.030769,2025-11-09,revised
AKAM,2025-11-09,68,0.014925,2025-11-16,revised
AKAM,2025-11-16,60,-0.117647,2025-11-23,revised
AKAM,2025-11-23,51,-0.15,2025-11-30,revised
AKAM,2025-11-30,55,0.078431,2025-12-07,revised
AKAM,2025-12-07,52,-0.054545,2025-12-14,revised
AKAM,2025-12-14,62,0.192308,2025-12-21,revised
AKAM,2025-12-21,39,-0.370968,2025-12-28,revised
AKAM,2025-12-28,38,-0.025641,2026-01-04,revised
AKAM,2026-01-04,42,0.105263,2026-01-11,revised
AKAM,2026-01-11,55,0.309524,2026-01-18,revised
AKAM,2026-01-18,51,-0.072727,2026-01-25,revised
AKAM,2026-01-25,49,-0.039216,2026-02-01,revised
AKAM,2026-02-01,60,0.22449,2026-02-08,revised
AKAM,2026-02-08,60,0.0,2026-02-15,revised
AKAM,2026-02-15,79,0.316667,2026-02-22,revised
AKAM,2026-02-22,87,0.101266,2026-03-01,revised
AKAM,2026-03-01,71,-0.183908,2026-03-08,revised
AKAM,2026-03-08,61,-0.140845,2026-03-15,revised
AKAM,2026-03-15,57,-0.065574,2026-03-22,revised
AKAM,2026-03-22,59,0.035088,2026-03-29,revised
AKAM,2026-03-29,54,-0.084746,2026-04-05,revised
AKAM,2026-04-05,76,0.407407,2026-04-12,revised
AKAM,2026-04-12,74,-0.026316,2026-04-19,revised
AKAM,2026-04-19,68,-0.081081,2026-04-26,revised
AKAM,2026-04-26,50,-0.264706,2026-05-03,revised
AKAM,2026-05-03,97,0.94,2026-05-10,revised
AKAM,2026-05-10,100,0.030928,2026-05-17,revised
AKAM,2026-05-17,77,-0.23,2026-05-24,revised
AKAM,2026-05-24,58,-0.246753,2026-05-31,revised
AKAM,2026-05-31,85,0.465517,2026-06-07,revised
AKAM,2026-06-07,83,-0.023529,2026-06-14,revised
AKAM,2026-06-14,76,-0.084337,2026-06-21,revised
AKAM,2026-06-21,84,0.105263,2026-06-28,revised
AKAM,2026-06-28,70,-0.166667,2026-07-05,revised
AKAM,2026-07-05,79,0.128571,2026-07-12,revised
AKAM,2026-07-12,64,-0.189873,2026-07-19,revised
AKAM,2026-07-19,72,0.125,2026-07-26,revised
AKAM,2026-07-26,74,0.027778,2026-08-02,revised
AKAM,2026-08-02,76,0.027027,2026-08-09,revised
AKAM,2026-08-09,67,-0.118421,2026-08-16,revised
AKAM,2026-08-16,51,-0.238806,2026-08-23,revised
AKAM,2026-08-23,44,-0.137255,2026-08-30,revised
AKAM,2026-08-30,51,0.159091,2026-09-06,revised
AKAM,2026-09-06,49,-0.039216,2026-09-13,revised
AKAM,2026-09-13,45,-0.081633,2026-09-20,revised
AKAM,2026-09-20,100,1.222222,2026-09-27,revised
AKAM,2026-09-27,52,-0.48,2026-10-09,vintage
AKAM,2026-10-04,41,-0.211538,2026-10-11,revised
ALB,2025-10-12,59,-0.144928,2025-10-19,revised
ALB,2025-10-19,57,-0.033898,2025-10-26,revised
ALB,2025-10-26,58,0.017544,2025-11-02,revised
ALB,2025-11-02,39,-0.327586,2025-11-09,revised
ALB,2025-11-09,50,0.282051,2025-11-16,revised
ALB,2025-11-16,64,0.28,2025-11-23,revised
ALB,2025-11-23,50,-0.21875,2025-11-30,revised
ALB,2025-11-30,41,-0.18,2025-12-07,revised
ALB,2025-12-07,40,-0.02439,2025-12-14,revised
ALB,2025-12-14,48,0.2,2025-12-21,revised
ALB,2025-12-21,35,-0.270833,2025-12-28,revised
ALB,2025-12-28,37,0.057143,2026-01-04,revised
ALB,2026-01-04,38,0.027027,2026-01-11,revised
ALB,2026-01-11,50,0.315789,2026-01-18,revised
ALB,2026-01-18,60,0.2,2026-01-25,revised
ALB,2026-01-25,83,0.383333,2026-02-01,revised
ALB,2026-02-01,61,-0.26506,2026-02-08,revised
ALB,2026-02-08,66,0.081967,2026-02-15,revised
ALB,2026-02-15,100,0.515152,2026-02-22,revised
ALB,2026-02-22,62,-0.38,2026-03-01,revised
ALB,2026-03-01,64,0.032258,2026-03-08,revised
ALB,2026-03-08,41,-0.359375,2026-03-15,revised
ALB,2026-03-15,60,0.463415,2026-03-22,revised
ALB,2026-03-22,45,-0.25,2026-03-29,revised
ALB,2026-03-29,55,0.222222,2026-04-05,revised
ALB,2026-04-05,41,-0.254545,2026-04-12,revised
ALB,2026-04-12,54,0.317073,2026-04-19,revised
ALB,2026-04-19,41,-0.240741,2026-04-26,revised
ALB,2026-04-26,43,0.04878,2026-05-03,revised
ALB,2026-05-03,62,0.44186,2026-05-10,revised
ALB,2026-05-10,48,-0.225806,2026-05-17,revised
ALB,2026-05-17,40,-0.166667,2026-05-24,revised
ALB,2026-05-24,49,0.225,2026-05-31,revised
ALB,2026-05-31,43,-0.122449,2026-06-07,revised
ALB,2026-06-07,49,0.139535,2026-06-14,revised
ALB,2026-06-14,46,-0.061224,2026-06-21,revised
ALB,2026-06-21,70,0.521739,2026-06-28,revised
ALB,2026-06-28,43,-0.385714,2026-07-05,revised
ALB,2026-07-05,34,-0.209302,2026-07-12,revised
ALB,2026-07-12,39,0.147059,2026-07-19,revised
ALB,2026-07-19,53,0.358974,2026-07-26,revised
ALB,2026-07-26,43,-0.188679,2026-08-02,revised
ALB,2026-08-02,50,0.162791,2026-08-09,revised
ALB,2026-08-09,20,-0.6,2026-08-16,revised
ALB,2026-08-16,21,0.05,2026-08-23,revised
ALB,2026-08-23,38,0.809524,2026-08-30,revised
ALB,2026-08-30,28,-0.263158,2026-09-06,revised
ALB,2026-09-06,39,0.392857,2026-09-13,revised
ALB,2026-09-13,36,-0.076923,2026-09-20,revised
ALB,2026-09-20,40,0.111111,2026-09-27,revised
ALB,2026-09-27,19,-0.525,2026-10-09,vintage
ALB,2026-10-04,24,0.263158,2026-10-11,revised
ALGN,2025-10-12,74,-0.063291,2025-10-19,revised
ALGN,2025-10-19,70,-0.054054,2025-10-26,revised
ALGN,2025-10-26,91,0.3,2025-11-02,revised
ALGN,2025-11-02,74,-0.186813,2025-11-09,revised
ALGN,2025-11-09,73,-0.013514,2025-11-16,revised
ALGN,2025-11-16,85,0.164384,2025-11-23,revised
ALGN,2025-11-23,84,-0.011765,2025-11-30,revised
ALGN,2025-11-30,63,-0.25,2025-12-07,revised
ALGN,2025-12-07,66,0.047619,2025-12-14,revised
ALGN,2025-12-14,64,-0.030303,2025-12-21,revised
ALGN,2025-12-21,28,-0.5625,2025-12-28,revised
ALGN,2025-12-28,33,0.178571,2026-01-04,revised
ALGN,2026-01-04,36,0.090909,2026-01-11,revised
ALGN,2026-01-11,50,0.388889,2026-01-18,revised
ALGN,2026-01-18,70,0.4,2026-01-25,revised
ALGN,2026-01-25,74,0.057143,2026-02-01,revised
ALGN,2026-02-01,100,0.351351,2026-02-08,revised
ALGN,2026-02-08,65,-0.35,2026-02-15,revised
ALGN,2026-02-15,75,0.153846,2026-02-22,revised
ALGN,2026-02-22,82,0.093333,2026-03-01,revised
ALGN,2026-03-01,86,0.04878,2026-03-08,revised
ALGN,2026-03-08,98,0.139535,2026-03-15,revised
ALGN,2026-03-15,82,-0.163265,2026-03-22,revised
ALGN,2026-03-22,74,-0.097561,2026-03-29,revised
ALGN,2026-03-29,75,0.013514,2026-04-05,revised
ALGN,2026-04-05,74,-0.013333,2026-04-12,revised
ALGN,2026-04-12,78,0.054054,2026-04-19,revised
ALGN,2026-04-19,97,0.24359,2026-04-26,revised
ALGN,2026-04-26,91,-0.061856,2026-05-03,revised
ALGN,2026-05-03,100,0.098901,2026-05-10,revised
ALGN,2026-05-10,86,-0.14,2026-05-17,revised
ALGN,2026-05-17,61,-0.290698,2026-05-24,revised
ALGN,2026-05-24,60,-0.016393,2026-05-31,revised
ALGN,2026-05-31,72,0.2,2026-06-07,revised
ALGN,2026-06-07,70,-0.027778,2026-06-14,revised
ALGN,2026-06-14,68,-0.028571,2026-06-21,revised
ALGN,2026-06-21,87,0.279412,2026-06-28,revised
ALGN,2026-06-28,66,-0.241379,2026-07-05,revised
ALGN,2026-07-05,65,-0.015152,2026-07-12,revised
ALGN,2026-07-12,51,-0.215385,2026-07-19,revised
ALGN,2026-07-19,57,0.117647,2026-07-26,revised
ALGN,2026-07-26,60,0.052632,2026-08-02,revised
ALGN,2026-08-02,48,-0.2,2026-08-09,revised
ALGN,2026-08-09,50,0.041667,2026-08-16,revised
ALGN,2026-08-16,38,-0.24,2026-08-23,revised
ALGN,2026-08-23,41,0.078947,2026-08-30,revised
ALGN,2026-08-30,53,0.292683,2026-09-06,revised
ALGN,2026-09-06,62,0.169811,2026-09-13,revised
ALGN,2026-09-13,58,-0.064516,2026-09-20,revised
ALGN,2026-09-20,76,0.310345,2026-09-27,revised
ALGN,2026-09-27,28,-0.631579,2026-10-09,vintage
ALGN,2026-10-04,25,-0.107143,2026-10-11,revised
AMAT,2025-10-12,29,0.0,2025-10-19,revised
AMAT,2025-10-19,31,0.068966,2025-10-26,revised
AMAT,2025-10-26,29,-0.064516,2025-11-02,revised
AMAT,2025-11-02,27,-0.068966,2025-11-09,revised
AMAT,2025-11-09,33,0.222222,2025-11-16,revised
AMAT,2025-11-16,29,-0.121212,2025-11-23,revised
AMAT,2025-11-23,29,0.0,2025-11-30,revised
AMAT,2025-11-30,33,0.137931,2025-12-07,revised
AMAT,2025-12-07,25,-0.242424,2025-12-14,revised
AMAT,2025-12-14,26,0.04,2025-12-21,revised
AMAT,2025-12-21,17,-0.346154,2025-12-28,revised
AMAT,2025-12-28,17,0.0,2026-01-04,revised
AMAT,2026-01-04,24,0.411765,2026-01-11,revised
AMAT,2026-01-11,29,0.208333,2026-01-18,revised
AMAT,2026-01-18,31,0.068966,2026-01-25,revised
AMAT,2026-01-25,35,0.129032,2026-02-01,revised
AMAT,2026-02-01,35,0.0,2026-02-08,revised
AMAT,2026-02-08,45,0.285714,2026-02-15,revised
AMAT,2026-02-15,38,-0.155556,2026-02-22,revised
AMAT,2026-02-22,43,0.131579,2026-03-01,revised
AMAT,2026-03-01,32,-0.255814,2026-03-08,revised
AMAT,2026-03-08,40,0.25,2026-03-15,revised
AMAT,2026-03-15,42,0.05,2026-03-22,revised
AMAT,2026-03-22,40,-0.047619,2026-03-29,revised
AMAT,2026-03-29,42,0.05,2026-04-05,revised
AMAT,2026-04-05,38,-0.095238,2026-04-12,revised
AMAT,2026-04-12,43,0.131579,2026-04-19,revised
AMAT,2026-04-19,40,-0.069767,2026-04-26,revised
AMAT,2026-04-26,43,0.075,2026-05-03,revised
AMAT,2026-05-03,59,0.372093,2026-05-10,revised
AMAT,2026-05-10,71,0.20339,2026-05-17,revised
AMAT,2026-05-17,46,-0.352113,2026-05-24,revised
AMAT,2026-05-24,47,0.021739,2026-05-31,revised
AMAT,2026-05-31,53,0.12766,2026-06-07,revised
AMAT,2026-06-07,52,-0.018868,2026-06-14,revised
AMAT,2026-06-14,54,0.038462,2026-06-21,revised
AMAT,2026-06-21,61,0.12963,2026-06-28,revised
AMAT,2026-06-28,68,0.114754,2026-07-05,revised
AMAT,2026-07-05,57,-0.161765,2026-07-12,revised
AMAT,2026-07-12,39,-0.315789,2026-07-19,revised
AMAT,2026-07-19,39,0.0,2026-07-26,revised
AMAT,2026-07-26,38,-0.025641,2026-08-02,revised
AMAT,2026-08-02,37,-0.026316,2026-08-09,revised
AMAT,2026-08-09,100,1.702703,2026-08-16,revised
AMAT,2026-08-16,40,-0.6,2026-08-23,revised
AMAT,2026-08-23,29,-0.275,2026-08-30,revised
AMAT,2026-08-30,32,0.103448,2026-09-06,revised
AMAT,2026-09-06,29,-0.09375,2026-09-13,revised
AMAT,2026-09-13,35,0.206897,2026-09-20,revised
AMAT,2026-09-20,35,0.0,2026-09-27,revised
AMAT,2026-09-27,20,-0.428571,2026-10-09,vintage
AMAT,2026-10-04,19,-0.05,2026-10-11,revised
AMCR,2025-10-12,74,-0.097561,2025-10-19,revised
AMCR,2025-10-19,78,0.054054,2025-10-26,revised
AMCR,2025-10-26,75,-0.038462,2025-11-02,revised
AMCR,2025-11-02,85,0.133333,2025-11-09,revised
AMCR,2025-11-09,75,-0.117647,2025-11-16,revised
AMCR,2025-11-16,76,0.013333,2025-11-23,revised
AMCR,2025-11-23,72,-0.052632,2025-11-30,revised
AMCR,2025-11-30,77,0.069444,2025-12-07,revised
AMCR,2025-12-07,69,-0.103896,2025-12-14,revised
AMCR,2025-12-14,66,-0.043478,2025-12-21,revised
AMCR,2025-12-21,45,-0.318182,2025-12-28,revised
AMCR,2025-12-28,44,-0.022222,2026-01-04,revised
AMCR,2026-01-04,69,0.568182,2026-01-11,revised
AMCR,2026-01-11,99,0.434783,2026-01-18,revised
AMCR,2026-01-18,87,-0.121212,2026-01-25,revised
AMCR,2026-01-25,83,-0.045977,2026-02-01,revised
AMCR,2026-02-01,95,0.144578,2026-02-08,revised
AMCR,2026-02-08,87,-0.084211,2026-02-15,revised
AMCR,2026-02-15,92,0.057471,2026-02-22,revised
AMCR,2026-02-22,72,-0.217391,2026-03-01,revised
AMCR,2026-03-01,78,0.083333,2026-03-08,revised
AMCR,2026-03-08,85,0.089744,2026-03-15,revised
AMCR,2026-03-15,84,-0.011765,2026-03-22,revised
AMCR,2026-03-22,79,-0.059524,2026-03-29,revised
AMCR,2026-03-29,73,-0.075949,2026-04-05,revised
AMCR,2026-04-05,76,0.041096,2026-04-12,revised
AMCR,2026-04-12,80,0.052632,2026-04-19,revised
AMCR,2026-04-19,84,0.05,2026-04-26,revised
AMCR,2026-04-26,67,-0.202381,2026-05-03,revised
AMCR,2026-05-03,84,0.253731,2026-05-10,revised
AMCR,2026-05-10,76,-0.095238,2026-05-17,revised
AMCR,2026-05-17,76,0.0,2026-05-24,revised
AMCR,2026-05-24,80,0.052632,2026-05-31,revised
AMCR,2026-05-31,76,-0.05,2026-06-07,revised
AMCR,2026-06-07,83,0.092105,2026-06-14,revised
AMCR,2026-06-14,85,0.024096,2026-06-21,revised
AMCR,2026-06-21,100,0.176471,2026-06-28,revised
AMCR,2026-06-28,86,-0.14,2026-07-05,revised
AMCR,2026-07-05,90,0.046512,2026-07-12,revised
AMCR,2026-07-12,78,-0.133333,2026-07-19,revised
AMCR,2026-07-19,86,0.102564,2026-07-26,revised
AMCR,2026-07-26,78,-0.093023,2026-08-02,revised
AMCR,2026-08-02,75,-0.038462,2026-08-09,revised
AMCR,2026-08-09,83,0.106667,2026-08-16,revised
AMCR,2026-08-16,68,-0.180723,2026-08-23,revised
AMCR,2026-08-23,68,0.0,2026-08-30,revised
AMCR,2026-08-30,75,0.102941,2026-09-06,revised
AMCR,2026-09-06,69,-0.08,2026-09-13,revised
AMCR,2026-09-13,89,0.289855,2026-09-20,revised
AMCR,2026-09-20,85,-0.044944,2026-09-27,revised
AMCR,2026-09-27,66,-0.223529,2026-10-09,vintage
AMCR,2026-10-04,62,-0.060606,2026-10-11,revised
AMD,2025-10-12,0,-1.0,2025-10-19,revised
AMD,2025-10-19,68,0.0,2025-10-26,revised
AMD,2025-10-26,0,-1.0,2025-11-02,revised
AMD,2025-11-02,0,0.0,2025-11-09,revised
AMD,2025-11-09,0,0.0,2025-11-16,revised
AMD,2025-11-16,0,0.0,2025-11-23,revised
AMD,2025-11-23,0,0.0,2025-11-30,revised
AMD,2025-11-30,0,0.0,2025-12-07,revised
AMD,2025-12-07,0,0.0,2025-12-14,revised
AMD,2025-12-14,0,0.0,2025-12-21,revised
AMD,2025-12-21,0,0.0,2025-12-28,revised
AMD,2025-12-28,72,0.0,2026-01-04,revised
AMD,2026-01-04,0,-1.0,2026-01-11,revised
AMD,2026-01-11,0,0.0,2026-01-18,revised
AMD,2026-01-18,0,0.0,2026-01-25,revised
AMD,2026-01-25,0,0.0,2026-02-01,revised
AMD,2026-02-01,0,0.0,2026-02-08,revised
AMD,2026-02-08,65,0.0,2026-02-15,revised
AMD,2026-02-15,0,-1.0,2026-02-22,revised
AMD,2026-02-22,0,0.0,2026-03-01,revised
AMD,2026-03-01,0,0.0,2026-03-08,revised
AMD,2026-03-08,0,0.0,2026-03-15,revised
AMD,2026-03-15,0,0.0,2026-03-22,revised
AMD,2026-03-22,0,0.0,2026-03-29,revised
AMD,2026-03-29,0,0.0,2026-04-05,revised
AMD,2026-04-05,0,0.0,2026-04-12,revised
AMD,2026-04-12,90,0.0,2026-04-19,revised
AMD,2026-04-19,0,-1.0,2026-04-26,revised
AMD,2026-04-26,0,0.0,2026-05-03,revised
AMD,2026-05-03,92,0.0,2026-05-10,revised
AMD,2026-05-10,68,-0.26087,2026-05-17,revised
AMD,2026-05-17,0,-1.0,2026-05-24,revised
AMD,2026-05-24,0,0.0,2026-05-31,revised
AMD,2026-05-31,0,0.0,2026-06-07,revised
AMD,2026-06-07,0,0.0,2026-06-14,revised
AMD,2026-06-14,0,0.0,2026-06-21,revised
AMD,2026-06-21,69,0.0,2026-06-28,revised
AMD,2026-06-28,0,-1.0,2026-07-05,revised
AMD,2026-07-05,0,0.0,2026-07-12,revised
AMD,2026-07-12,0,0.0,2026-07-19,revised
AMD,2026-07-19,100,0.0,2026-07-26,revised
AMD,2026-07-26,67,-0.33,2026-08-02,revised
AMD,2026-08-02,0,-1.0,2026-08-09,revised
AMD,2026-08-09,0,0.0,2026-08-16,revised
AMD,2026-08-16,0,0.0,2026-08-23,revised
AMD,2026-08-23,0,0.0,2026-08-30,revised
AMD,2026-08-30,0,0.0,2026-09-06,revised
AMD,2026-09-06,0,0.0,2026-09-13,revised
AMD,2026-09-13,0,0.0,2026-09-20,revised
AMD,2026-09-20,14,0.0,2026-09-27,revised
AMD,2026-09-27,29,1.071429,2026-10-09,vintage
AMD,2026-10-04,21,-0.275862,2026-10-11,revised
AME,2025-10-12,66,0.137931,2025-10-19,revised
AME,2025-10-19,66,0.0,2025-10-26,revised
AME,2025-10-26,70,0.060606,2025-11-02,revised
AME,2025-11-02,69,-0.014286,2025-11-09,revised
AME,2025-11-09,63,-0.086957,2025-11-16,revised
AME,2025-11-16,68,0.079365,2025-11-23,revised
AME,2025-11-23,54,-0.205882,2025-11-30,revised
AME,2025-11-30,63,0.166667,2025-12-07,revised
AME,2025-12-07,60,-0.047619,2025-12-14,revised
AME,2025-12-14,63,0.05,2025-12-21,revised
AME,2025-12-21,36,-0.428571,2025-12-28,revised
AME,2025-12-28,36,0.0,2026-01-04,revised
AME,2026-01-04,59,0.638889,2026-01-11,revised
AME,2026-01-11,65,0.101695,2026-01-18,revised
AME,2026-01-18,70,0.076923,2026-01-25,revised
AME,2026-01-25,71,0.014286,2026-02-01,revised
AME,2026-02-01,77,0.084507,2026-02-08,revised
AME,2026-02-08,79,0.025974,2026-02-15,revised
AME,2026-02-15,89,0.126582,2026-02-22,revised
AME,2026-02-22,81,-0.089888,2026-03-01,revised
AME,2026-03-01,84,0.037037,2026-03-08,revised
AME,2026-03-08,84,0.0,2026-03-15,revised
AME,2026-03-15,83,-0.011905,2026-03-22,revised
AME,2026-03-22,88,0.060241,2026-03-29,revised
AME,2026-03-29,94,0.068182,2026-04-05,revised
AME,2026-04-05,91,-0.031915,2026-04-12,revised
AME,2026-04-12,88,-0.032967,2026-04-19,revised
AME,2026-04-19,96,0.090909,2026-04-26,revised
AME,2026-04-26,83,-0.135417,2026-05-03,revised
AME,2026-05-03,89,0.072289,2026-05-10,revised
AME,2026-05-10,95,0.067416,2026-05-17,revised
AME,2026-05-17,89,-0.063158,2026-05-24,revised
AME,2026-05-24,84,-0.05618,2026-05-31,revised
AME,2026-05-31,99,0.178571,2026-06-07,revised
AME,2026-06-07,92,-0.070707,2026-06-14,revised
AME,2026-06-14,85,-0.076087,2026-06-21,revised
AME,2026-06-21,97,0.141176,2026-06-28,revised
AME,2026-06-28,78,-0.195876,2026-07-05,revised
AME,2026-07-05,88,0.128205,2026-07-12,revised
AME,2026-07-12,74,-0.159091,2026-07-19,revised
AME,2026-07-19,90,0.216216,2026-07-26,revised
AME,2026-07-26,76,-0.155556,2026-08-02,revised
AME,2026-08-02,76,0.0,2026-08-09,revised
AME,2026-08-09,77,0.013158,2026-08-16,revised
AME,2026-08-16,75,-0.025974,2026-08-23,revised
AME,2026-08-23,74,-0.013333,2026-08-30,revised
AME,2026-08-30,89,0.202703,2026-09-06,revised
AME,2026-09-06,82,-0.078652,2026-09-13,revised
AME,2026-09-13,94,0.146341,2026-09-20,revised
AME,2026-09-20,100,0.06383,2026-09-27,revised
AME,2026-09-27,65,-0.35,2026-10-09,vintage
AME,2026-10-04,59,-0.092308,2026-10-11,revised
AMGN,2025-10-12,50,-0.038462,2025-10-19,revised
AMGN,2025-10-19,45,-0.1,2025-10-26,revised
AMGN,2025-10-26,52,0.155556,2025-11-02,revised
AMGN,2025-11-02,49,-0.057692,2025-11-09,revised
AMGN,2025-11-09,50,0.020408,2025-11-16,revised
AMGN,2025-11-16,47,-0.06,2025-11-23,revised
AMGN,2025-11-23,40,-0.148936,2025-11-30,revised
AMGN,2025-11-30,50,0.25,2025-12-07,revised
AMGN,2025-12-07,42,-0.16,2025-12-14,revised
AMGN,2025-12-14,43,0.02381,2025-12-21,revised
AMGN,2025-12-21,25,-0.418605,2025-12-28,revised
AMGN,2025-12-28,25,0.0,2026-01-04,revised
AMGN,2026-01-04,46,0.84,2026-01-11,revised
AMGN,2026-01-11,45,-0.021739,2026-01-18,revised
AMGN,2026-01-18,52,0.155556,2026-01-25,revised
AMGN,2026-01-25,52,0.0,2026-02-01,revised
AMGN,2026-02-01,63,0.211538,2026-02-08,revised
AMGN,2026-02-08,50,-0.206349,2026-02-15,revised
AMGN,2026-02-15,48,-0.04,2026-02-22,revised
AMGN,2026-02-22,47,-0.020833,2026-03-01,revised
AMGN,2026-03-01,49,0.042553,2026-03-08,revised
AMGN,2026-03-08,51,0.040816,2026-03-15,revised
AMGN,2026-03-15,49,-0.039216,2026-03-22,revised
AMGN,2026-03-22,48,-0.020408,2026-03-29,revised
AMGN,2026-03-29,50,0.041667,2026-04-05,revised
AMGN,2026-04-05,48,-0.04,2026-04-12,revised
AMGN,2026-04-12,46,-0.041667,2026-04-19,revised
AMGN,2026-04-19,48,0.043478,2026-04-26,revised
AMGN,2026-04-26,45,-0.0625,2026-05-03,revised
AMGN,2026-05-03,49,0.088889,2026-05-10,revised
AMGN,2026-05-10,48,-0.020408,2026-05-17,revised
AMGN,2026-05-17,50,0.041667,2026-05-24,revised
AMGN,2026-05-24,47,-0.06,2026-05-31,revised
AMGN,2026-05-31,48,0.021277,2026-06-07,revised
AMGN,2026-06-07,46,-0.041667,2026-06-14,revised
AMGN,2026-06-14,49,0.065217,2026-06-21,revised
AMGN,2026-06-21,51,0.040816,2026-06-28,revised
AMGN,2026-06-28,74,0.45098,2026-07-05,revised
AMGN,2026-07-05,62,-0.162162,2026-07-12,revised
AMGN,2026-07-12,49,-0.209677,2026-07-19,revised
AMGN,2026-07-19,59,0.204082,2026-07-26,revised
AMGN,2026-07-26,55,-0.067797,2026-08-02,revised
AMGN,2026-08-02,55,0.0,2026-08-09,revised
AMGN,2026-08-09,54,-0.018182,2026-08-16,revised
AMGN,2026-08-16,47,-0.12963,2026-08-23,revised
AMGN,2026-08-23,52,0.106383,2026-08-30,revised
AMGN,2026-08-30,52,0.0,2026-09-06,revised
AMGN,2026-09-06,100,0.923077,2026-09-13,revised
AMGN,2026-09-13,97,-0.03,2026-09-20,revised
AMGN,2026-09-20,78,-0.195876,2026-09-27,revised
AMGN,2026-09-27,39,-0.5,2026-10-09,vintage
AMGN,2026-10-04,34,-0.128205,2026-10-11,revised
AMP,2025-10-12,34,-0.105263,2025-10-19,revised
AMP,2025-10-19,33,-0.029412,2025-10-26,revised
AMP,2025-10-26,35,0.060606,2025-11-02,revised
AMP,2025-11-02,32,-0.085714,2025-11-09,revised
AMP,2025-11-09,37,0.15625,2025-11-16,revised
AMP,2025-11-16,31,-0.162162,2025-11-23,revised
AMP,2025-11-23,26,-0.16129,2025-11-30,revised
AMP,2025-11-30,33,0.269231,2025-12-07,revised
AMP,2025-12-07,32,-0.030303,2025-12-14,revised
AMP,2025-12-14,34,0.0625,2025-12-21,revised
AMP,2025-12-21,23,-0.323529,2025-12-28,revised
AMP,2025-12-28,31,0.347826,2026-01-04,revised
AMP,2026-01-04,41,0.322581,2026-01-11,revised
AMP,2026-01-11,40,-0.02439,2026-01-18,revised
AMP,2026-01-18,38,-0.05,2026-01-25,revised
AMP,2026-01-25,63,0.657895,2026-02-01,revised
AMP,2026-02-01,52,-0.174603,2026-02-08,revised
AMP,2026-02-08,64,0.230769,2026-02-15,revised
AMP,2026-02-15,66,0.03125,2026-02-22,revised
AMP,2026-02-22,66,0.0,2026-03-01,revised
AMP,2026-03-01,46,-0.30303,2026-03-08,revised
AMP,2026-03-08,44,-0.043478,2026-03-15,revised
AMP,2026-03-15,45,0.022727,2026-03-22,revised
AMP,2026-03-22,46,0.022222,2026-03-29,revised
AMP,2026-03-29,42,-0.086957,2026-04-05,revised
AMP,2026-04-05,64,0.52381,2026-04-12,revised
AMP,2026-04-12,80,0.25,2026-04-19,revised
AMP,2026-04-19,50,-0.375,2026-04-26,revised
AMP,2026-04-26,51,0.02,2026-05-03,revised
AMP,2026-05-03,53,0.039216,2026-05-10,revised
AMP,2026-05-10,55,0.037736,2026-05-17,revised
AMP,2026-05-17,45,-0.181818,2026-05-24,revised
AMP,2026-05-24,56,0.244444,2026-05-31,revised
AMP,2026-05-31,51,-0.089286,2026-06-07,revised
AMP,2026-06-07,71,0.392157,2026-06-14,revised
AMP,2026-06-14,88,0.239437,2026-06-21,revised
AMP,2026-06-21,64,-0.272727,2026-06-28,revised
AMP,2026-06-28,49,-0.234375,2026-07-05,revised
AMP,2026-07-05,47,-0.040816,2026-07-12,revised
AMP,2026-07-12,100,1.12766,2026-07-19,revised
AMP,2026-07-19,38,-0.62,2026-07-26,revised
AMP,2026-07-26,36,-0.052632,2026-08-02,revised
AMP,2026-08-02,36,0.0,2026-08-09,revised
AMP,2026-08-09,37,0.027778,2026-08-16,revised
AMP,2026-08-16,33,-0.108108,2026-08-23,revised
AMP,2026-08-23,37,0.121212,2026-08-30,revised
AMP,2026-08-30,43,0.162162,2026-09-06,revised
AMP,2026-09-06,32,-0.255814,2026-09-13,revised
AMP,2026-09-13,56,0.75,2026-09-20,revised
AMP,2026-09-20,38,-0.321429,2026-09-27,revised
AMP,2026-09-27,28,-0.263158,2026-10-09,vintage
AMP,2026-10-04,47,0.678571,2026-10-11,revised
AMT,2025-10-12,14,0.076923,2025-10-19,revised
AMT,2025-10-19,14,0.0,2025-10-26,revised
AMT,2025-10-26,15,0.071429,2025-11-02,revised
AMT,2025-11-02,17,0.133333,2025-11-09,revised
AMT,2025-11-09,20,0.176471,2025-11-16,revised
AMT,2025-11-16,20,0.0,2025-11-23,revised
AMT,2025-11-23,21,0.05,2025-11-30,revised
AMT,2025-11-30,17,-0.190476,2025-12-07,revised
AMT,2025-12-07,16,-0.058824,2025-12-14,revised
AMT,2025-12-14,19,0.1875,2025-12-21,revised
AMT,2025-12-21,10,-0.473684,2025-12-28,revised
AMT,2025-12-28,9,-0.1,2026-01-04,revised
AMT,2026-01-04,10,0.111111,2026-01-11,revised
AMT,2026-01-11,19,0.9,2026-01-18,revised
AMT,2026-01-18,31,0.631579,2026-01-25,revised
AMT,2026-01-25,29,-0.064516,2026-02-01,revised
AMT,2026-02-01,35,0.206897,2026-02-08,revised
AMT,2026-02-08,67,0.914286,2026-02-15,revised
AMT,2026-02-15,78,0.164179,2026-02-22,revised
AMT,2026-02-22,100,0.282051,2026-03-01,revised
AMT,2026-03-01,27,-0.73,2026-03-08,revised
AMT,2026-03-08,30,0.111111,2026-03-15,revised
AMT,2026-03-15,33,0.1,2026-03-22,revised
AMT,2026-03-22,34,0.030303,2026-03-29,revised
AMT,2026-03-29,42,0.235294,2026-04-05,revised
AMT,2026-04-05,39,-0.071429,2026-04-12,revised
AMT,2026-04-12,33,-0.153846,2026-04-19,revised
AMT,2026-04-19,26,-0.212121,2026-04-26,revised
AMT,2026-04-26,29,0.115385,2026-05-03,revised
AMT,2026-05-03,38,0.310345,2026-05-10,revised
AMT,2026-05-10,41,0.078947,2026-05-17,revised
AMT,2026-05-17,31,-0.243902,2026-05-24,revised
AMT,2026-05-24,32,0.032258,2026-05-31,revised
AMT,2026-05-31,30,-0.0625,2026-06-07,revised
AMT,2026-06-07,33,0.1,2026-06-14,revised
AMT,2026-06-14,35,0.060606,2026-06-21,revised
AMT,2026-06-21,33,-0.057143,2026-06-28,revised
AMT,2026-06-28,25,-0.242424,2026-07-05,revised
AMT,2026-07-05,26,0.04,2026-07-12,revised
AMT,2026-07-12,23,-0.115385,2026-07-19,revised
AMT,2026-07-19,27,0.173913,2026-07-26,revised
AMT,2026-07-26,22,-0.185185,2026-08-02,revised
AMT,2026-08-02,16,-0.272727,2026-08-09,revised
AMT,2026-08-09,18,0.125,2026-08-16,revised
AMT,2026-08-16,14,-0.222222,2026-08-23,revised
AMT,2026-08-23,14,0.0,2026-08-30,revised
AMT,2026-08-30,17,0.214286,2026-09-06,revised
AMT,2026-09-06,18,0.058824,2026-09-13,revised
AMT,2026-09-13,20,0.111111,2026-09-20,revised
AMT,2026-09-20,23,0.15,2026-09-27,revised
AMT,2026-09-27,7,-0.695652,2026-10-09,vintage
AMT,2026-10-04,4,-0.428571,2026-10-11,revised
AMZN,2025-10-12,17,0.307692,2025-10-19,revised
AMZN,2025-10-19,17,0.0,2025-10-26,revised
AMZN,2025-10-26,20,0.176471,2025-11-02,revised
AMZN,2025-11-02,17,-0.15,2025-11-09,revised
AMZN,2025-11-09,41,1.411765,2025-11-16,revised
AMZN,2025-11-16,63,0.536585,2025-11-23,revised
AMZN,2025-11-23,21,-0.666667,2025-11-30,revised
AMZN,2025-11-30,29,0.380952,2025-12-07,revised
AMZN,2025-12-07,14,-0.517241,2025-12-14,revised
AMZN,2025-12-14,19,0.357143,2025-12-21,revised
AMZN,2025-12-21,16,-0.157895,2025-12-28,revised
AMZN,2025-12-28,11,-0.3125,2026-01-04,revised
AMZN,2026-01-04,12,0.090909,2026-01-11,revised
AMZN,2026-01-11,28,1.333333,2026-01-18,revised
AMZN,2026-01-18,23,-0.178571,2026-01-25,revised
AMZN,2026-01-25,26,0.130435,2026-02-01,revised
AMZN,2026-02-01,44,0.692308,2026-02-08,revised
AMZN,2026-02-08,23,-0.477273,2026-02-15,revised
AMZN,2026-02-15,51,1.217391,2026-02-22,revised
AMZN,2026-02-22,46,-0.098039,2026-03-01,revised
AMZN,2026-03-01,31,-0.326087,2026-03-08,revised
AMZN,2026-03-08,28,-0.096774,2026-03-15,revised
AMZN,2026-03-15,28,0.0,2026-03-22,revised
AMZN,2026-03-22,32,0.142857,2026-03-29,revised
AMZN,2026-03-29,35,0.09375,2026-04-05,revised
AMZN,2026-04-05,29,-0.171429,2026-04-12,revised
AMZN,2026-04-12,34,0.172414,2026-04-19,revised
AMZN,2026-04-19,29,-0.147059,2026-04-26,revised
AMZN,2026-04-26,36,0.241379,2026-05-03,revised
AMZN,2026-05-03,30,-0.166667,2026-05-10,revised
AMZN,2026-05-10,35,0.166667,2026-05-17,revised
AMZN,2026-05-17,20,-0.428571,2026-05-24,revised
AMZN,2026-05-24,29,0.45,2026-05-31,revised
AMZN,2026-05-31,40,0.37931,2026-06-07,revised
AMZN,2026-06-07,45,0.125,2026-06-14,revised
AMZN,2026-06-14,45,0.0,2026-06-21,revised
AMZN,2026-06-21,60,0.333333,2026-06-28,revised
AMZN,2026-06-28,22,-0.633333,2026-07-05,revised
AMZN,2026-07-05,41,0.863636,2026-07-12,revised
AMZN,2026-07-12,15,-0.634146,2026-07-19,revised
AMZN,2026-07-19,40,1.666667,2026-07-26,revised
AMZN,2026-07-26,33,-0.175,2026-08-02,revised
AMZN,2026-08-02,30,-0.090909,2026-08-09,revised
AMZN,2026-08-09,25,-0.166667,2026-08-16,revised
AMZN,2026-08-16,88,2.52,2026-08-23,revised
AMZN,2026-08-23,53,-0.397727,2026-08-30,revised
AMZN,2026-08-30,55,0.037736,2026-09-06,revised
AMZN,2026-09-06,61,0.109091,2026-09-13,revised
AMZN,2026-09-13,78,0.278689,2026-09-20,revised
AMZN,2026-09-20,66,-0.153846,2026-09-27,revised
AMZN,2026-09-27,24,-0.636364,2026-10-09,vintage
AMZN,2026-10-04,100,3.166667,2026-10-11,revised
ANET,2025-10-12,47,0.021739,2025-10-19,revised
ANET,2025-10-19,38,-0.191489,2025-10-26,revised
ANET,2025-10-26,39,0.026316,2025-11-02,revised
ANET,2025-11-02,57,0.461538,2025-11-09,revised
ANET,2025-11-09,35,-0.385965,2025-11-16,revised
ANET,2025-11-16,35,0.0,2025-11-23,revised
ANET,2025-11-23,30,-0.142857,2025-11-30,revised
ANET,2025-11-30,34,0.133333,2025-12-07,revised
ANET,2025-12-07,29,-0.147059,2025-12-14,revised
ANET,2025-12-14,26,-0.103448,2025-12-21,revised
ANET,2025-12-21,22,-0.153846,2025-12-28,revised
ANET,2025-12-28,29,0.318182,2026-01-04,revised
ANET,2026-01-04,28,-0.034483,2026-01-11,revised
ANET,2026-01-11,29,0.035714,2026-01-18,revised
ANET,2026-01-18,34,0.172414,2026-01-25,revised
ANET,2026-01-25,34,0.0,2026-02-01,revised
ANET,2026-02-01,31,-0.088235,2026-02-08,revised
ANET,2026-02-08,46,0.483871,2026-02-15,revised
ANET,2026-02-15,45,-0.021739,2026-02-22,revised
ANET,2026-02-22,51,0.133333,2026-03-01,revised
ANET,2026-03-01,33,-0.352941,2026-03-08,revised
ANET,2026-03-08,37,0.121212,2026-03-15,revised
ANET,2026-03-15,33,-0.108108,2026-03-22,revised
ANET,2026-03-22,32,-0.030303,2026-03-29,revised
ANET,2026-03-29,38,0.1875,2026-04-05,revised
ANET,2026-04-05,41,0.078947,2026-04-12,revised
ANET,2026-04-12,40,-0.02439,2026-04-19,revised
ANET,2026-04-19,43,0.075,2026-04-26,revised
ANET,2026-04-26,41,-0.046512,2026-05-03,revised
ANET,2026-05-03,100,1.439024,2026-05-10,revised
ANET,2026-05-10,73,-0.27,2026-05-17,revised
ANET,2026-05-17,51,-0.30137,2026-05-24,revised
ANET,2026-05-24,62,0.215686,2026-05-31,revised
ANET,2026-05-31,77,0.241935,2026-06-07,revised
ANET,2026-06-07,49,-0.363636,2026-06-14,revised
ANET,2026-06-14,48,-0.020408,2026-06-21,revised
ANET,2026-06-21,48,0.0,2026-06-28,revised
ANET,2026-06-28,47,-0.020833,2026-07-05,revised
ANET,2026-07-05,56,0.191489,2026-07-12,revised
ANET,2026-07-12,41,-0.267857,2026-07-19,revised
ANET,2026-07-19,43,0.04878,2026-07-26,revised
ANET,2026-07-26,38,-0.116279,2026-08-02,revised
ANET,2026-08-02,64,0.684211,2026-08-09,revised
ANET,2026-08-09,48,-0.25,2026-08-16,revised
ANET,2026-08-16,33,-0.3125,2026-08-23,revised
ANET,2026-08-23,27,-0.181818,2026-08-30,revised
ANET,2026-08-30,24,-0.111111,2026-09-06,revised
ANET,2026-09-06,24,0.0,2026-09-13,revised
ANET,2026-09-13,27,0.125,2026-09-20,revised
ANET,2026-09-20,30,0.111111,2026-09-27,revised
ANET,2026-09-27,14,-0.533333,2026-10-09,vintage
ANET,2026-10-04,13,-0.071429,2026-10-11,revised
AOS,2025-10-12,16,0.066667,2025-10-19,revised
AOS,2025-10-19,32,1.0,2025-10-26,revised
AOS,2025-10-26,22,-0.3125,2025-11-02,revised
AOS,2025-11-02,19,-0.136364,2025-11-09,revised
AOS,2025-11-09,20,0.052632,2025-11-16,revised
AOS,2025-11-16,18,-0.1,2025-11-23,revised
AOS,2025-11-23,21,0.166667,2025-11-30,revised
AOS,2025-11-30,16,-0.238095,2025-12-07,revised
AOS,2025-12-07,17,0.0625,2025-12-14,revised
AOS,2025-12-14,20,0.176471,2025-12-21,revised
AOS,2025-12-21,12,-0.4,2025-12-28,revised
AOS,2025-12-28,13,0.083333,2026-01-04,revised
AOS,2026-01-04,14,0.076923,2026-01-11,revised
AOS,2026-01-11,15,0.071429,2026-01-18,revised
AOS,2026-01-18,25,0.666667,2026-01-25,revised
AOS,2026-01-25,20,-0.2,2026-02-01,revised
AOS,2026-02-01,22,0.1,2026-02-08,revised
AOS,2026-02-08,58,1.636364,2026-02-15,revised
AOS,2026-02-15,84,0.448276,2026-02-22,revised
AOS,2026-02-22,100,0.190476,2026-03-01,revised
AOS,2026-03-01,36,-0.64,2026-03-08,revised
AOS,2026-03-08,35,-0.027778,2026-03-15,revised
AOS,2026-03-15,26,-0.257143,2026-03-22,revised
AOS,2026-03-22,28,0.076923,2026-03-29,revised
AOS,2026-03-29,39,0.392857,2026-04-05,revised
AOS,2026-04-05,30,-0.230769,2026-04-12,revised
AOS,2026-04-12,31,0.033333,2026-04-19,revised
AOS,2026-04-19,30,-0.032258,2026-04-26,revised
AOS,2026-04-26,21,-0.3,2026-05-03,revised
AOS,2026-05-03,27,0.285714,2026-05-10,revised
AOS,2026-05-10,25,-0.074074,2026-05-17,revised
AOS,2026-05-17,21,-0.16,2026-05-24,revised
AOS,2026-05-24,18,-0.142857,2026-05-31,revised
AOS,2026-05-31,25,0.388889,2026-06-07,revised
AOS,2026-06-07,29,0.16,2026-06-14,revised
AOS,2026-06-14,34,0.172414,2026-06-21,revised
AOS,2026-06-21,30,-0.117647,2026-06-28,revised
AOS,2026-06-28,26,-0.133333,2026-07-05,revised
AOS,2026-07-05,35,0.346154,2026-07-12,revised
AOS,2026-07-12,21,-0.4,2026-07-19,revised
AOS,2026-07-19,25,0.190476,2026-07-26,revised
AOS,2026-07-26,24,-0.04,2026-08-02,revised
AOS,2026-08-02,19,-0.208333,2026-08-09,revised
AOS,2026-08-09,23,0.210526,2026-08-16,revised
AOS,2026-08-16,17,-0.26087,2026-08-23,revised
AOS,2026-08-23,17,0.0,2026-08-30,revised
AOS,2026-08-30,25,0.470588,2026-09-06,revised
AOS,2026-09-06,24,-0.04,2026-09-13,revised
AOS,2026-09-13,19,-0.208333,2026-09-20,revised
AOS,2026-09-20,33,0.736842,2026-09-27,revised
AOS,2026-09-27,8,-0.757576,2026-10-09,vintage
AOS,2026-10-04,8,0.0,2026-10-11,revised
APD,2025-10-12,25,-0.038462,2025-10-19,revised
APD,2025-10-19,26,0.04,2025-10-26,revised
APD,2025-10-26,24,-0.076923,2025-11-02,revised
APD,2025-11-02,25,0.041667,2025-11-09,revised
APD,2025-11-09,29,0.16,2025-11-16,revised
APD,2025-11-16,28,-0.034483,2025-11-23,revised
APD,2025-11-23,43,0.535714,2025-11-30,revised
APD,2025-11-30,49,0.139535,2025-12-07,revised
APD,2025-12-07,43,-0.122449,2025-12-14,revised
APD,2025-12-14,57,0.325581,2025-12-21,revised
APD,2025-12-21,37,-0.350877,2025-12-28,revised
APD,2025-12-28,37,0.0,2026-01-04,revised
APD,2026-01-04,35,-0.054054,2026-01-11,revised
APD,2026-01-11,43,0.228571,2026-01-18,revised
APD,2026-01-18,56,0.302326,2026-01-25,revised
APD,2026-01-25,59,0.053571,2026-02-01,revised
APD,2026-02-01,59,0.0,2026-02-08,revised
APD,2026-02-08,62,0.050847,2026-02-15,revised
APD,2026-02-15,63,0.016129,2026-02-22,revised
APD,2026-02-22,68,0.079365,2026-03-01,revised
APD,2026-03-01,62,-0.088235,2026-03-08,revised
APD,2026-03-08,53,-0.145161,2026-03-15,revised
APD,2026-03-15,63,0.188679,2026-03-22,revised
APD,2026-03-22,63,0.0,2026-03-29,revised
APD,2026-03-29,86,0.365079,2026-04-05,revised
APD,2026-04-05,85,-0.011628,2026-04-12,revised
APD,2026-04-12,88,0.035294,2026-04-19,revised
APD,2026-04-19,72,-0.181818,2026-04-26,revised
APD,2026-04-26,79,0.097222,2026-05-03,revised
APD,2026-05-03,93,0.177215,2026-05-10,revised
APD,2026-05-10,100,0.075269,2026-05-17,revised
APD,2026-05-17,73,-0.27,2026-05-24,revised
APD,2026-05-24,63,-0.136986,2026-05-31,revised
APD,2026-05-31,71,0.126984,2026-06-07,revised
APD,2026-06-07,66,-0.070423,2026-06-14,revised
APD,2026-06-14,72,0.090909,2026-06-21,revised
APD,2026-06-21,81,0.125,2026-06-28,revised
APD,2026-06-28,55,-0.320988,2026-07-05,revised
APD,2026-07-05,49,-0.109091,2026-07-12,revised
APD,2026-07-12,30,-0.387755,2026-07-19,revised
APD,2026-07-19,33,0.1,2026-07-26,revised
APD,2026-07-26,34,0.030303,2026-08-02,revised
APD,2026-08-02,25,-0.264706,2026-08-09,revised
APD,2026-08-09,29,0.16,2026-08-16,revised
APD,2026-08-16,26,-0.103448,2026-08-23,revised
APD,2026-08-23,31,0.192308,2026-08-30,revised
APD,2026-08-30,40,0.290323,2026-09-06,revised
APD,2026-09-06,42,0.05,2026-09-13,revised
APD,2026-09-13,46,0.095238,2026-09-20,revised
APD,2026-09-20,52,0.130435,2026-09-27,revised
APD,2026-09-27,16,-0.692308,2026-10-09,vintage
APD,2026-10-04,12,-0.25,2026-10-11,revised
APH,2025-10-12,64,0.032258,2025-10-19,revised
APH,2025-10-19,75,0.171875,2025-10-26,revised
APH,2025-10-26,70,-0.066667,2025-11-02,revised
APH,2025-11-02,69,-0.014286,2025-11-09,revised
APH,2025-11-09,65,-0.057971,2025-11-16,revised
APH,2025-11-16,67,0.030769,2025-11-23,revised
APH,2025-11-23,60,-0.104478,2025-11-30,revised
APH,2025-11-30,63,0.05,2025-12-07,revised
APH,2025-12-07,58,-0.079365,2025-12-14,revised
APH,2025-12-14,59,0.017241,2025-12-21,revised
APH,2025-12-21,36,-0.389831,2025-12-28,revised
APH,2025-12-28,33,-0.083333,2026-01-04,revised
APH,2026-01-04,54,0.636364,2026-01-11,revised
APH,2026-01-11,68,0.259259,2026-01-18,revised
APH,2026-01-18,65,-0.044118,2026-01-25,revised
APH,2026-01-25,81,0.246154,2026-02-01,revised
APH,2026-02-01,76,-0.061728,2026-02-08,revised
APH,2026-02-08,81,0.065789,2026-02-15,revised
APH,2026-02-15,87,0.074074,2026-02-22,revised
APH,2026-02-22,78,-0.103448,2026-03-01,revised
APH,2026-03-01,82,0.051282,2026-03-08,revised
APH,2026-03-08,83,0.012195,2026-03-15,revised
APH,2026-03-15,79,-0.048193,2026-03-22,revised
APH,2026-03-22,76,-0.037975,2026-03-29,revised
APH,2026-03-29,85,0.118421,2026-04-05,revised
APH,2026-04-05,89,0.047059,2026-04-12,revised
APH,2026-04-12,94,0.05618,2026-04-19,revised
APH,2026-04-19,87,-0.074468,2026-04-26,revised
APH,2026-04-26,78,-0.103448,2026-05-03,revised
APH,2026-05-03,84,0.076923,2026-05-10,revised
APH,2026-05-10,100,0.190476,2026-05-17,revised
APH,2026-05-17,91,-0.09,2026-05-24,revised
APH,2026-05-24,89,-0.021978,2026-05-31,revised
APH,2026-05-31,94,0.05618,2026-06-07,revised
APH,2026-06-07,91,-0.031915,2026-06-14,revised
APH,2026-06-14,83,-0.087912,2026-06-21,revised
APH,2026-06-21,87,0.048193,2026-06-28,revised
APH,2026-06-28,83,-0.045977,2026-07-05,revised
APH,2026-07-05,87,0.048193,2026-07-12,revised
APH,2026-07-12,73,-0.16092,2026-07-19,revised
APH,2026-07-19,81,0.109589,2026-07-26,revised
APH,2026-07-26,81,0.0,2026-08-02,revised
APH,2026-08-02,72,-0.111111,2026-08-09,revised
APH,2026-08-09,77,0.069444,2026-08-16,revised
APH,2026-08-16,82,0.064935,2026-08-23,revised
APH,2026-08-23,72,-0.121951,2026-08-30,revised
APH,2026-08-30,96,0.333333,2026-09-06,revised
APH,2026-09-06,75,-0.21875,2026-09-13,revised
APH,2026-09-13,83,0.106667,2026-09-20,revised
APH,2026-09-20,74,-0.108434,2026-09-27,revised
APH,2026-09-27,56,-0.243243,2026-10-09,vintage
APH,2026-10-04,58,0.035714,2026-10-11,revised
APO,2025-10-12,64,-0.015385,2025-10-19,revised
APO,2025-10-19,67,0.046875,2025-10-26,revised
APO,2025-10-26,57,-0.149254,2025-11-02,revised
APO,2025-11-02,65,0.140351,2025-11-09,revised
APO,2025-11-09,64,-0.015385,2025-11-16,revised
APO,2025-11-16,56,-0.125,2025-11-23,revised
APO,2025-11-23,52,-0.071429,2025-11-30,revised
APO,2025-11-30,62,0.192308,2025-12-07,revised
APO,2025-12-07,57,-0.080645,2025-12-14,revised
APO,2025-12-14,53,-0.070175,2025-12-21,revised
APO,2025-12-21,37,-0.301887,2025-12-28,revised
APO,2025-12-28,33,-0.108108,2026-01-04,revised
APO,2026-01-04,54,0.636364,2026-01-11,revised
APO,2026-01-11,47,-0.12963,2026-01-18,revised
APO,2026-01-18,58,0.234043,2026-01-25,revised
APO,2026-01-25,51,-0.12069,2026-02-01,revised
APO,2026-02-01,68,0.333333,2026-02-08,revised
APO,2026-02-08,96,0.411765,2026-02-15,revised
APO,2026-02-15,83,-0.135417,2026-02-22,revised
APO,2026-02-22,82,-0.012048,2026-03-01,revised
APO,2026-03-01,72,-0.121951,2026-03-08,revised
APO,2026-03-08,69,-0.041667,2026-03-15,revised
APO,2026-03-15,71,0.028986,2026-03-22,revised
APO,2026-03-22,85,0.197183,2026-03-29,revised
APO,2026-03-29,100,0.176471,2026-04-05,revised
APO,2026-04-05,76,-0.24,2026-04-12,revised
APO,2026-04-12,65,-0.144737,2026-04-19,revised
APO,2026-04-19,83,0.276923,2026-04-26,revised
APO,2026-04-26,55,-0.337349,2026-05-03,revised
APO,2026-05-03,61,0.109091,2026-05-10,revised
APO,2026-05-10,62,0.016393,2026-05-17,revised
APO,2026-05-17,59,-0.048387,2026-05-24,revised
APO,2026-05-24,55,-0.067797,2026-05-31,revised
APO,2026-05-31,71,0.290909,2026-06-07,revised
APO,2026-06-07,71,0.0,2026-06-14,revised
APO,2026-06-14,81,0.140845,2026-06-21,revised
APO,2026-06-21,63,-0.222222,2026-06-28,revised
APO,2026-06-28,63,0.0,2026-07-05,revised
APO,2026-07-05,69,0.095238,2026-07-12,revised
APO,2026-07-12,66,-0.043478,2026-07-19,revised
APO,2026-07-19,66,0.0,2026-07-26,revised
APO,2026-07-26,66,0.0,2026-08-02,revised
APO,2026-08-02,58,-0.121212,2026-08-09,revised
APO,2026-08-09,49,-0.155172,2026-08-16,revised
APO,2026-08-16,39,-0.204082,2026-08-23,revised
APO,2026-08-23,37,-0.051282,2026-08-30,revised
APO,2026-08-30,33,-0.108108,2026-09-06,revised
APO,2026-09-06,33,0.0,2026-09-13,revised
APO,2026-09-13,45,0.363636,2026-09-20,revised
APO,2026-09-20,36,-0.2,2026-09-27,revised
APO,2026-09-27,22,-0.388889,2026-10-09,vintage
APO,2026-10-04,21,-0.045455,2026-10-11,revised
APP,2025-10-12,54,-0.46,2025-10-19,revised
APP,2025-10-19,60,0.111111,2025-10-26,revised
APP,2025-10-26,43,-0.283333,2025-11-02,revised
APP,2025-11-02,58,0.348837,2025-11-09,revised
APP,2025-11-09,52,-0.103448,2025-11-16,revised
APP,2025-11-16,37,-0.288462,2025-11-23,revised
APP,2025-11-23,35,-0.054054,2025-11-30,revised
APP,2025-11-30,41,0.171429,2025-12-07,revised
APP,2025-12-07,37,-0.097561,2025-12-14,revised
APP,2025-12-14,34,-0.081081,2025-12-21,revised
APP,2025-12-21,25,-0.264706,2025-12-28,revised
APP,2025-12-28,28,0.12,2026-01-04,revised
APP,2026-01-04,31,0.107143,2026-01-11,revised
APP,2026-01-11,41,0.322581,2026-01-18,revised
APP,2026-01-18,50,0.219512,2026-01-25,revised
APP,2026-01-25,46,-0.08,2026-02-01,revised
APP,2026-02-01,56,0.217391,2026-02-08,revised
APP,2026-02-08,86,0.535714,2026-02-15,revised
APP,2026-02-15,57,-0.337209,2026-02-22,revised
APP,2026-02-22,45,-0.210526,2026-03-01,revised
APP,2026-03-01,50,0.111111,2026-03-08,revised
APP,2026-03-08,48,-0.04,2026-03-15,revised
APP,2026-03-15,45,-0.0625,2026-03-22,revised
APP,2026-03-22,41,-0.088889,2026-03-29,revised
APP,2026-03-29,70,0.707317,2026-04-05,revised
APP,2026-04-05,75,0.071429,2026-04-12,revised
APP,2026-04-12,49,-0.346667,2026-04-19,revised
APP,2026-04-19,44,-0.102041,2026-04-26,revised
APP,2026-04-26,45,0.022727,2026-05-03,revised
APP,2026-05-03,66,0.466667,2026-05-10,revised
APP,2026-05-10,49,-0.257576,2026-05-17,revised
APP,2026-05-17,43,-0.122449,2026-05-24,revised
APP,2026-05-24,60,0.395349,2026-05-31,revised
APP,2026-05-31,54,-0.1,2026-06-07,revised
APP,2026-06-07,49,-0.092593,2026-06-14,revised
APP,2026-06-14,46,-0.061224,2026-06-21,revised
APP,2026-06-21,49,0.065217,2026-06-28,revised
APP,2026-06-28,45,-0.081633,2026-07-05,revised
APP,2026-07-05,42,-0.066667,2026-07-12,revised
APP,2026-07-12,44,0.047619,2026-07-19,revised
APP,2026-07-19,41,-0.068182,2026-07-26,revised
APP,2026-07-26,40,-0.02439,2026-08-02,revised
APP,2026-08-02,94,1.35,2026-08-09,revised
APP,2026-08-09,91,-0.031915,2026-08-16,revised
APP,2026-08-16,57,-0.373626,2026-08-23,revised
APP,2026-08-23,47,-0.175439,2026-08-30,revised
APP,2026-08-30,51,0.085106,2026-09-06,revised
APP,2026-09-06,47,-0.078431,2026-09-13,revised
APP,2026-09-13,45,-0.042553,2026-09-20,revised
APP,2026-09-20,52,0.155556,2026-09-27,revised
APP,2026-09-27,42,-0.192308,2026-10-09,vintage
APP,2026-10-04,36,-0.142857,2026-10-11,revised
APTV,2025-10-12,61,0.016667,2025-10-19,revised
APTV,2025-10-19,70,0.147541,2025-10-26,revised
APTV,2025-10-26,64,-0.085714,2025-11-02,revised
APTV,2025-11-02,72,0.125,2025-11-09,revised
APTV,2025-11-09,65,-0.097222,2025-11-16,revised
APTV,2025-11-16,66,0.015385,2025-11-23,revised
APTV,2025-11-23,53,-0.19697,2025-11-30,revised
APTV,2025-11-30,66,0.245283,2025-12-07,revised
APTV,2025-12-07,59,-0.106061,2025-12-14,revised
APTV,2025-12-14,60,0.016949,2025-12-21,revised
APTV,2025-12-21,38,-0.366667,2025-12-28,revised
APTV,2025-12-28,35,-0.078947,2026-01-04,revised
APTV,2026-01-04,64,0.828571,2026-01-11,revised
APTV,2026-01-11,58,-0.09375,2026-01-18,revised
APTV,2026-01-18,64,0.103448,2026-01-25,revised
APTV,2026-01-25,78,0.21875,2026-02-01,revised
APTV,2026-02-01,76,-0.025641,2026-02-08,revised
APTV,2026-02-08,83,0.092105,2026-02-15,revised
APTV,2026-02-15,89,0.072289,2026-02-22,revised
APTV,2026-02-22,100,0.123596,2026-03-01,revised
APTV,2026-03-01,75,-0.25,2026-03-08,revised
APTV,2026-03-08,61,-0.186667,2026-03-15,revised
APTV,2026-03-15,71,0.163934,2026-03-22,revised
APTV,2026-03-22,77,0.084507,2026-03-29,revised
APTV,2026-03-29,89,0.155844,2026-04-05,revised
APTV,2026-04-05,85,-0.044944,2026-04-12,revised
APTV,2026-04-12,87,0.023529,2026-04-19,revised
APTV,2026-04-19,75,-0.137931,2026-04-26,revised
APTV,2026-04-26,67,-0.106667,2026-05-03,revised
APTV,2026-05-03,77,0.149254,2026-05-10,revised
APTV,2026-05-10,79,0.025974,2026-05-17,revised
APTV,2026-05-17,68,-0.139241,2026-05-24,revised
APTV,2026-05-24,72,0.058824,2026-05-31,revised
APTV,2026-05-31,80,0.111111,2026-06-07,revised
APTV,2026-06-07,72,-0.1,2026-06-14,revised
APTV,2026-06-14,79,0.097222,2026-06-21,revised
APTV,2026-06-21,90,0.139241,2026-06-28,revised
APTV,2026-06-28,75,-0.166667,2026-07-05,revised
APTV,2026-07-05,78,0.04,2026-07-12,revised
APTV,2026-07-12,60,-0.230769,2026-07-19,revised
APTV,2026-07-19,75,0.25,2026-07-26,revised
APTV,2026-07-26,70,-0.066667,2026-08-02,revised
APTV,2026-08-02,79,0.128571,2026-08-09,revised
APTV,2026-08-09,57,-0.278481,2026-08-16,revised
APTV,2026-08-16,49,-0.140351,2026-08-23,revised
APTV,2026-08-23,59,0.204082,2026-08-30,revised
APTV,2026-08-30,62,0.050847,2026-09-06,revised
APTV,2026-09-06,56,-0.096774,2026-09-13,revised
APTV,2026-09-13,64,0.142857,2026-09-20,revised
APTV,2026-09-20,66,0.03125,2026-09-27,revised
APTV,2026-09-27,47,-0.287879,2026-10-09,vintage
APTV,2026-10-04,45,-0.042553,2026-10-11,revised
ARE,2025-10-12,18,-0.333333,2025-10-19,revised
ARE,2025-10-19,12,-0.333333,2025-10-26,revised
ARE,2025-10-26,100,7.333333,2025-11-02,revised
ARE,2025-11-02,37,-0.63,2025-11-09,revised
ARE,2025-11-09,48,0.297297,2025-11-16,revised
ARE,2025-11-16,47,-0.020833,2025-11-23,revised
ARE,2025-11-23,35,-0.255319,2025-11-30,revised
ARE,2025-11-30,75,1.142857,2025-12-07,revised
ARE,2025-12-07,36,-0.52,2025-12-14,revised
ARE,2025-12-14,30,-0.166667,2025-12-21,revised
ARE,2025-12-21,20,-0.333333,2025-12-28,revised
ARE,2025-12-28,21,0.05,2026-01-04,revised
ARE,2026-01-04,40,0.904762,2026-01-11,revised
ARE,2026-01-11,29,-0.275,2026-01-18,revised
ARE,2026-01-18,31,0.068966,2026-01-25,revised
ARE,2026-01-25,34,0.096774,2026-02-01,revised
ARE,2026-02-01,20,-0.411765,2026-02-08,revised
ARE,2026-02-08,16,-0.2,2026-02-15,revised
ARE,2026-02-15,70,3.375,2026-02-22,revised
ARE,2026-02-22,45,-0.357143,2026-03-01,revised
ARE,2026-03-01,43,-0.044444,2026-03-08,revised
ARE,2026-03-08,28,-0.348837,2026-03-15,revised
ARE,2026-03-15,31,0.107143,2026-03-22,revised
ARE,2026-03-22,28,-0.096774,2026-03-29,revised
ARE,2026-03-29,45,0.607143,2026-04-05,revised
ARE,2026-04-05,20,-0.555556,2026-04-12,revised
ARE,2026-04-12,27,0.35,2026-04-19,revised
ARE,2026-04-19,23,-0.148148,2026-04-26,revised
ARE,2026-04-26,46,1.0,2026-05-03,revised
ARE,2026-05-03,21,-0.543478,2026-05-10,revised
ARE,2026-05-10,31,0.47619,2026-05-17,revised
ARE,2026-05-17,22,-0.290323,2026-05-24,revised
ARE,2026-05-24,22,0.0,2026-05-31,revised
ARE,2026-05-31,30,0.363636,2026-06-07,revised
ARE,2026-06-07,34,0.133333,2026-06-14,revised
ARE,2026-06-14,30,-0.117647,2026-06-21,revised
ARE,2026-06-21,27,-0.1,2026-06-28,revised
ARE,2026-06-28,19,-0.296296,2026-07-05,revised
ARE,2026-07-05,22,0.157895,2026-07-12,revised
ARE,2026-07-12,12,-0.454545,2026-07-19,revised
ARE,2026-07-19,35,1.916667,2026-07-26,revised
ARE,2026-07-26,25,-0.285714,2026-08-02,revised
ARE,2026-08-02,31,0.24,2026-08-09,revised
ARE,2026-08-09,24,-0.225806,2026-08-16,revised
ARE,2026-08-16,24,0.0,2026-08-23,revised
ARE,2026-08-23,13,-0.458333,2026-08-30,revised
ARE,2026-08-30,12,-0.076923,2026-09-06,revised
ARE,2026-09-06,21,0.75,2026-09-13,revised
ARE,2026-09-13,20,-0.047619,2026-09-20,revised
ARE,2026-09-20,18,-0.1,2026-09-27,revised
ARE,2026-09-27,8,-0.555556,2026-10-09,vintage
ARE,2026-10-04,5,-0.375,2026-10-11,revised
ARES,2025-10-12,63,0.086207,2025-10-19,revised
ARES,2025-10-19,54,-0.142857,2025-10-26,revised
ARES,2025-10-26,51,-0.055556,2025-11-02,revised
ARES,2025-11-02,55,0.078431,2025-11-09,revised
ARES,2025-11-09,48,-0.127273,2025-11-16,revised
ARES,2025-11-16,47,-0.020833,2025-11-23,revised
ARES,2025-11-23,47,0.0,2025-11-30,revised
ARES,2025-11-30,54,0.148936,2025-12-07,revised
ARES,2025-12-07,62,0.148148,2025-12-14,revised
ARES,2025-12-14,45,-0.274194,2025-12-21,revised
ARES,2025-12-21,28,-0.377778,2025-12-28,revised
ARES,2025-12-28,33,0.178571,2026-01-04,revised
ARES,2026-01-04,43,0.30303,2026-01-11,revised
ARES,2026-01-11,55,0.27907,2026-01-18,revised
ARES,2026-01-18,55,0.0,2026-01-25,revised
ARES,2026-01-25,57,0.036364,2026-02-01,revised
ARES,2026-02-01,71,0.245614,2026-02-08,revised
ARES,2026-02-08,63,-0.112676,2026-02-15,revised
ARES,2026-02-15,88,0.396825,2026-02-22,revised
ARES,2026-02-22,79,-0.102273,2026-03-01,revised
ARES,2026-03-01,88,0.113924,2026-03-08,revised
ARES,2026-03-08,88,0.0,2026-03-15,revised
ARES,2026-03-15,93,0.056818,2026-03-22,revised
ARES,2026-03-22,98,0.053763,2026-03-29,revised
ARES,2026-03-29,100,0.020408,2026-04-05,revised
ARES,2026-04-05,89,-0.11,2026-04-12,revised
ARES,2026-04-12,83,-0.067416,2026-04-19,revised
ARES,2026-04-19,86,0.036145,2026-04-26,revised
ARES,2026-04-26,87,0.011628,2026-05-03,revised
ARES,2026-05-03,83,-0.045977,2026-05-10,revised
ARES,2026-05-10,88,0.060241,2026-05-17,revised
ARES,2026-05-17,72,-0.181818,2026-05-24,revised
ARES,2026-05-24,65,-0.097222,2026-05-31,revised
ARES,2026-05-31,78,0.2,2026-06-07,revised
ARES,2026-06-07,70,-0.102564,2026-06-14,revised
ARES,2026-06-14,81,0.157143,2026-06-21,revised
ARES,2026-06-21,87,0.074074,2026-06-28,revised
ARES,2026-06-28,72,-0.172414,2026-07-05,revised
ARES,2026-07-05,92,0.277778,2026-07-12,revised
ARES,2026-07-12,62,-0.326087,2026-07-19,revised
ARES,2026-07-19,74,0.193548,2026-07-26,revised
ARES,2026-07-26,73,-0.013514,2026-08-02,revised
ARES,2026-08-02,62,-0.150685,2026-08-09,revised
ARES,2026-08-09,57,-0.080645,2026-08-16,revised
ARES,2026-08-16,60,0.052632,2026-08-23,revised
ARES,2026-08-23,57,-0.05,2026-08-30,revised
ARES,2026-08-30,52,-0.087719,2026-09-06,revised
ARES,2026-09-06,51,-0.019231,2026-09-13,revised
ARES,2026-09-13,65,0.27451,2026-09-20,revised
ARES,2026-09-20,72,0.107692,2026-09-27,revised
ARES,2026-09-27,35,-0.513889,2026-10-09,vintage
ARES,2026-10-04,28,-0.2,2026-10-11,revised
ATO,2025-10-12,67,0.0,2025-10-19,revised
ATO,2025-10-19,67,0.0,2025-10-26,revised
ATO,2025-10-26,67,0.0,2025-11-02,revised
ATO,2025-11-02,69,0.029851,2025-11-09,revised
ATO,2025-11-09,74,0.072464,2025-11-16,revised
ATO,2025-11-16,67,-0.094595,2025-11-23,revised
ATO,2025-11-23,63,-0.059701,2025-11-30,revised
ATO,2025-11-30,94,0.492063,2025-12-07,revised
ATO,2025-12-07,77,-0.180851,2025-12-14,revised
ATO,2025-12-14,76,-0.012987,2025-12-21,revised
ATO,2025-12-21,65,-0.144737,2025-12-28,revised
ATO,2025-12-28,89,0.369231,2026-01-04,revised
ATO,2026-01-04,83,-0.067416,2026-01-11,revised
ATO,2026-01-11,83,0.0,2026-01-18,revised
ATO,2026-01-18,84,0.012048,2026-01-25,revised
ATO,2026-01-25,85,0.011905,2026-02-01,revised
ATO,2026-02-01,90,0.058824,2026-02-08,revised
ATO,2026-02-08,80,-0.111111,2026-02-15,revised
ATO,2026-02-15,80,0.0,2026-02-22,revised
ATO,2026-02-22,100,0.25,2026-03-01,revised
ATO,2026-03-01,100,0.0,2026-03-08,revised
ATO,2026-03-08,83,-0.17,2026-03-15,revised
ATO,2026-03-15,85,0.024096,2026-03-22,revised
ATO,2026-03-22,80,-0.058824,2026-03-29,revised
ATO,2026-03-29,87,0.0875,2026-04-05,revised
ATO,2026-04-05,87,0.0,2026-04-12,revised
ATO,2026-04-12,87,0.0,2026-04-19,revised
ATO,2026-04-19,84,-0.034483,2026-04-26,revised
ATO,2026-04-26,79,-0.059524,2026-05-03,revised
ATO,2026-05-03,81,0.025316,2026-05-10,revised
ATO,2026-05-10,80,-0.012346,2026-05-17,revised
ATO,2026-05-17,80,0.0,2026-05-24,revised
ATO,2026-05-24,81,0.0125,2026-05-31,revised
ATO,2026-05-31,87,0.074074,2026-06-07,revised
ATO,2026-06-07,79,-0.091954,2026-06-14,revised
ATO,2026-06-14,73,-0.075949,2026-06-21,revised
ATO,2026-06-21,73,0.0,2026-06-28,revised
ATO,2026-06-28,76,0.041096,2026-07-05,revised
ATO,2026-07-05,76,0.0,2026-07-12,revised
ATO,2026-07-12,66,-0.131579,2026-07-19,revised
ATO,2026-07-19,77,0.166667,2026-07-26,revised
ATO,2026-07-26,69,-0.103896,2026-08-02,revised
ATO,2026-08-02,71,0.028986,2026-08-09,revised
ATO,2026-08-09,68,-0.042254,2026-08-16,revised
ATO,2026-08-16,63,-0.073529,2026-08-23,revised
ATO,2026-08-23,64,0.015873,2026-08-30,revised
ATO,2026-08-30,68,0.0625,2026-09-06,revised
ATO,2026-09-06,66,-0.029412,2026-09-13,revised
ATO,2026-09-13,67,0.015152,2026-09-20,revised
ATO,2026-09-20,70,0.044776,2026-09-27,revised
ATO,2026-09-27,71,0.014286,2026-10-09,vintage
ATO,2026-10-04,60,-0.15493,2026-10-11,revised
AVGO,2025-10-12,12,0.333333,2025-10-19,revised
AVGO,2025-10-19,9,-0.25,2025-10-26,revised
AVGO,2025-10-26,12,0.333333,2025-11-02,revised
AVGO,2025-11-02,10,-0.166667,2025-11-09,revised
AVGO,2025-11-09,10,0.0,2025-11-16,revised
AVGO,2025-11-16,12,0.2,2025-11-23,revised
AVGO,2025-11-23,13,0.083333,2025-11-30,revised
AVGO,2025-11-30,13,0.0,2025-12-07,revised
AVGO,2025-12-07,18,0.384615,2025-12-14,revised
AVGO,2025-12-14,11,-0.388889,2025-12-21,revised
AVGO,2025-12-21,6,-0.454545,2025-12-28,revised
AVGO,2025-12-28,5,-0.166667,2026-01-04,revised
AVGO,2026-01-04,7,0.4,2026-01-11,revised
AVGO,2026-01-11,8,0.142857,2026-01-18,revised
AVGO,2026-01-18,10,0.25,2026-01-25,revised
AVGO,2026-01-25,8,-0.2,2026-02-01,revised
AVGO,2026-02-01,16,1.0,2026-02-08,revised
AVGO,2026-02-08,12,-0.25,2026-02-15,revised
AVGO,2026-02-15,23,0.916667,2026-02-22,revised
AVGO,2026-02-22,26,0.130435,2026-03-01,revised
AVGO,2026-03-01,22,-0.153846,2026-03-08,revised
AVGO,2026-03-08,16,-0.272727,2026-03-15,revised
AVGO,2026-03-15,18,0.125,2026-03-22,revised
AVGO,2026-03-22,15,-0.166667,2026-03-29,revised
AVGO,2026-03-29,13,-0.133333,2026-04-05,revised
AVGO,2026-04-05,13,0.0,2026-04-12,revised
AVGO,2026-04-12,14,0.076923,2026-04-19,revised
AVGO,2026-04-19,14,0.0,2026-04-26,revised
AVGO,2026-04-26,13,-0.071429,2026-05-03,revised
AVGO,2026-05-03,19,0.461538,2026-05-10,revised
AVGO,2026-05-10,22,0.157895,2026-05-17,revised
AVGO,2026-05-17,10,-0.545455,2026-05-24,revised
AVGO,2026-05-24,19,0.9,2026-05-31,revised
AVGO,2026-05-31,100,4.263158,2026-06-07,revised
AVGO,2026-06-07,19,-0.81,2026-06-14,revised
AVGO,2026-06-14,33,0.736842,2026-06-21,revised
AVGO,2026-06-21,38,0.151515,2026-06-28,revised
AVGO,2026-06-28,13,-0.657895,2026-07-05,revised
AVGO,2026-07-05,22,0.692308,2026-07-12,revised
AVGO,2026-07-12,11,-0.5,2026-07-19,revised
AVGO,2026-07-19,13,0.181818,2026-07-26,revised
AVGO,2026-07-26,18,0.384615,2026-08-02,revised
AVGO,2026-08-02,14,-0.222222,2026-08-09,revised
AVGO,2026-08-09,13,-0.071429,2026-08-16,revised
AVGO,2026-08-16,12,-0.076923,2026-08-23,revised
AVGO,2026-08-23,36,2.0,2026-08-30,revised
AVGO,2026-08-30,70,0.944444,2026-09-06,revised
AVGO,2026-09-06,42,-0.4,2026-09-13,revised
AVGO,2026-09-13,87,1.071429,2026-09-20,revised
AVGO,2026-09-20,63,-0.275862,2026-09-27,revised
AVGO,2026-09-27,12,-0.809524,2026-10-09,vintage
AVGO,2026-10-04,6,-0.5,2026-10-11,revised
AVY,2025-10-12,68,0.133333,2025-10-19,revised
AVY,2025-10-19,72,0.058824,2025-10-26,revised
AVY,2025-10-26,67,-0.069444,2025-11-02,revised
AVY,2025-11-02,62,-0.074627,2025-11-09,revised
AVY,2025-11-09,60,-0.032258,2025-11-16,revised
AVY,2025-11-16,60,0.0,2025-11-23,revised
AVY,2025-11-23,56,-0.066667,2025-11-30,revised
AVY,2025-11-30,56,0.0,2025-12-07,revised
AVY,2025-12-07,46,-0.178571,2025-12-14,revised
AVY,2025-12-14,47,0.021739,2025-12-21,revised
AVY,2025-12-21,32,-0.319149,2025-12-28,revised
AVY,2025-12-28,33,0.03125,2026-01-04,revised
AVY,2026-01-04,42,0.272727,2026-01-11,revised
AVY,2026-01-11,49,0.166667,2026-01-18,revised
AVY,2026-01-18,51,0.040816,2026-01-25,revised
AVY,2026-01-25,51,0.0,2026-02-01,revised
AVY,2026-02-01,62,0.215686,2026-02-08,revised
AVY,2026-02-08,66,0.064516,2026-02-15,revised
AVY,2026-02-15,62,-0.060606,2026-02-22,revised
AVY,2026-02-22,63,0.016129,2026-03-01,revised
AVY,2026-03-01,65,0.031746,2026-03-08,revised
AVY,2026-03-08,67,0.030769,2026-03-15,revised
AVY,2026-03-15,69,0.029851,2026-03-22,revised
AVY,2026-03-22,73,0.057971,2026-03-29,revised
AVY,2026-03-29,91,0.246575,2026-04-05,revised
AVY,2026-04-05,95,0.043956,2026-04-12,revised
AVY,2026-04-12,100,0.052632,2026-04-19,revised
AVY,2026-04-19,86,-0.14,2026-04-26,revised
AVY,2026-04-26,71,-0.174419,2026-05-03,revised
AVY,2026-05-03,73,0.028169,2026-05-10,revised
AVY,2026-05-10,84,0.150685,2026-05-17,revised
AVY,2026-05-17,72,-0.142857,2026-05-24,revised
AVY,2026-05-24,67,-0.069444,2026-05-31,revised
AVY,2026-05-31,71,0.059701,2026-06-07,revised
AVY,2026-06-07,71,0.0,2026-06-14,revised
AVY,2026-06-14,71,0.0,2026-06-21,revised
AVY,2026-06-21,73,0.028169,2026-06-28,revised
AVY,2026-06-28,62,-0.150685,2026-07-05,revised
AVY,2026-07-05,63,0.016129,2026-07-12,revised
AVY,2026-07-12,49,-0.222222,2026-07-19,revised
AVY,2026-07-19,59,0.204082,2026-07-26,revised
AVY,2026-07-26,56,-0.050847,2026-08-02,revised
AVY,2026-08-02,54,-0.035714,2026-08-09,revised
AVY,2026-08-09,57,0.055556,2026-08-16,revised
AVY,2026-08-16,51,-0.105263,2026-08-23,revised
AVY,2026-08-23,51,0.0,2026-08-30,revised
AVY,2026-08-30,57,0.117647,2026-09-06,revised
AVY,2026-09-06,54,-0.052632,2026-09-13,revised
AVY,2026-09-13,55,0.018519,2026-09-20,revised
AVY,2026-09-20,63,0.145455,2026-09-27,revised
AVY,2026-09-27,42,-0.333333,2026-10-09,vintage
AVY,2026-10-04,41,-0.02381,2026-10-11,revised
AWK,2025-10-12,7,0.166667,2025-10-19,revised
AWK,2025-10-19,8,0.142857,2025-10-26,revised
AWK,2025-10-26,14,0.75,2025-11-02,revised
AWK,2025-11-02,11,-0.214286,2025-11-09,revised
AWK,2025-11-09,16,0.454545,2025-11-16,revised
AWK,2025-11-16,15,-0.0625,2025-11-23,revised
AWK,2025-11-23,15,0.0,2025-11-30,revised
AWK,2025-11-30,14,-0.066667,2025-12-07,revised
AWK,2025-12-07,11,-0.214286,2025-12-14,revised
AWK,2025-12-14,12,0.090909,2025-12-21,revised
AWK,2025-12-21,6,-0.5,2025-12-28,revised
AWK,2025-12-28,5,-0.166667,2026-01-04,revised
AWK,2026-01-04,6,0.2,2026-01-11,revised
AWK,2026-01-11,13,1.166667,2026-01-18,revised
AWK,2026-01-18,17,0.307692,2026-01-25,revised
AWK,2026-01-25,18,0.058824,2026-02-01,revised
AWK,2026-02-01,18,0.0,2026-02-08,revised
AWK,2026-02-08,65,2.611111,2026-02-15,revised
AWK,2026-02-15,82,0.261538,2026-02-22,revised
AWK,2026-02-22,100,0.219512,2026-03-01,revised
AWK,2026-03-01,21,-0.79,2026-03-08,revised
AWK,2026-03-08,32,0.52381,2026-03-15,revised
AWK,2026-03-15,50,0.5625,2026-03-22,revised
AWK,2026-03-22,35,-0.3,2026-03-29,revised
AWK,2026-03-29,38,0.085714,2026-04-05,revised
AWK,2026-04-05,33,-0.131579,2026-04-12,revised
AWK,2026-04-12,27,-0.181818,2026-04-19,revised
AWK,2026-04-19,24,-0.111111,2026-04-26,revised
AWK,2026-04-26,21,-0.125,2026-05-03,revised
AWK,2026-05-03,29,0.380952,2026-05-10,revised
AWK,2026-05-10,27,-0.068966,2026-05-17,revised
AWK,2026-05-17,20,-0.259259,2026-05-24,revised
AWK,2026-05-24,24,0.2,2026-05-31,revised
AWK,2026-05-31,28,0.166667,2026-06-07,revised
AWK,2026-06-07,22,-0.214286,2026-06-14,revised
AWK,2026-06-14,23,0.045455,2026-06-21,revised
AWK,2026-06-21,32,0.391304,2026-06-28,revised
AWK,2026-06-28,15,-0.53125,2026-07-05,revised
AWK,2026-07-05,16,0.066667,2026-07-12,revised
AWK,2026-07-12,13,-0.1875,2026-07-19,revised
AWK,2026-07-19,14,0.076923,2026-07-26,revised
AWK,2026-07-26,11,-0.214286,2026-08-02,revised
AWK,2026-08-02,12,0.090909,2026-08-09,revised
AWK,2026-08-09,10,-0.166667,2026-08-16,revised
AWK,2026-08-16,8,-0.2,2026-08-23,revised
AWK,2026-08-23,10,0.25,2026-08-30,revised
AWK,2026-08-30,11,0.1,2026-09-06,revised
AWK,2026-09-06,10,-0.090909,2026-09-13,revised
AWK,2026-09-13,9,-0.1,2026-09-20,revised
AWK,2026-09-20,11,0.222222,2026-09-27,revised
AWK,2026-09-27,3,-0.727273,2026-10-09,vintage
AWK,2026-10-04,2,-0.333333,2026-10-11,revised
AXON,2025-10-12,45,0.40625,2025-10-19,revised
AXON,2025-10-19,33,-0.266667,2025-10-26,revised
AXON,2025-10-26,25,-0.242424,2025-11-02,revised
AXON,2025-11-02,72,1.88,2025-11-09,revised
AXON,2025-11-09,37,-0.486111,2025-11-16,revised
AXON,2025-11-16,36,-0.027027,2025-11-23,revised
AXON,2025-11-23,34,-0.055556,2025-11-30,revised
AXON,2025-11-30,35,0.029412,2025-12-07,revised
AXON,2025-12-07,35,0.0,2025-12-14,revised
AXON,2025-12-14,34,-0.028571,2025-12-21,revised
AXON,2025-12-21,20,-0.411765,2025-12-28,revised
AXON,2025-12-28,14,-0.3,2026-01-04,revised
AXON,2026-01-04,33,1.357143,2026-01-11,revised
AXON,2026-01-11,40,0.212121,2026-01-18,revised
AXON,2026-01-18,36,-0.1,2026-01-25,revised
AXON,2026-01-25,59,0.638889,2026-02-01,revised
AXON,2026-02-01,80,0.355932,2026-02-08,revised
AXON,2026-02-08,63,-0.2125,2026-02-15,revised
AXON,2026-02-15,47,-0.253968,2026-02-22,revised
AXON,2026-02-22,100,1.12766,2026-03-01,revised
AXON,2026-03-01,57,-0.43,2026-03-08,revised
AXON,2026-03-08,54,-0.052632,2026-03-15,revised
AXON,2026-03-15,52,-0.037037,2026-03-22,revised
AXON,2026-03-22,44,-0.153846,2026-03-29,revised
AXON,2026-03-29,67,0.522727,2026-04-05,revised
AXON,2026-04-05,83,0.238806,2026-04-12,revised
AXON,2026-04-12,59,-0.289157,2026-04-19,revised
AXON,2026-04-19,46,-0.220339,2026-04-26,revised
AXON,2026-04-26,41,-0.108696,2026-05-03,revised
AXON,2026-05-03,84,1.04878,2026-05-10,revised
AXON,2026-05-10,49,-0.416667,2026-05-17,revised
AXON,2026-05-17,48,-0.020408,2026-05-24,revised
AXON,2026-05-24,74,0.541667,2026-05-31,revised
AXON,2026-05-31,64,-0.135135,2026-06-07,revised
AXON,2026-06-07,59,-0.078125,2026-06-14,revised
AXON,2026-06-14,53,-0.101695,2026-06-21,revised
AXON,2026-06-21,56,0.056604,2026-06-28,revised
AXON,2026-06-28,82,0.464286,2026-07-05,revised
AXON,2026-07-05,59,-0.280488,2026-07-12,revised
AXON,2026-07-12,38,-0.355932,2026-07-19,revised
AXON,2026-07-19,59,0.552632,2026-07-26,revised
AXON,2026-07-26,51,-0.135593,2026-08-02,revised
AXON,2026-08-02,52,0.019608,2026-08-09,revised
AXON,2026-08-09,57,0.096154,2026-08-16,revised
AXON,2026-08-16,36,-0.368421,2026-08-23,revised
AXON,2026-08-23,30,-0.166667,2026-08-30,revised
AXON,2026-08-30,49,0.633333,2026-09-06,revised
AXON,2026-09-06,35,-0.285714,2026-09-13,revised
AXON,2026-09-13,49,0.4,2026-09-20,revised
AXON,2026-09-20,39,-0.204082,2026-09-27,revised
AXON,2026-09-27,22,-0.435897,2026-10-09,vintage
AXON,2026-10-04,18,-0.181818,2026-10-11,revised
AXP,2025-10-12,85,0.0,2025-10-19,revised
AXP,2025-10-19,79,-0.070588,2025-10-26,revised
AXP,2025-10-26,77,-0.025316,2025-11-02,revised
AXP,2025-11-02,80,0.038961,2025-11-09,revised
AXP,2025-11-09,81,0.0125,2025-11-16,revised
AXP,2025-11-16,77,-0.049383,2025-11-23,revised
AXP,2025-11-23,77,0.0,2025-11-30,revised
AXP,2025-11-30,89,0.155844,2025-12-07,revised
AXP,2025-12-07,82,-0.078652,2025-12-14,revised
AXP,2025-12-14,85,0.036585,2025-12-21,revised
AXP,2025-12-21,74,-0.129412,2025-12-28,revised
AXP,2025-12-28,81,0.094595,2026-01-04,revised
AXP,2026-01-04,86,0.061728,2026-01-11,revised
AXP,2026-01-11,89,0.034884,2026-01-18,revised
AXP,2026-01-18,99,0.11236,2026-01-25,revised
AXP,2026-01-25,100,0.010101,2026-02-01,revised
AXP,2026-02-01,85,-0.15,2026-02-08,revised
AXP,2026-02-08,77,-0.094118,2026-02-15,revised
AXP,2026-02-15,80,0.038961,2026-02-22,revised
AXP,2026-02-22,81,0.0125,2026-03-01,revised
AXP,2026-03-01,87,0.074074,2026-03-08,revised
AXP,2026-03-08,82,-0.057471,2026-03-15,revised
AXP,2026-03-15,82,0.0,2026-03-22,revised
AXP,2026-03-22,83,0.012195,2026-03-29,revised
AXP,2026-03-29,89,0.072289,2026-04-05,revised
AXP,2026-04-05,87,-0.022472,2026-04-12,revised
AXP,2026-04-12,88,0.011494,2026-04-19,revised
AXP,2026-04-19,82,-0.068182,2026-04-26,revised
AXP,2026-04-26,85,0.036585,2026-05-03,revised
AXP,2026-05-03,91,0.070588,2026-05-10,revised
AXP,2026-05-10,93,0.021978,2026-05-17,revised
AXP,2026-05-17,88,-0.053763,2026-05-24,revised
AXP,2026-05-24,85,-0.034091,2026-05-31,revised
AXP,2026-05-31,94,0.105882,2026-06-07,revised
AXP,2026-06-07,83,-0.117021,2026-06-14,revised
AXP,2026-06-14,85,0.024096,2026-06-21,revised
AXP,2026-06-21,86,0.011765,2026-06-28,revised
AXP,2026-06-28,82,-0.046512,2026-07-05,revised
AXP,2026-07-05,80,-0.02439,2026-07-12,revised
AXP,2026-07-12,69,-0.1375,2026-07-19,revised
AXP,2026-07-19,77,0.115942,2026-07-26,revised
AXP,2026-07-26,68,-0.116883,2026-08-02,revised
AXP,2026-08-02,70,0.029412,2026-08-09,revised
AXP,2026-08-09,73,0.042857,2026-08-16,revised
AXP,2026-08-16,66,-0.09589,2026-08-23,revised
AXP,2026-08-23,68,0.030303,2026-08-30,revised
AXP,2026-08-30,73,0.073529,2026-09-06,revised
AXP,2026-09-06,67,-0.082192,2026-09-13,revised
AXP,2026-09-13,75,0.119403,2026-09-20,revised
AXP,2026-09-20,75,0.0,2026-09-27,revised
AXP,2026-09-27,56,-0.253333,2026-10-09,vintage
AXP,2026-10-04,54,-0.035714,2026-10-11,revised
BA,2025-10-12,53,-0.018519,2025-10-19,revised
BA,2025-10-19,58,0.09434,2025-10-26,revised
BA,2025-10-26,51,-0.12069,2025-11-02,revised
BA,2025-11-02,50,-0.019608,2025-11-09,revised
BA,2025-11-09,52,0.04,2025-11-16,revised
BA,2025-11-16,53,0.019231,2025-11-23,revised
BA,2025-11-23,52,-0.018868,2025-11-30,revised
BA,2025-11-30,54,0.038462,2025-12-07,revised
BA,2025-12-07,51,-0.055556,2025-12-14,revised
BA,2025-12-14,52,0.019608,2025-12-21,revised
BA,2025-12-21,45,-0.134615,2025-12-28,revised
BA,2025-12-28,44,-0.022222,2026-01-04,revised
BA,2026-01-04,52,0.181818,2026-01-11,revised
BA,2026-01-11,54,0.038462,2026-01-18,revised
BA,2026-01-18,52,-0.037037,2026-01-25,revised
BA,2026-01-25,54,0.038462,2026-02-01,revised
BA,2026-02-01,56,0.037037,2026-02-08,revised
BA,2026-02-08,55,-0.017857,2026-02-15,revised
BA,2026-02-15,58,0.054545,2026-02-22,revised
BA,2026-02-22,56,-0.034483,2026-03-01,revised
BA,2026-03-01,61,0.089286,2026-03-08,revised
BA,2026-03-08,55,-0.098361,2026-03-15,revised
BA,2026-03-15,56,0.018182,2026-03-22,revised
BA,2026-03-22,50,-0.107143,2026-03-29,revised
BA,2026-03-29,55,0.1,2026-04-05,revised
BA,2026-04-05,58,0.054545,2026-04-12,revised
BA,2026-04-12,55,-0.051724,2026-04-19,revised
BA,2026-04-19,56,0.018182,2026-04-26,revised
BA,2026-04-26,52,-0.071429,2026-05-03,revised
BA,2026-05-03,66,0.269231,2026-05-10,revised
BA,2026-05-10,69,0.045455,2026-05-17,revised
BA,2026-05-17,57,-0.173913,2026-05-24,revised
BA,2026-05-24,54,-0.052632,2026-05-31,revised
BA,2026-05-31,64,0.185185,2026-06-07,revised
BA,2026-06-07,58,-0.09375,2026-06-14,revised
BA,2026-06-14,59,0.017241,2026-06-21,revised
BA,2026-06-21,59,0.0,2026-06-28,revised
BA,2026-06-28,55,-0.067797,2026-07-05,revised
BA,2026-07-05,100,0.818182,2026-07-12,revised
BA,2026-07-12,64,-0.36,2026-07-19,revised
BA,2026-07-19,88,0.375,2026-07-26,revised
BA,2026-07-26,63,-0.284091,2026-08-02,revised
BA,2026-08-02,58,-0.079365,2026-08-09,revised
BA,2026-08-09,67,0.155172,2026-08-16,revised
BA,2026-08-16,72,0.074627,2026-08-23,revised
BA,2026-08-23,79,0.097222,2026-08-30,revised
BA,2026-08-30,56,-0.291139,2026-09-06,revised
BA,2026-09-06,59,0.053571,2026-09-13,revised
BA,2026-09-13,64,0.084746,2026-09-20,revised
BA,2026-09-20,62,-0.03125,2026-09-27,revised
BA,2026-09-27,52,-0.16129,2026-10-09,vintage
BA,2026-10-04,54,0.038462,2026-10-11,revised
BAC,2025-10-12,23,-0.041667,2025-10-19,revised
BAC,2025-10-19,18,-0.217391,2025-10-26,revised
BAC,2025-10-26,23,0.277778,2025-11-02,revised
BAC,2025-11-02,26,0.130435,2025-11-09,revised
BAC,2025-11-09,25,-0.038462,2025-11-16,revised
BAC,2025-11-16,28,0.12,2025-11-23,revised
BAC,2025-11-23,28,0.0,2025-11-30,revised
BAC,2025-11-30,39,0.392857,2025-12-07,revised
BAC,2025-12-07,30,-0.230769,2025-12-14,revised
BAC,2025-12-14,30,0.0,2025-12-21,revised
BAC,2025-12-21,16,-0.466667,2025-12-28,revised
BAC,2025-12-28,16,0.0,2026-01-04,revised
BAC,2026-01-04,21,0.3125,2026-01-11,revised
BAC,2026-01-11,34,0.619048,2026-01-18,revised
BAC,2026-01-18,32,-0.058824,2026-01-25,revised
BAC,2026-01-25,37,0.15625,2026-02-01,revised
BAC,2026-02-01,45,0.216216,2026-02-08,revised
BAC,2026-02-08,47,0.044444,2026-02-15,revised
BAC,2026-02-15,100,1.12766,2026-02-22,revised
BAC,2026-02-22,84,-0.16,2026-03-01,revised
BAC,2026-03-01,39,-0.535714,2026-03-08,revised
BAC,2026-03-08,38,-0.025641,2026-03-15,revised
BAC,2026-03-15,36,-0.052632,2026-03-22,revised
BAC,2026-03-22,40,0.111111,2026-03-29,revised
BAC,2026-03-29,50,0.25,2026-04-05,revised
BAC,2026-04-05,42,-0.16,2026-04-12,revised
BAC,2026-04-12,37,-0.119048,2026-04-19,revised
BAC,2026-04-19,34,-0.081081,2026-04-26,revised
BAC,2026-04-26,36,0.058824,2026-05-03,revised
BAC,2026-05-03,48,0.333333,2026-05-10,revised
BAC,2026-05-10,42,-0.125,2026-05-17,revised
BAC,2026-05-17,32,-0.238095,2026-05-24,revised
BAC,2026-05-24,31,-0.03125,2026-05-31,revised
BAC,2026-05-31,40,0.290323,2026-06-07,revised
BAC,2026-06-07,37,-0.075,2026-06-14,revised
BAC,2026-06-14,42,0.135135,2026-06-21,revised
BAC,2026-06-21,41,-0.02381,2026-06-28,revised
BAC,2026-06-28,33,-0.195122,2026-07-05,revised
BAC,2026-07-05,39,0.181818,2026-07-12,revised
BAC,2026-07-12,27,-0.307692,2026-07-19,revised
BAC,2026-07-19,32,0.185185,2026-07-26,revised
BAC,2026-07-26,29,-0.09375,2026-08-02,revised
BAC,2026-08-02,32,0.103448,2026-08-09,revised
BAC,2026-08-09,23,-0.28125,2026-08-16,revised
BAC,2026-08-16,19,-0.173913,2026-08-23,revised
BAC,2026-08-23,26,0.368421,2026-08-30,revised
BAC,2026-08-30,29,0.115385,2026-09-06,revised
BAC,2026-09-06,34,0.172414,2026-09-13,revised
BAC,2026-09-13,33,-0.029412,2026-09-20,revised
BAC,2026-09-20,39,0.181818,2026-09-27,revised
BAC,2026-09-27,13,-0.666667,2026-10-09,vintage
BAC,2026-10-04,7,-0.461538,2026-10-11,revised
BALL,2025-10-12,18,0.0,2025-10-19,revised
BALL,2025-10-19,20,0.111111,2025-10-26,revised
BALL,2025-10-26,22,0.1,2025-11-02,revised
BALL,2025-11-02,24,0.090909,2025-11-09,revised
BALL,2025-11-09,31,0.291667,2025-11-16,revised
BALL,2025-11-16,30,-0.032258,2025-11-23,revised
BALL,2025-11-23,30,0.0,2025-11-30,revised
BALL,2025-11-30,26,-0.133333,2025-12-07,revised
BALL,2025-12-07,23,-0.115385,2025-12-14,revised
BALL,2025-12-14,26,0.130435,2025-12-21,revised
BALL,2025-12-21,12,-0.538462,2025-12-28,revised
BALL,2025-12-28,14,0.166667,2026-01-04,revised
BALL,2026-01-04,14,0.0,2026-01-11,revised
BALL,2026-01-11,24,0.714286,2026-01-18,revised
BALL,2026-01-18,25,0.041667,2026-01-25,revised
BALL,2026-01-25,32,0.28,2026-02-01,revised
BALL,2026-02-01,35,0.09375,2026-02-08,revised
BALL,2026-02-08,73,1.085714,2026-02-15,revised
BALL,2026-02-15,86,0.178082,2026-02-22,revised
BALL,2026-02-22,100,0.162791,2026-03-01,revised
BALL,2026-03-01,30,-0.7,2026-03-08,revised
BALL,2026-03-08,28,-0.066667,2026-03-15,revised
BALL,2026-03-15,32,0.142857,2026-03-22,revised
BALL,2026-03-22,43,0.34375,2026-03-29,revised
BALL,2026-03-29,46,0.069767,2026-04-05,revised
BALL,2026-04-05,39,-0.152174,2026-04-12,revised
BALL,2026-04-12,35,-0.102564,2026-04-19,revised
BALL,2026-04-19,30,-0.142857,2026-04-26,revised
BALL,2026-04-26,27,-0.1,2026-05-03,revised
BALL,2026-05-03,44,0.62963,2026-05-10,revised
BALL,2026-05-10,42,-0.045455,2026-05-17,revised
BALL,2026-05-17,28,-0.333333,2026-05-24,revised
BALL,2026-05-24,30,0.071429,2026-05-31,revised
BALL,2026-05-31,37,0.233333,2026-06-07,revised
BALL,2026-06-07,38,0.027027,2026-06-14,revised
BALL,2026-06-14,34,-0.105263,2026-06-21,revised
BALL,2026-06-21,34,0.0,2026-06-28,revised
BALL,2026-06-28,30,-0.117647,2026-07-05,revised
BALL,2026-07-05,32,0.066667,2026-07-12,revised
BALL,2026-07-12,28,-0.125,2026-07-19,revised
BALL,2026-07-19,37,0.321429,2026-07-26,revised
BALL,2026-07-26,27,-0.27027,2026-08-02,revised
BALL,2026-08-02,23,-0.148148,2026-08-09,revised
BALL,2026-08-09,22,-0.043478,2026-08-16,revised
BALL,2026-08-16,18,-0.181818,2026-08-23,revised
BALL,2026-08-23,24,0.333333,2026-08-30,revised
BALL,2026-08-30,27,0.125,2026-09-06,revised
BALL,2026-09-06,27,0.0,2026-09-13,revised
BALL,2026-09-13,30,0.111111,2026-09-20,revised
BALL,2026-09-20,39,0.3,2026-09-27,revised
BALL,2026-09-27,12,-0.692308,2026-10-09,vintage
BALL,2026-10-04,7,-0.416667,2026-10-11,revised
BBY,2025-10-12,50,0.020408,2025-10-19,revised
BBY,2025-10-19,46,-0.08,2025-10-26,revised
BBY,2025-10-26,45,-0.021739,2025-11-02,revised
BBY,2025-11-02,50,0.111111,2025-11-09,revised
BBY,2025-11-09,66,0.32,2025-11-16,revised
BBY,2025-11-16,71,0.075758,2025-11-23,revised
BBY,2025-11-23,100,0.408451,2025-11-30,revised
BBY,2025-11-30,87,-0.13,2025-12-07,revised
BBY,2025-12-07,74,-0.149425,2025-12-14,revised
BBY,2025-12-14,81,0.094595,2025-12-21,revised
BBY,2025-12-21,87,0.074074,2025-12-28,revised
BBY,2025-12-28,67,-0.229885,2026-01-04,revised
BBY,2026-01-04,57,-0.149254,2026-01-11,revised
BBY,2026-01-11,58,0.017544,2026-01-18,revised
BBY,2026-01-18,65,0.12069,2026-01-25,revised
BBY,2026-01-25,69,0.061538,2026-02-01,revised
BBY,2026-02-01,66,-0.043478,2026-02-08,revised
BBY,2026-02-08,66,0.0,2026-02-15,revised
BBY,2026-02-15,69,0.045455,2026-02-22,revised
BBY,2026-02-22,58,-0.15942,2026-03-01,revised
BBY,2026-03-01,60,0.034483,2026-03-08,revised
BBY,2026-03-08,57,-0.05,2026-03-15,revised
BBY,2026-03-15,60,0.052632,2026-03-22,revised
BBY,2026-03-22,56,-0.066667,2026-03-29,revised
BBY,2026-03-29,61,0.089286,2026-04-05,revised
BBY,2026-04-05,65,0.065574,2026-04-12,revised
BBY,2026-04-12,64,-0.015385,2026-04-19,revised
BBY,2026-04-19,55,-0.140625,2026-04-26,revised
BBY,2026-04-26,59,0.072727,2026-05-03,revised
BBY,2026-05-03,66,0.118644,2026-05-10,revised
BBY,2026-05-10,70,0.060606,2026-05-17,revised
BBY,2026-05-17,61,-0.128571,2026-05-24,revised
BBY,2026-05-24,60,-0.016393,2026-05-31,revised
BBY,2026-05-31,62,0.033333,2026-06-07,revised
BBY,2026-06-07,60,-0.032258,2026-06-14,revised
BBY,2026-06-14,61,0.016667,2026-06-21,revised
BBY,2026-06-21,66,0.081967,2026-06-28,revised
BBY,2026-06-28,58,-0.121212,2026-07-05,revised
BBY,2026-07-05,54,-0.068966,2026-07-12,revised
BBY,2026-07-12,46,-0.148148,2026-07-19,revised
BBY,2026-07-19,49,0.065217,2026-07-26,revised
BBY,2026-07-26,50,0.020408,2026-08-02,revised
BBY,2026-08-02,49,-0.02,2026-08-09,revised
BBY,2026-08-09,52,0.061224,2026-08-16,revised
BBY,2026-08-16,54,0.038462,2026-08-23,revised
BBY,2026-08-23,49,-0.092593,2026-08-30,revised
BBY,2026-08-30,53,0.081633,2026-09-06,revised
BBY,2026-09-06,55,0.037736,2026-09-13,revised
BBY,2026-09-13,77,0.4,2026-09-20,revised
BBY,2026-09-20,68,-0.116883,2026-09-27,revised
BBY,2026-09-27,40,-0.411765,2026-10-09,vintage
BBY,2026-10-04,38,-0.05,2026-10-11,revised
BG,2025-10-12,56,0.75,2025-10-19,revised
BG,2025-10-19,38,-0.321429,2025-10-26,revised
BG,2025-10-26,33,-0.131579,2025-11-02,revised
BG,2025-11-02,39,0.181818,2025-11-09,revised
BG,2025-11-09,32,-0.179487,2025-11-16,revised
BG,2025-11-16,47,0.46875,2025-11-23,revised
BG,2025-11-23,51,0.085106,2025-11-30,revised
BG,2025-11-30,56,0.098039,2025-12-07,revised
BG,2025-12-07,32,-0.428571,2025-12-14,revised
BG,2025-12-14,44,0.375,2025-12-21,revised
BG,2025-12-21,28,-0.363636,2025-12-28,revised
BG,2025-12-28,16,-0.428571,2026-01-04,revised
BG,2026-01-04,58,2.625,2026-01-11,revised
BG,2026-01-11,42,-0.275862,2026-01-18,revised
BG,2026-01-18,43,0.02381,2026-01-25,revised
BG,2026-01-25,36,-0.162791,2026-02-01,revised
BG,2026-02-01,59,0.638889,2026-02-08,revised
BG,2026-02-08,51,-0.135593,2026-02-15,revised
BG,2026-02-15,62,0.215686,2026-02-22,revised
BG,2026-02-22,40,-0.354839,2026-03-01,revised
BG,2026-03-01,62,0.55,2026-03-08,revised
BG,2026-03-08,79,0.274194,2026-03-15,revised
BG,2026-03-15,87,0.101266,2026-03-22,revised
BG,2026-03-22,68,-0.218391,2026-03-29,revised
BG,2026-03-29,87,0.279412,2026-04-05,revised
BG,2026-04-05,56,-0.356322,2026-04-12,revised
BG,2026-04-12,50,-0.107143,2026-04-19,revised
BG,2026-04-19,71,0.42,2026-04-26,revised
BG,2026-04-26,100,0.408451,2026-05-03,revised
BG,2026-05-03,77,-0.23,2026-05-10,revised
BG,2026-05-10,72,-0.064935,2026-05-17,revised
BG,2026-05-17,63,-0.125,2026-05-24,revised
BG,2026-05-24,42,-0.333333,2026-05-31,revised
BG,2026-05-31,67,0.595238,2026-06-07,revised
BG,2026-06-07,50,-0.253731,2026-06-14,revised
BG,2026-06-14,68,0.36,2026-06-21,revised
BG,2026-06-21,80,0.176471,2026-06-28,revised
BG,2026-06-28,58,-0.275,2026-07-05,revised
BG,2026-07-05,56,-0.034483,2026-07-12,revised
BG,2026-07-12,55,-0.017857,2026-07-19,revised
BG,2026-07-19,50,-0.090909,2026-07-26,revised
BG,2026-07-26,82,0.64,2026-08-02,revised
BG,2026-08-02,39,-0.52439,2026-08-09,revised
BG,2026-08-09,39,0.0,2026-08-16,revised
BG,2026-08-16,35,-0.102564,2026-08-23,revised
BG,2026-08-23,28,-0.2,2026-08-30,revised
BG,2026-08-30,43,0.535714,2026-09-06,revised
BG,2026-09-06,57,0.325581,2026-09-13,revised
BG,2026-09-13,77,0.350877,2026-09-20,revised
BG,2026-09-20,63,-0.181818,2026-09-27,revised
BG,2026-09-27,22,-0.650794,2026-10-09,vintage
BG,2026-10-04,19,-0.136364,2026-10-11,revised
BIIB,2025-10-12,54,-0.19403,2025-10-19,revised
BIIB,2025-10-19,61,0.12963,2025-10-26,revised
BIIB,2025-10-26,60,-0.016393,2025-11-02,revised
BIIB,2025-11-02,53,-0.116667,2025-11-09,revised
BIIB,2025-11-09,57,0.075472,2025-11-16,revised
BIIB,2025-11-16,63,0.105263,2025-11-23,revised
BIIB,2025-11-23,59,-0.063492,2025-11-30,revised
BIIB,2025-11-30,53,-0.101695,2025-12-07,revised
BIIB,2025-12-07,49,-0.075472,2025-12-14,revised
BIIB,2025-12-14,50,0.020408,2025-12-21,revised
BIIB,2025-12-21,30,-0.4,2025-12-28,revised
BIIB,2025-12-28,31,0.033333,2026-01-04,revised
BIIB,2026-01-04,47,0.516129,2026-01-11,revised
BIIB,2026-01-11,61,0.297872,2026-01-18,revised
BIIB,2026-01-18,63,0.032787,2026-01-25,revised
BIIB,2026-01-25,77,0.222222,2026-02-01,revised
BIIB,2026-02-01,86,0.116883,2026-02-08,revised
BIIB,2026-02-08,69,-0.197674,2026-02-15,revised
BIIB,2026-02-15,79,0.144928,2026-02-22,revised
BIIB,2026-02-22,68,-0.139241,2026-03-01,revised
BIIB,2026-03-01,65,-0.044118,2026-03-08,revised
BIIB,2026-03-08,65,0.0,2026-03-15,revised
BIIB,2026-03-15,73,0.123077,2026-03-22,revised
BIIB,2026-03-22,68,-0.068493,2026-03-29,revised
BIIB,2026-03-29,100,0.470588,2026-04-05,revised
BIIB,2026-04-05,70,-0.3,2026-04-12,revised
BIIB,2026-04-12,67,-0.042857,2026-04-19,revised
BIIB,2026-04-19,74,0.104478,2026-04-26,revised
BIIB,2026-04-26,67,-0.094595,2026-05-03,revised
BIIB,2026-05-03,76,0.134328,2026-05-10,revised
BIIB,2026-05-10,86,0.131579,2026-05-17,revised
BIIB,2026-05-17,79,-0.081395,2026-05-24,revised
BIIB,2026-05-24,86,0.088608,2026-05-31,revised
BIIB,2026-05-31,83,-0.034884,2026-06-07,revised
BIIB,2026-06-07,70,-0.156627,2026-06-14,revised
BIIB,2026-06-14,77,0.1,2026-06-21,revised
BIIB,2026-06-21,76,-0.012987,2026-06-28,revised
BIIB,2026-06-28,77,0.013158,2026-07-05,revised
BIIB,2026-07-05,80,0.038961,2026-07-12,revised
BIIB,2026-07-12,78,-0.025,2026-07-19,revised
BIIB,2026-07-19,87,0.115385,2026-07-26,revised
BIIB,2026-07-26,77,-0.114943,2026-08-02,revised
BIIB,2026-08-02,59,-0.233766,2026-08-09,revised
BIIB,2026-08-09,64,0.084746,2026-08-16,revised
BIIB,2026-08-16,57,-0.109375,2026-08-23,revised
BIIB,2026-08-23,56,-0.017544,2026-08-30,revised
BIIB,2026-08-30,60,0.071429,2026-09-06,revised
BIIB,2026-09-06,59,-0.016667,2026-09-13,revised
BIIB,2026-09-13,67,0.135593,2026-09-20,revised
BIIB,2026-09-20,70,0.044776,2026-09-27,revised
BIIB,2026-09-27,43,-0.385714,2026-10-09,vintage
BIIB,2026-10-04,38,-0.116279,2026-10-11,revised
BKNG,2025-10-12,52,-0.087719,2025-10-19,revised
BKNG,2025-10-19,49,-0.057692,2025-10-26,revised
BKNG,2025-10-26,60,0.22449,2025-11-02,revised
BKNG,2025-11-02,64,0.066667,2025-11-09,revised
BKNG,2025-11-09,58,-0.09375,2025-11-16,revised
BKNG,2025-11-16,64,0.103448,2025-11-23,revised
BKNG,2025-11-23,64,0.0,2025-11-30,revised
BKNG,2025-11-30,70,0.09375,2025-12-07,revised
BKNG,2025-12-07,52,-0.257143,2025-12-14,revised
BKNG,2025-12-14,47,-0.096154,2025-12-21,revised
BKNG,2025-12-21,33,-0.297872,2025-12-28,revised
BKNG,2025-12-28,32,-0.030303,2026-01-04,revised
BKNG,2026-01-04,34,0.0625,2026-01-11,revised
BKNG,2026-01-11,44,0.294118,2026-01-18,revised
BKNG,2026-01-18,46,0.045455,2026-01-25,revised
BKNG,2026-01-25,55,0.195652,2026-02-01,revised
BKNG,2026-02-01,57,0.036364,2026-02-08,revised
BKNG,2026-02-08,67,0.175439,2026-02-15,revised
BKNG,2026-02-15,100,0.492537,2026-02-22,revised
BKNG,2026-02-22,87,-0.13,2026-03-01,revised
BKNG,2026-03-01,68,-0.218391,2026-03-08,revised
BKNG,2026-03-08,65,-0.044118,2026-03-15,revised
BKNG,2026-03-15,60,-0.076923,2026-03-22,revised
BKNG,2026-03-22,59,-0.016667,2026-03-29,revised
BKNG,2026-03-29,59,0.0,2026-04-05,revised
BKNG,2026-04-05,89,0.508475,2026-04-12,revised
BKNG,2026-04-12,77,-0.134831,2026-04-19,revised
BKNG,2026-04-19,69,-0.103896,2026-04-26,revised
BKNG,2026-04-26,68,-0.014493,2026-05-03,revised
BKNG,2026-05-03,81,0.191176,2026-05-10,revised
BKNG,2026-05-10,84,0.037037,2026-05-17,revised
BKNG,2026-05-17,65,-0.22619,2026-05-24,revised
BKNG,2026-05-24,70,0.076923,2026-05-31,revised
BKNG,2026-05-31,85,0.214286,2026-06-07,revised
BKNG,2026-06-07,87,0.023529,2026-06-14,revised
BKNG,2026-06-14,92,0.057471,2026-06-21,revised
BKNG,2026-06-21,78,-0.152174,2026-06-28,revised
BKNG,2026-06-28,80,0.025641,2026-07-05,revised
BKNG,2026-07-05,77,-0.0375,2026-07-12,revised
BKNG,2026-07-12,46,-0.402597,2026-07-19,revised
BKNG,2026-07-19,53,0.152174,2026-07-26,revised
BKNG,2026-07-26,61,0.150943,2026-08-02,revised
BKNG,2026-08-02,67,0.098361,2026-08-09,revised
BKNG,2026-08-09,64,-0.044776,2026-08-16,revised
BKNG,2026-08-16,46,-0.28125,2026-08-23,revised
BKNG,2026-08-23,35,-0.23913,2026-08-30,revised
BKNG,2026-08-30,43,0.228571,2026-09-06,revised
BKNG,2026-09-06,56,0.302326,2026-09-13,revised
BKNG,2026-09-13,46,-0.178571,2026-09-20,revised
BKNG,2026-09-20,69,0.5,2026-09-27,revised
BKNG,2026-09-27,18,-0.73913,2026-10-09,vintage
BKNG,2026-10-04,15,-0.166667,2026-10-11,revised
BKR,2025-10-12,56,-0.017544,2025-10-19,revised
BKR,2025-10-19,61,0.089286,2025-10-26,revised
BKR,2025-10-26,57,-0.065574,2025-11-02,revised
BKR,2025-11-02,55,-0.035088,2025-11-09,revised
BKR,2025-11-09,62,0.127273,2025-11-16,revised
BKR,2025-11-16,63,0.016129,2025-11-23,revised
BKR,2025-11-23,62,-0.015873,2025-11-30,revised
BKR,2025-11-30,58,-0.064516,2025-12-07,revised
BKR,2025-12-07,52,-0.103448,2025-12-14,revised
BKR,2025-12-14,50,-0.038462,2025-12-21,revised
BKR,2025-12-21,35,-0.3,2025-12-28,revised
BKR,2025-12-28,37,0.057143,2026-01-04,revised
BKR,2026-01-04,63,0.702703,2026-01-11,revised
BKR,2026-01-11,59,-0.063492,2026-01-18,revised
BKR,2026-01-18,60,0.016949,2026-01-25,revised
BKR,2026-01-25,73,0.216667,2026-02-01,revised
BKR,2026-02-01,68,-0.068493,2026-02-08,revised
BKR,2026-02-08,91,0.338235,2026-02-15,revised
BKR,2026-02-15,96,0.054945,2026-02-22,revised
BKR,2026-02-22,100,0.041667,2026-03-01,revised
BKR,2026-03-01,78,-0.22,2026-03-08,revised
BKR,2026-03-08,77,-0.012821,2026-03-15,revised
BKR,2026-03-15,79,0.025974,2026-03-22,revised
BKR,2026-03-22,84,0.063291,2026-03-29,revised
BKR,2026-03-29,90,0.071429,2026-04-05,revised
BKR,2026-04-05,93,0.033333,2026-04-12,revised
BKR,2026-04-12,81,-0.129032,2026-04-19,revised
BKR,2026-04-19,83,0.024691,2026-04-26,revised
BKR,2026-04-26,71,-0.144578,2026-05-03,revised
BKR,2026-05-03,68,-0.042254,2026-05-10,revised
BKR,2026-05-10,69,0.014706,2026-05-17,revised
BKR,2026-05-17,75,0.086957,2026-05-24,revised
BKR,2026-05-24,67,-0.106667,2026-05-31,revised
BKR,2026-05-31,68,0.014925,2026-06-07,revised
BKR,2026-06-07,72,0.058824,2026-06-14,revised
BKR,2026-06-14,90,0.25,2026-06-21,revised
BKR,2026-06-21,82,-0.088889,2026-06-28,revised
BKR,2026-06-28,72,-0.121951,2026-07-05,revised
BKR,2026-07-05,85,0.180556,2026-07-12,revised
BKR,2026-07-12,66,-0.223529,2026-07-19,revised
BKR,2026-07-19,71,0.075758,2026-07-26,revised
BKR,2026-07-26,75,0.056338,2026-08-02,revised
BKR,2026-08-02,58,-0.226667,2026-08-09,revised
BKR,2026-08-09,61,0.051724,2026-08-16,revised
BKR,2026-08-16,53,-0.131148,2026-08-23,revised
BKR,2026-08-23,53,0.0,2026-08-30,revised
BKR,2026-08-30,63,0.188679,2026-09-06,revised
BKR,2026-09-06,65,0.031746,2026-09-13,revised
BKR,2026-09-13,68,0.046154,2026-09-20,revised
BKR,2026-09-20,62,-0.088235,2026-09-27,revised
BKR,2026-09-27,43,-0.306452,2026-10-09,vintage
BKR,2026-10-04,45,0.046512,2026-10-11,revised
BLDR,2025-10-12,22,-0.12,2025-10-19,revised
BLDR,2025-10-19,22,0.0,2025-10-26,revised
BLDR,2025-10-26,30,0.363636,2025-11-02,revised
BLDR,2025-11-02,28,-0.066667,2025-11-09,revised
BLDR,2025-11-09,26,-0.071429,2025-11-16,revised
BLDR,2025-11-16,39,0.5,2025-11-23,revised
BLDR,2025-11-23,26,-0.333333,2025-11-30,revised
BLDR,2025-11-30,28,0.076923,2025-12-07,revised
BLDR,2025-12-07,28,0.0,2025-12-14,revised
BLDR,2025-12-14,21,-0.25,2025-12-21,revised
BLDR,2025-12-21,17,-0.190476,2025-12-28,revised
BLDR,2025-12-28,19,0.117647,2026-01-04,revised
BLDR,2026-01-04,27,0.421053,2026-01-11,revised
BLDR,2026-01-11,28,0.037037,2026-01-18,revised
BLDR,2026-01-18,26,-0.071429,2026-01-25,revised
BLDR,2026-01-25,50,0.923077,2026-02-01,revised
BLDR,2026-02-01,35,-0.3,2026-02-08,revised
BLDR,2026-02-08,39,0.114286,2026-02-15,revised
BLDR,2026-02-15,56,0.435897,2026-02-22,revised
BLDR,2026-02-22,57,0.017857,2026-03-01,revised
BLDR,2026-03-01,62,0.087719,2026-03-08,revised
BLDR,2026-03-08,67,0.080645,2026-03-15,revised
BLDR,2026-03-15,74,0.104478,2026-03-22,revised
BLDR,2026-03-22,78,0.054054,2026-03-29,revised
BLDR,2026-03-29,92,0.179487,2026-04-05,revised
BLDR,2026-04-05,87,-0.054348,2026-04-12,revised
BLDR,2026-04-12,83,-0.045977,2026-04-19,revised
BLDR,2026-04-19,82,-0.012048,2026-04-26,revised
BLDR,2026-04-26,69,-0.158537,2026-05-03,revised
BLDR,2026-05-03,85,0.231884,2026-05-10,revised
BLDR,2026-05-10,87,0.023529,2026-05-17,revised
BLDR,2026-05-17,64,-0.264368,2026-05-24,revised
BLDR,2026-05-24,65,0.015625,2026-05-31,revised
BLDR,2026-05-31,89,0.369231,2026-06-07,revised
BLDR,2026-06-07,95,0.067416,2026-06-14,revised
BLDR,2026-06-14,88,-0.073684,2026-06-21,revised
BLDR,2026-06-21,100,0.136364,2026-06-28,revised
BLDR,2026-06-28,75,-0.25,2026-07-05,revised
BLDR,2026-07-05,97,0.293333,2026-07-12,revised
BLDR,2026-07-12,77,-0.206186,2026-07-19,revised
BLDR,2026-07-19,86,0.116883,2026-07-26,revised
BLDR,2026-07-26,87,0.011628,2026-08-02,revised
BLDR,2026-08-02,76,-0.126437,2026-08-09,revised
BLDR,2026-08-09,74,-0.026316,2026-08-16,revised
BLDR,2026-08-16,63,-0.148649,2026-08-23,revised
BLDR,2026-08-23,66,0.047619,2026-08-30,revised
BLDR,2026-08-30,60,-0.090909,2026-09-06,revised
BLDR,2026-09-06,55,-0.083333,2026-09-13,revised
BLDR,2026-09-13,60,0.090909,2026-09-20,revised
BLDR,2026-09-20,65,0.083333,2026-09-27,revised
BLDR,2026-09-27,37,-0.430769,2026-10-09,vintage
BLDR,2026-10-04,33,-0.108108,2026-10-11,revised
BLK,2025-10-12,100,0.149425,2025-10-19,revised
BLK,2025-10-19,76,-0.24,2025-10-26,revised
BLK,2025-10-26,67,-0.118421,2025-11-02,revised
BLK,2025-11-02,61,-0.089552,2025-11-09,revised
BLK,2025-11-09,65,0.065574,2025-11-16,revised
BLK,2025-11-16,72,0.107692,2025-11-23,revised
BLK,2025-11-23,61,-0.152778,2025-11-30,revised
BLK,2025-11-30,67,0.098361,2025-12-07,revised
BLK,2025-12-07,56,-0.164179,2025-12-14,revised
BLK,2025-12-14,55,-0.017857,2025-12-21,revised
BLK,2025-12-21,45,-0.181818,2025-12-28,revised
BLK,2025-12-28,46,0.022222,2026-01-04,revised
BLK,2026-01-04,60,0.304348,2026-01-11,revised
BLK,2026-01-11,63,0.05,2026-01-18,revised
BLK,2026-01-18,70,0.111111,2026-01-25,revised
BLK,2026-01-25,73,0.042857,2026-02-01,revised
BLK,2026-02-01,75,0.027397,2026-02-08,revised
BLK,2026-02-08,73,-0.026667,2026-02-15,revised
BLK,2026-02-15,67,-0.082192,2026-02-22,revised
BLK,2026-02-22,70,0.044776,2026-03-01,revised
BLK,2026-03-01,81,0.157143,2026-03-08,revised
BLK,2026-03-08,89,0.098765,2026-03-15,revised
BLK,2026-03-15,67,-0.247191,2026-03-22,revised
BLK,2026-03-22,70,0.044776,2026-03-29,revised
BLK,2026-03-29,71,0.014286,2026-04-05,revised
BLK,2026-04-05,66,-0.070423,2026-04-12,revised
BLK,2026-04-12,68,0.030303,2026-04-19,revised
BLK,2026-04-19,59,-0.132353,2026-04-26,revised
BLK,2026-04-26,56,-0.050847,2026-05-03,revised
BLK,2026-05-03,65,0.160714,2026-05-10,revised
BLK,2026-05-10,75,0.153846,2026-05-17,revised
BLK,2026-05-17,68,-0.093333,2026-05-24,revised
BLK,2026-05-24,66,-0.029412,2026-05-31,revised
BLK,2026-05-31,70,0.060606,2026-06-07,revised
BLK,2026-06-07,63,-0.1,2026-06-14,revised
BLK,2026-06-14,64,0.015873,2026-06-21,revised
BLK,2026-06-21,60,-0.0625,2026-06-28,revised
BLK,2026-06-28,60,0.0,2026-07-05,revised
BLK,2026-07-05,61,0.016667,2026-07-12,revised
BLK,2026-07-12,52,-0.147541,2026-07-19,revised
BLK,2026-07-19,55,0.057692,2026-07-26,revised
BLK,2026-07-26,49,-0.109091,2026-08-02,revised
BLK,2026-08-02,44,-0.102041,2026-08-09,revised
BLK,2026-08-09,54,0.227273,2026-08-16,revised
BLK,2026-08-16,46,-0.148148,2026-08-23,revised
BLK,2026-08-23,42,-0.086957,2026-08-30,revised
BLK,2026-08-30,48,0.142857,2026-09-06,revised
BLK,2026-09-06,44,-0.083333,2026-09-13,revised
BLK,2026-09-13,46,0.045455,2026-09-20,revised
BLK,2026-09-20,51,0.108696,2026-09-27,revised
BLK,2026-09-27,34,-0.333333,2026-10-09,vintage
BLK,2026-10-04,31,-0.088235,2026-10-11,revised
BMY,2025-10-12,44,0.0,2025-10-19,revised
BMY,2025-10-19,43,-0.022727,2025-10-26,revised
BMY,2025-10-26,42,-0.023256,2025-11-02,revised
BMY,2025-11-02,38,-0.095238,2025-11-09,revised
BMY,2025-11-09,46,0.210526,2025-11-16,revised
BMY,2025-11-16,45,-0.021739,2025-11-23,revised
BMY,2025-11-23,39,-0.133333,2025-11-30,revised
BMY,2025-11-30,47,0.205128,2025-12-07,revised
BMY,2025-12-07,41,-0.12766,2025-12-14,revised
BMY,2025-12-14,44,0.073171,2025-12-21,revised
BMY,2025-12-21,27,-0.386364,2025-12-28,revised
BMY,2025-12-28,26,-0.037037,2026-01-04,revised
BMY,2026-01-04,36,0.384615,2026-01-11,revised
BMY,2026-01-11,38,0.055556,2026-01-18,revised
BMY,2026-01-18,43,0.131579,2026-01-25,revised
BMY,2026-01-25,47,0.093023,2026-02-01,revised
BMY,2026-02-01,58,0.234043,2026-02-08,revised
BMY,2026-02-08,55,-0.051724,2026-02-15,revised
BMY,2026-02-15,63,0.145455,2026-02-22,revised
BMY,2026-02-22,53,-0.15873,2026-03-01,revised
BMY,2026-03-01,58,0.09434,2026-03-08,revised
BMY,2026-03-08,56,-0.034483,2026-03-15,revised
BMY,2026-03-15,58,0.035714,2026-03-22,revised
BMY,2026-03-22,54,-0.068966,2026-03-29,revised
BMY,2026-03-29,56,0.037037,2026-04-05,revised
BMY,2026-04-05,51,-0.089286,2026-04-12,revised
BMY,2026-04-12,49,-0.039216,2026-04-19,revised
BMY,2026-04-19,50,0.020408,2026-04-26,revised
BMY,2026-04-26,51,0.02,2026-05-03,revised
BMY,2026-05-03,66,0.294118,2026-05-10,revised
BMY,2026-05-10,61,-0.075758,2026-05-17,revised
BMY,2026-05-17,50,-0.180328,2026-05-24,revised
BMY,2026-05-24,53,0.06,2026-05-31,revised
BMY,2026-05-31,58,0.09434,2026-06-07,revised
BMY,2026-06-07,60,0.034483,2026-06-14,revised
BMY,2026-06-14,63,0.05,2026-06-21,revised
BMY,2026-06-21,66,0.047619,2026-06-28,revised
BMY,2026-06-28,59,-0.106061,2026-07-05,revised
BMY,2026-07-05,68,0.152542,2026-07-12,revised
BMY,2026-07-12,53,-0.220588,2026-07-19,revised
BMY,2026-07-19,59,0.113208,2026-07-26,revised
BMY,2026-07-26,61,0.033898,2026-08-02,revised
BMY,2026-08-02,100,0.639344,2026-08-09,revised
BMY,2026-08-09,83,-0.17,2026-08-16,revised
BMY,2026-08-16,69,-0.168675,2026-08-23,revised
BMY,2026-08-23,63,-0.086957,2026-08-30,revised
BMY,2026-08-30,56,-0.111111,2026-09-06,revised
BMY,2026-09-06,56,0.0,2026-09-13,revised
BMY,2026-09-13,79,0.410714,2026-09-20,revised
BMY,2026-09-20,82,0.037975,2026-09-27,revised
BMY,2026-09-27,31,-0.621951,2026-10-09,vintage
BMY,2026-10-04,24,-0.225806,2026-10-11,revised
BNY,2025-10-12,93,0.033333,2025-10-19,revised
BNY,2025-10-19,84,-0.096774,2025-10-26,revised
BNY,2025-10-26,86,0.02381,2025-11-02,revised
BNY,2025-11-02,79,-0.081395,2025-11-09,revised
BNY,2025-11-09,82,0.037975,2025-11-16,revised
BNY,2025-11-16,86,0.04878,2025-11-23,revised
BNY,2025-11-23,93,0.081395,2025-11-30,revised
BNY,2025-11-30,89,-0.043011,2025-12-07,revised
BNY,2025-12-07,94,0.05618,2025-12-14,revised
BNY,2025-12-14,78,-0.170213,2025-12-21,revised
BNY,2025-12-21,49,-0.371795,2025-12-28,revised
BNY,2025-12-28,53,0.081633,2026-01-04,revised
BNY,2026-01-04,69,0.301887,2026-01-11,revised
BNY,2026-01-11,92,0.333333,2026-01-18,revised
BNY,2026-01-18,87,-0.054348,2026-01-25,revised
BNY,2026-01-25,81,-0.068966,2026-02-01,revised
BNY,2026-02-01,93,0.148148,2026-02-08,revised
BNY,2026-02-08,85,-0.086022,2026-02-15,revised
BNY,2026-02-15,87,0.023529,2026-02-22,revised
BNY,2026-02-22,100,0.149425,2026-03-01,revised
BNY,2026-03-01,88,-0.12,2026-03-08,revised
BNY,2026-03-08,85,-0.034091,2026-03-15,revised
BNY,2026-03-15,81,-0.047059,2026-03-22,revised
BNY,2026-03-22,79,-0.024691,2026-03-29,revised
BNY,2026-03-29,83,0.050633,2026-04-05,revised
BNY,2026-04-05,80,-0.036145,2026-04-12,revised
BNY,2026-04-12,83,0.0375,2026-04-19,revised
BNY,2026-04-19,75,-0.096386,2026-04-26,revised
BNY,2026-04-26,68,-0.093333,2026-05-03,revised
BNY,2026-05-03,72,0.058824,2026-05-10,revised
BNY,2026-05-10,79,0.097222,2026-05-17,revised
BNY,2026-05-17,78,-0.012658,2026-05-24,revised
BNY,2026-05-24,83,0.064103,2026-05-31,revised
BNY,2026-05-31,84,0.012048,2026-06-07,revised
BNY,2026-06-07,90,0.071429,2026-06-14,revised
BNY,2026-06-14,81,-0.1,2026-06-21,revised
BNY,2026-06-21,71,-0.123457,2026-06-28,revised
BNY,2026-06-28,78,0.098592,2026-07-05,revised
BNY,2026-07-05,85,0.089744,2026-07-12,revised
BNY,2026-07-12,59,-0.305882,2026-07-19,revised
BNY,2026-07-19,75,0.271186,2026-07-26,revised
BNY,2026-07-26,64,-0.146667,2026-08-02,revised
BNY,2026-08-02,56,-0.125,2026-08-09,revised
BNY,2026-08-09,59,0.053571,2026-08-16,revised
BNY,2026-08-16,55,-0.067797,2026-08-23,revised
BNY,2026-08-23,65,0.181818,2026-08-30,revised
BNY,2026-08-30,59,-0.092308,2026-09-06,revised
BNY,2026-09-06,59,0.0,2026-09-13,revised
BNY,2026-09-13,88,0.491525,2026-09-20,revised
BNY,2026-09-20,59,-0.329545,2026-09-27,revised
BNY,2026-09-27,40,-0.322034,2026-10-09,vintage
BNY,2026-10-04,38,-0.05,2026-10-11,revised
BR,2025-10-12,28,-0.333333,2025-10-19,revised
BR,2025-10-19,30,0.071429,2025-10-26,revised
BR,2025-10-26,36,0.2,2025-11-02,revised
BR,2025-11-02,39,0.083333,2025-11-09,revised
BR,2025-11-09,39,0.0,2025-11-16,revised
BR,2025-11-16,30,-0.230769,2025-11-23,revised
BR,2025-11-23,32,0.066667,2025-11-30,revised
BR,2025-11-30,27,-0.15625,2025-12-07,revised
BR,2025-12-07,35,0.296296,2025-12-14,revised
BR,2025-12-14,57,0.628571,2025-12-21,revised
BR,2025-12-21,22,-0.614035,2025-12-28,revised
BR,2025-12-28,27,0.227273,2026-01-04,revised
BR,2026-01-04,47,0.740741,2026-01-11,revised
BR,2026-01-11,48,0.021277,2026-01-18,revised
BR,2026-01-18,41,-0.145833,2026-01-25,revised
BR,2026-01-25,61,0.487805,2026-02-01,revised
BR,2026-02-01,66,0.081967,2026-02-08,revised
BR,2026-02-08,53,-0.19697,2026-02-15,revised
BR,2026-02-15,91,0.716981,2026-02-22,revised
BR,2026-02-22,50,-0.450549,2026-03-01,revised
BR,2026-03-01,56,0.12,2026-03-08,revised
BR,2026-03-08,56,0.0,2026-03-15,revised
BR,2026-03-15,37,-0.339286,2026-03-22,revised
BR,2026-03-22,40,0.081081,2026-03-29,revised
BR,2026-03-29,77,0.925,2026-04-05,revised
BR,2026-04-05,70,-0.090909,2026-04-12,revised
BR,2026-04-12,62,-0.114286,2026-04-19,revised
BR,2026-04-19,59,-0.048387,2026-04-26,revised
BR,2026-04-26,65,0.101695,2026-05-03,revised
BR,2026-05-03,92,0.415385,2026-05-10,revised
BR,2026-05-10,75,-0.184783,2026-05-17,revised
BR,2026-05-17,54,-0.28,2026-05-24,revised
BR,2026-05-24,48,-0.111111,2026-05-31,revised
BR,2026-05-31,81,0.6875,2026-06-07,revised
BR,2026-06-07,93,0.148148,2026-06-14,revised
BR,2026-06-14,92,-0.010753,2026-06-21,revised
BR,2026-06-21,100,0.086957,2026-06-28,revised
BR,2026-06-28,54,-0.46,2026-07-05,revised
BR,2026-07-05,60,0.111111,2026-07-12,revised
BR,2026-07-12,41,-0.316667,2026-07-19,revised
BR,2026-07-19,81,0.97561,2026-07-26,revised
BR,2026-07-26,50,-0.382716,2026-08-02,revised
BR,2026-08-02,58,0.16,2026-08-09,revised
BR,2026-08-09,39,-0.327586,2026-08-16,revised
BR,2026-08-16,35,-0.102564,2026-08-23,revised
BR,2026-08-23,26,-0.257143,2026-08-30,revised
BR,2026-08-30,37,0.423077,2026-09-06,revised
BR,2026-09-06,31,-0.162162,2026-09-13,revised
BR,2026-09-13,35,0.129032,2026-09-20,revised
BR,2026-09-20,38,0.085714,2026-09-27,revised
BR,2026-09-27,25,-0.342105,2026-10-09,vintage
BR,2026-10-04,26,0.04,2026-10-11,revised
BRK-B,2025-10-12,0,0.0,2025-10-19,revised
BRK-B,2025-10-19,0,0.0,2025-10-26,revised
BRK-B,2025-10-26,0,0.0,2025-11-02,revised
BRK-B,2025-11-02,0,0.0,2025-11-09,revised
BRK-B,2025-11-09,0,0.0,2025-11-16,revised
BRK-B,2025-11-16,0,0.0,2025-11-23,revised
BRK-B,2025-11-23,0,0.0,2025-11-30,revised
BRK-B,2025-11-30,0,0.0,2025-12-07,revised
BRK-B,2025-12-07,0,0.0,2025-12-14,revised
BRK-B,2025-12-14,0,0.0,2025-12-21,revised
BRK-B,2025-12-21,0,0.0,2025-12-28,revised
BRK-B,2025-12-28,0,0.0,2026-01-04,revised
BRK-B,2026-01-04,0,0.0,2026-01-11,revised
BRK-B,2026-01-11,0,0.0,2026-01-18,revised
BRK-B,2026-01-18,0,0.0,2026-01-25,revised
BRK-B,2026-01-25,0,0.0,2026-02-01,revised
BRK-B,2026-02-01,0,0.0,2026-02-08,revised
BRK-B,2026-02-08,0,0.0,2026-02-15,revised
BRK-B,2026-02-15,0,0.0,2026-02-22,revised
BRK-B,2026-02-22,0,0.0,2026-03-01,revised
BRK-B,2026-03-01,0,0.0,2026-03-08,revised
BRK-B,2026-03-08,0,0.0,2026-03-15,revised
BRK-B,2026-03-15,0,0.0,2026-03-22,revised
BRK-B,2026-03-22,0,0.0,2026-03-29,revised
BRK-B,2026-03-29,0,0.0,2026-04-05,revised
BRK-B,2026-04-05,0,0.0,2026-04-12,revised
BRK-B,2026-04-12,0,0.0,2026-04-19,revised
BRK-B,2026-04-19,0,0.0,2026-04-26,revised
BRK-B,2026-04-26,0,0.0,2026-05-03,revised
BRK-B,2026-05-03,0,0.0,2026-05-10,revised
BRK-B,2026-05-10,100,0.0,2026-05-17,revised
BRK-B,2026-05-17,0,-1.0,2026-05-24,revised
BRK-B,2026-05-24,0,0.0,2026-05-31,revised
BRK-B,2026-05-31,0,0.0,2026-06-07,revised
BRK-B,2026-06-07,0,0.0,2026-06-14,revised
BRK-B,2026-06-14,0,0.0,2026-06-21,revised
BRK-B,2026-06-21,0,0.0,2026-06-28,revised
BRK-B,2026-06-28,0,0.0,2026-07-05,revised
BRK-B,2026-07-05,0,0.0,2026-07-12,revised
BRK-B,2026-07-12,0,0.0,2026-07-19,revised
BRK-B,2026-07-19,99,0.0,2026-07-26,revised
BRK-B,2026-07-26,0,-1.0,2026-08-02,revised
BRK-B,2026-08-02,0,0.0,2026-08-09,revised
BRK-B,2026-08-09,0,0.0,2026-08-16,revised
BRK-B,2026-08-16,0,0.0,2026-08-23,revised
BRK-B,2026-08-23,0,0.0,2026-08-30,revised
BRK-B,2026-08-30,0,0.0,2026-09-06,revised
BRK-B,2026-09-06,0,0.0,2026-09-13,revised
BRK-B,2026-09-13,0,0.0,2026-09-20,revised
BRK-B,2026-09-20,0,0.0,2026-09-27,revised
BRK-B,2026-09-27,0,0.0,2026-10-09,vintage
BRK-B,2026-10-04,0,0.0,2026-10-11,revised
BRO,2025-10-12,9,0.0,2025-10-19,revised
BRO,2025-10-19,10,0.111111,2025-10-26,revised
BRO,2025-10-26,10,0.0,2025-11-02,revised
BRO,2025-11-02,10,0.0,2025-11-09,revised
BRO,2025-11-09,9,-0.1,2025-11-16,revised
BRO,2025-11-16,12,0.333333,2025-11-23,revised
BRO,2025-11-23,11,-0.083333,2025-11-30,revised
BRO,2025-11-30,10,-0.090909,2025-12-07,revised
BRO,2025-12-07,10,0.0,2025-12-14,revised
BRO,2025-12-14,12,0.2,2025-12-21,revised
BRO,2025-12-21,7,-0.416667,2025-12-28,revised
BRO,2025-12-28,8,0.142857,2026-01-04,revised
BRO,2026-01-04,8,0.0,2026-01-11,revised
BRO,2026-01-11,8,0.0,2026-01-18,revised
BRO,2026-01-18,10,0.25,2026-01-25,revised
BRO,2026-01-25,13,0.3,2026-02-01,revised
BRO,2026-02-01,14,0.076923,2026-02-08,revised
BRO,2026-02-08,33,1.357143,2026-02-15,revised
BRO,2026-02-15,43,0.30303,2026-02-22,revised
BRO,2026-02-22,23,-0.465116,2026-03-01,revised
BRO,2026-03-01,9,-0.608696,2026-03-08,revised
BRO,2026-03-08,9,0.0,2026-03-15,revised
BRO,2026-03-15,11,0.222222,2026-03-22,revised
BRO,2026-03-22,41,2.727273,2026-03-29,revised
BRO,2026-03-29,79,0.926829,2026-04-05,revised
BRO,2026-04-05,87,0.101266,2026-04-12,revised
BRO,2026-04-12,100,0.149425,2026-04-19,revised
BRO,2026-04-19,79,-0.21,2026-04-26,revised
BRO,2026-04-26,62,-0.21519,2026-05-03,revised
BRO,2026-05-03,83,0.33871,2026-05-10,revised
BRO,2026-05-10,90,0.084337,2026-05-17,revised
BRO,2026-05-17,59,-0.344444,2026-05-24,revised
BRO,2026-05-24,40,-0.322034,2026-05-31,revised
BRO,2026-05-31,40,0.0,2026-06-07,revised
BRO,2026-06-07,32,-0.2,2026-06-14,revised
BRO,2026-06-14,31,-0.03125,2026-06-21,revised
BRO,2026-06-21,26,-0.16129,2026-06-28,revised
BRO,2026-06-28,13,-0.5,2026-07-05,revised
BRO,2026-07-05,12,-0.076923,2026-07-12,revised
BRO,2026-07-12,8,-0.333333,2026-07-19,revised
BRO,2026-07-19,9,0.125,2026-07-26,revised
BRO,2026-07-26,9,0.0,2026-08-02,revised
BRO,2026-08-02,9,0.0,2026-08-09,revised
BRO,2026-08-09,12,0.333333,2026-08-16,revised
BRO,2026-08-16,18,0.5,2026-08-23,revised
BRO,2026-08-23,20,0.111111,2026-08-30,revised
BRO,2026-08-30,38,0.9,2026-09-06,revised
BRO,2026-09-06,35,-0.078947,2026-09-13,revised
BRO,2026-09-13,20,-0.428571,2026-09-20,revised
BRO,2026-09-20,29,0.45,2026-09-27,revised
BRO,2026-09-27,8,-0.724138,2026-10-09,vintage
BRO,2026-10-04,6,-0.25,2026-10-11,revised
BSX,2025-10-12,57,0.075472,2025-10-19,revised
BSX,2025-10-19,58,0.017544,2025-10-26,revised
BSX,2025-10-26,50,-0.137931,2025-11-02,revised
BSX,2025-11-02,51,0.02,2025-11-09,revised
BSX,2025-11-09,50,-0.019608,2025-11-16,revised
BSX,2025-11-16,54,0.08,2025-11-23,revised
BSX,2025-11-23,47,-0.12963,2025-11-30,revised
BSX,2025-11-30,56,0.191489,2025-12-07,revised
BSX,2025-12-07,49,-0.125,2025-12-14,revised
BSX,2025-12-14,51,0.040816,2025-12-21,revised
BSX,2025-12-21,33,-0.352941,2025-12-28,revised
BSX,2025-12-28,33,0.0,2026-01-04,revised
BSX,2026-01-04,50,0.515152,2026-01-11,revised
BSX,2026-01-11,66,0.32,2026-01-18,revised
BSX,2026-01-18,63,-0.045455,2026-01-25,revised
BSX,2026-01-25,64,0.015873,2026-02-01,revised
BSX,2026-02-01,72,0.125,2026-02-08,revised
BSX,2026-02-08,63,-0.125,2026-02-15,revised
BSX,2026-02-15,61,-0.031746,2026-02-22,revised
BSX,2026-02-22,63,0.032787,2026-03-01,revised
BSX,2026-03-01,64,0.015873,2026-03-08,revised
BSX,2026-03-08,64,0.0,2026-03-15,revised
BSX,2026-03-15,65,0.015625,2026-03-22,revised
BSX,2026-03-22,60,-0.076923,2026-03-29,revised
BSX,2026-03-29,70,0.166667,2026-04-05,revised
BSX,2026-04-05,62,-0.114286,2026-04-12,revised
BSX,2026-04-12,67,0.080645,2026-04-19,revised
BSX,2026-04-19,68,0.014925,2026-04-26,revised
BSX,2026-04-26,60,-0.117647,2026-05-03,revised
BSX,2026-05-03,65,0.083333,2026-05-10,revised
BSX,2026-05-10,71,0.092308,2026-05-17,revised
BSX,2026-05-17,65,-0.084507,2026-05-24,revised
BSX,2026-05-24,69,0.061538,2026-05-31,revised
BSX,2026-05-31,77,0.115942,2026-06-07,revised
BSX,2026-06-07,63,-0.181818,2026-06-14,revised
BSX,2026-06-14,72,0.142857,2026-06-21,revised
BSX,2026-06-21,64,-0.111111,2026-06-28,revised
BSX,2026-06-28,61,-0.046875,2026-07-05,revised
BSX,2026-07-05,61,0.0,2026-07-12,revised
BSX,2026-07-12,56,-0.081967,2026-07-19,revised
BSX,2026-07-19,69,0.232143,2026-07-26,revised
BSX,2026-07-26,72,0.043478,2026-08-02,revised
BSX,2026-08-02,57,-0.208333,2026-08-09,revised
BSX,2026-08-09,62,0.087719,2026-08-16,revised
BSX,2026-08-16,53,-0.145161,2026-08-23,revised
BSX,2026-08-23,100,0.886792,2026-08-30,revised
BSX,2026-08-30,73,-0.27,2026-09-06,revised
BSX,2026-09-06,64,-0.123288,2026-09-13,revised
BSX,2026-09-13,65,0.015625,2026-09-20,revised
BSX,2026-09-20,69,0.061538,2026-09-27,revised
BSX,2026-09-27,41,-0.405797,2026-10-09,vintage
BSX,2026-10-04,40,-0.02439,2026-10-11,revised
BX,2025-10-12,25,-0.285714,2025-10-19,revised
BX,2025-10-19,30,0.2,2025-10-26,revised
BX,2025-10-26,32,0.066667,2025-11-02,revised
BX,2025-11-02,37,0.15625,2025-11-09,revised
BX,2025-11-09,29,-0.216216,2025-11-16,revised
BX,2025-11-16,27,-0.068966,2025-11-23,revised
BX,2025-11-23,38,0.407407,2025-11-30,revised
BX,2025-11-30,31,-0.184211,2025-12-07,revised
BX,2025-12-07,21,-0.322581,2025-12-14,revised
BX,2025-12-14,33,0.571429,2025-12-21,revised
BX,2025-12-21,17,-0.484848,2025-12-28,revised
BX,2025-12-28,21,0.235294,2026-01-04,revised
BX,2026-01-04,47,1.238095,2026-01-11,revised
BX,2026-01-11,47,0.0,2026-01-18,revised
BX,2026-01-18,33,-0.297872,2026-01-25,revised
BX,2026-01-25,32,-0.030303,2026-02-01,revised
BX,2026-02-01,49,0.53125,2026-02-08,revised
BX,2026-02-08,44,-0.102041,2026-02-15,revised
BX,2026-02-15,78,0.772727,2026-02-22,revised
BX,2026-02-22,59,-0.24359,2026-03-01,revised
BX,2026-03-01,64,0.084746,2026-03-08,revised
BX,2026-03-08,67,0.046875,2026-03-15,revised
BX,2026-03-15,54,-0.19403,2026-03-22,revised
BX,2026-03-22,62,0.148148,2026-03-29,revised
BX,2026-03-29,94,0.516129,2026-04-05,revised
BX,2026-04-05,84,-0.106383,2026-04-12,revised
BX,2026-04-12,73,-0.130952,2026-04-19,revised
BX,2026-04-19,52,-0.287671,2026-04-26,revised
BX,2026-04-26,53,0.019231,2026-05-03,revised
BX,2026-05-03,93,0.754717,2026-05-10,revised
BX,2026-05-10,71,-0.236559,2026-05-17,revised
BX,2026-05-17,60,-0.15493,2026-05-24,revised
BX,2026-05-24,80,0.333333,2026-05-31,revised
BX,2026-05-31,85,0.0625,2026-06-07,revised
BX,2026-06-07,56,-0.341176,2026-06-14,revised
BX,2026-06-14,95,0.696429,2026-06-21,revised
BX,2026-06-21,100,0.052632,2026-06-28,revised
BX,2026-06-28,58,-0.42,2026-07-05,revised
BX,2026-07-05,86,0.482759,2026-07-12,revised
BX,2026-07-12,49,-0.430233,2026-07-19,revised
BX,2026-07-19,68,0.387755,2026-07-26,revised
BX,2026-07-26,55,-0.191176,2026-08-02,revised
BX,2026-08-02,70,0.272727,2026-08-09,revised
BX,2026-08-09,45,-0.357143,2026-08-16,revised
BX,2026-08-16,31,-0.311111,2026-08-23,revised
BX,2026-08-23,46,0.483871,2026-08-30,revised
BX,2026-08-30,56,0.217391,2026-09-06,revised
BX,2026-09-06,52,-0.071429,2026-09-13,revised
BX,2026-09-13,64,0.230769,2026-09-20,revised
BX,2026-09-20,90,0.40625,2026-09-27,revised
BX,2026-09-27,35,-0.611111,2026-10-09,vintage
BX,2026-10-04,53,0.514286,2026-10-11,revised
BXP,2025-10-12,0,0.0,2025-10-19,revised
BXP,2025-10-19,0,0.0,2025-10-26,revised
BXP,2025-10-26,0,0.0,2025-11-02,revised
BXP,2025-11-02,0,0.0,2025-11-09,revised
BXP,2025-11-09,0,0.0,2025-11-16,revised
BXP,2025-11-16,0,0.0,2025-11-23,revised
BXP,2025-11-23,0,0.0,2025-11-30,revised
BXP,2025-11-30,0,0.0,2025-12-07,revised
BXP,2025-12-07,0,0.0,2025-12-14,revised
BXP,2025-12-14,0,0.0,2025-12-21,revised
BXP,2025-12-21,0,0.0,2025-12-28,revised
BXP,2025-12-28,0,0.0,2026-01-04,revised
BXP,2026-01-04,0,0.0,2026-01-11,revised
BXP,2026-01-11,0,0.0,2026-01-18,revised
BXP,2026-01-18,0,0.0,2026-01-25,revised
BXP,2026-01-25,0,0.0,2026-02-01,revised
BXP,2026-02-01,0,0.0,2026-02-08,revised
BXP,2026-02-08,0,0.0,2026-02-15,revised
BXP,2026-02-15,0,0.0,2026-02-22,revised
BXP,2026-02-22,0,0.0,2026-03-01,revised
BXP,2026-03-01,0,0.0,2026-03-08,revised
BXP,2026-03-08,0,0.0,2026-03-15,revised
BXP,2026-03-15,100,0.0,2026-03-22,revised
BXP,2026-03-22,0,-1.0,2026-03-29,revised
BXP,2026-03-29,0,0.0,2026-04-05,revised
BXP,2026-04-05,0,0.0,2026-04-12,revised
BXP,2026-04-12,0,0.0,2026-04-19,revised
BXP,2026-04-19,0,0.0,2026-04-26,revised
BXP,2026-04-26,0,0.0,2026-05-03,revised
BXP,2026-05-03,0,0.0,2026-05-10,revised
BXP,2026-05-10,0,0.0,2026-05-17,revised
BXP,2026-05-17,0,0.0,2026-05-24,revised
BXP,2026-05-24,0,0.0,2026-05-31,revised
BXP,2026-05-31,0,0.0,2026-06-07,revised
BXP,2026-06-07,0,0.0,2026-06-14,revised
BXP,2026-06-14,0,0.0,2026-06-21,revised
BXP,2026-06-21,0,0.0,2026-06-28,revised
BXP,2026-06-28,0,0.0,2026-07-05,revised
BXP,2026-07-05,0,0.0,2026-07-12,revised
BXP,2026-07-12,0,0.0,2026-07-19,revised
BXP,2026-07-19,0,0.0,2026-07-26,revised
BXP,2026-07-26,0,0.0,2026-08-02,revised
BXP,2026-08-02,0,0.0,2026-08-09,revised
BXP,2026-08-09,0,0.0,2026-08-16,revised
BXP,2026-08-16,0,0.0,2026-08-23,revised
BXP,2026-08-23,0,0.0,2026-08-30,revised
BXP,2026-08-30,0,0.0,2026-09-06,revised
BXP,2026-09-06,0,0.0,2026-09-13,revised
BXP,2026-09-13,0,0.0,2026-09-20,revised
BXP,2026-09-20,0,0.0,2026-09-27,revised
BXP,2026-09-27,0,0.0,2026-10-09,vintage
BXP,2026-10-04,0,0.0,2026-10-11,revised
CAT,2025-10-12,22,0.157895,2025-10-19,revised
CAT,2025-10-19,18,-0.181818,2025-10-26,revised
CAT,2025-10-26,24,0.333333,2025-11-02,revised
CAT,2025-11-02,20,-0.166667,2025-11-09,revised
CAT,2025-11-09,26,0.3,2025-11-16,revised
CAT,2025-11-16,28,0.076923,2025-11-23,revised
CAT,2025-11-23,25,-0.107143,2025-11-30,revised
CAT,2025-11-30,22,-0.12,2025-12-07,revised
CAT,2025-12-07,27,0.227273,2025-12-14,revised
CAT,2025-12-14,22,-0.185185,2025-12-21,revised
CAT,2025-12-21,12,-0.454545,2025-12-28,revised
CAT,2025-12-28,26,1.166667,2026-01-04,revised
CAT,2026-01-04,50,0.923077,2026-01-11,revised
CAT,2026-01-11,27,-0.46,2026-01-18,revised
CAT,2026-01-18,21,-0.222222,2026-01-25,revised
CAT,2026-01-25,30,0.428571,2026-02-01,revised
CAT,2026-02-01,54,0.8,2026-02-08,revised
CAT,2026-02-08,53,-0.018519,2026-02-15,revised
CAT,2026-02-15,100,0.886792,2026-02-22,revised
CAT,2026-02-22,81,-0.19,2026-03-01,revised
CAT,2026-03-01,39,-0.518519,2026-03-08,revised
CAT,2026-03-08,31,-0.205128,2026-03-15,revised
CAT,2026-03-15,48,0.548387,2026-03-22,revised
CAT,2026-03-22,27,-0.4375,2026-03-29,revised
CAT,2026-03-29,46,0.703704,2026-04-05,revised
CAT,2026-04-05,51,0.108696,2026-04-12,revised
CAT,2026-04-12,37,-0.27451,2026-04-19,revised
CAT,2026-04-19,29,-0.216216,2026-04-26,revised
CAT,2026-04-26,50,0.724138,2026-05-03,revised
CAT,2026-05-03,46,-0.08,2026-05-10,revised
CAT,2026-05-10,49,0.065217,2026-05-17,revised
CAT,2026-05-17,38,-0.22449,2026-05-24,revised
CAT,2026-05-24,31,-0.184211,2026-05-31,revised
CAT,2026-05-31,43,0.387097,2026-06-07,revised
CAT,2026-06-07,47,0.093023,2026-06-14,revised
CAT,2026-06-14,41,-0.12766,2026-06-21,revised
CAT,2026-06-21,60,0.463415,2026-06-28,revised
CAT,2026-06-28,41,-0.316667,2026-07-05,revised
CAT,2026-07-05,55,0.341463,2026-07-12,revised
CAT,2026-07-12,33,-0.4,2026-07-19,revised
CAT,2026-07-19,40,0.212121,2026-07-26,revised
CAT,2026-07-26,51,0.275,2026-08-02,revised
CAT,2026-08-02,40,-0.215686,2026-08-09,revised
CAT,2026-08-09,35,-0.125,2026-08-16,revised
CAT,2026-08-16,15,-0.571429,2026-08-23,revised
CAT,2026-08-23,36,1.4,2026-08-30,revised
CAT,2026-08-30,48,0.333333,2026-09-06,revised
CAT,2026-09-06,41,-0.145833,2026-09-13,revised
CAT,2026-09-13,61,0.487805,2026-09-20,revised
CAT,2026-09-20,57,-0.065574,2026-09-27,revised
CAT,2026-09-27,26,-0.54386,2026-10-09,vintage
CAT,2026-10-04,23,-0.115385,2026-10-11,revised
CHRW,2025-10-12,21,0.166667,2025-10-19,revised
CHRW,2025-10-19,28,0.333333,2025-10-26,revised
CHRW,2025-10-26,26,-0.071429,2025-11-02,revised
CHRW,2025-11-02,26,0.0,2025-11-09,revised
CHRW,2025-11-09,23,-0.115385,2025-11-16,revised
CHRW,2025-11-16,25,0.086957,2025-11-23,revised
CHRW,2025-11-23,20,-0.2,2025-11-30,revised
CHRW,2025-11-30,25,0.25,2025-12-07,revised
CHRW,2025-12-07,23,-0.08,2025-12-14,revised
CHRW,2025-12-14,23,0.0,2025-12-21,revised
CHRW,2025-12-21,10,-0.565217,2025-12-28,revised
CHRW,2025-12-28,10,0.0,2026-01-04,revised
CHRW,2026-01-04,15,0.5,2026-01-11,revised
CHRW,2026-01-11,19,0.266667,2026-01-18,revised
CHRW,2026-01-18,30,0.578947,2026-01-25,revised
CHRW,2026-01-25,34,0.133333,2026-02-01,revised
CHRW,2026-02-01,32,-0.058824,2026-02-08,revised
CHRW,2026-02-08,75,1.34375,2026-02-15,revised
CHRW,2026-02-15,57,-0.24,2026-02-22,revised
CHRW,2026-02-22,41,-0.280702,2026-03-01,revised
CHRW,2026-03-01,37,-0.097561,2026-03-08,revised
CHRW,2026-03-08,38,0.027027,2026-03-15,revised
CHRW,2026-03-15,32,-0.157895,2026-03-22,revised
CHRW,2026-03-22,26,-0.1875,2026-03-29,revised
CHRW,2026-03-29,29,0.115385,2026-04-05,revised
CHRW,2026-04-05,36,0.241379,2026-04-12,revised
CHRW,2026-04-12,33,-0.083333,2026-04-19,revised
CHRW,2026-04-19,36,0.090909,2026-04-26,revised
CHRW,2026-04-26,21,-0.416667,2026-05-03,revised
CHRW,2026-05-03,39,0.857143,2026-05-10,revised
CHRW,2026-05-10,36,-0.076923,2026-05-17,revised
CHRW,2026-05-17,29,-0.194444,2026-05-24,revised
CHRW,2026-05-24,33,0.137931,2026-05-31,revised
CHRW,2026-05-31,45,0.363636,2026-06-07,revised
CHRW,2026-06-07,33,-0.266667,2026-06-14,revised
CHRW,2026-06-14,32,-0.030303,2026-06-21,revised
CHRW,2026-06-21,40,0.25,2026-06-28,revised
CHRW,2026-06-28,37,-0.075,2026-07-05,revised
CHRW,2026-07-05,34,-0.081081,2026-07-12,revised
CHRW,2026-07-12,32,-0.058824,2026-07-19,revised
CHRW,2026-07-19,44,0.375,2026-07-26,revised
CHRW,2026-07-26,36,-0.181818,2026-08-02,revised
CHRW,2026-08-02,30,-0.166667,2026-08-09,revised
CHRW,2026-08-09,28,-0.066667,2026-08-16,revised
CHRW,2026-08-16,20,-0.285714,2026-08-23,revised
CHRW,2026-08-23,33,0.65,2026-08-30,revised
CHRW,2026-08-30,41,0.242424,2026-09-06,revised
CHRW,2026-09-06,40,-0.02439,2026-09-13,revised
CHRW,2026-09-13,100,1.5,2026-09-20,revised
CHRW,2026-09-20,47,-0.53,2026-09-27,revised
CHRW,2026-09-27,15,-0.680851,2026-10-09,vintage
CHRW,2026-10-04,21,0.4,2026-10-11,revised
COST,2025-10-12,17,-0.291667,2025-10-19,revised
COST,2025-10-19,24,0.411765,2025-10-26,revised
COST,2025-10-26,23,-0.041667,2025-11-02,revised
COST,2025-11-02,22,-0.043478,2025-11-09,revised
COST,2025-11-09,21,-0.045455,2025-11-16,revised
COST,2025-11-16,30,0.428571,2025-11-23,revised
COST,2025-11-23,26,-0.133333,2025-11-30,revised
COST,2025-11-30,33,0.269231,2025-12-07,revised
COST,2025-12-07,43,0.30303,2025-12-14,revised
COST,2025-12-14,34,-0.209302,2025-12-21,revised
COST,2025-12-21,18,-0.470588,2025-12-28,revised
COST,2025-12-28,20,0.111111,2026-01-04,revised
COST,2026-01-04,29,0.45,2026-01-11,revised
COST,2026-01-11,30,0.034483,2026-01-18,revised
COST,2026-01-18,36,0.2,2026-01-25,revised
COST,2026-01-25,46,0.277778,2026-02-01,revised
COST,2026-02-01,63,0.369565,2026-02-08,revised
COST,2026-02-08,37,-0.412698,2026-02-15,revised
COST,2026-02-15,62,0.675676,2026-02-22,revised
COST,2026-02-22,66,0.064516,2026-03-01,revised
COST,2026-03-01,75,0.136364,2026-03-08,revised
COST,2026-03-08,61,-0.186667,2026-03-15,revised
COST,2026-03-15,56,-0.081967,2026-03-22,revised
COST,2026-03-22,49,-0.125,2026-03-29,revised
COST,2026-03-29,57,0.163265,2026-04-05,revised
COST,2026-04-05,39,-0.315789,2026-04-12,revised
COST,2026-04-12,30,-0.230769,2026-04-19,revised
COST,2026-04-19,28,-0.066667,2026-04-26,revised
COST,2026-04-26,44,0.571429,2026-05-03,revised
COST,2026-05-03,67,0.522727,2026-05-10,revised
COST,2026-05-10,59,-0.119403,2026-05-17,revised
COST,2026-05-17,31,-0.474576,2026-05-24,revised
COST,2026-05-24,34,0.096774,2026-05-31,revised
COST,2026-05-31,39,0.147059,2026-06-07,revised
COST,2026-06-07,42,0.076923,2026-06-14,revised
COST,2026-06-14,34,-0.190476,2026-06-21,revised
COST,2026-06-21,47,0.382353,2026-06-28,revised
COST,2026-06-28,31,-0.340426,2026-07-05,revised
COST,2026-07-05,48,0.548387,2026-07-12,revised
COST,2026-07-12,26,-0.458333,2026-07-19,revised
COST,2026-07-19,59,1.269231,2026-07-26,revised
COST,2026-07-26,55,-0.067797,2026-08-02,revised
COST,2026-08-02,42,-0.236364,2026-08-09,revised
COST,2026-08-09,35,-0.166667,2026-08-16,revised
COST,2026-08-16,32,-0.085714,2026-08-23,revised
COST,2026-08-23,34,0.0625,2026-08-30,revised
COST,2026-08-30,31,-0.088235,2026-09-06,revised
COST,2026-09-06,42,0.354839,2026-09-13,revised
COST,2026-09-13,65,0.547619,2026-09-20,revised
COST,2026-09-20,100,0.538462,2026-09-27,revised
COST,2026-09-27,23,-0.77,2026-10-09,vintage
COST,2026-10-04,12,-0.478261,2026-10-11,revised
CRM,2025-10-12,12,0.2,2025-10-19,revised
CRM,2025-10-19,11,-0.083333,2025-10-26,revised
CRM,2025-10-26,10,-0.090909,2025-11-02,revised
CRM,2025-11-02,8,-0.2,2025-11-09,revised
CRM,2025-11-09,8,0.0,2025-11-16,revised
CRM,2025-11-16,12,0.5,2025-11-23,revised
CRM,2025-11-23,13,0.083333,2025-11-30,revised
CRM,2025-11-30,11,-0.153846,2025-12-07,revised
CRM,2025-12-07,9,-0.181818,2025-12-14,revised
CRM,2025-12-14,8,-0.111111,2025-12-21,revised
CRM,2025-12-21,4,-0.5,2025-12-28,revised
CRM,2025-12-28,2,-0.5,2026-01-04,revised
CRM,2026-01-04,8,3.0,2026-01-11,revised
CRM,2026-01-11,11,0.375,2026-01-18,revised
CRM,2026-01-18,13,0.181818,2026-01-25,revised
CRM,2026-01-25,19,0.461538,2026-02-01,revised
CRM,2026-02-01,32,0.684211,2026-02-08,revised
CRM,2026-02-08,31,-0.03125,2026-02-15,revised
CRM,2026-02-15,53,0.709677,2026-02-22,revised
CRM,2026-02-22,66,0.245283,2026-03-01,revised
CRM,2026-03-01,33,-0.5,2026-03-08,revised
CRM,2026-03-08,30,-0.090909,2026-03-15,revised
CRM,2026-03-15,28,-0.066667,2026-03-22,revised
CRM,2026-03-22,37,0.321429,2026-03-29,revised
CRM,2026-03-29,35,-0.054054,2026-04-05,revised
CRM,2026-04-05,23,-0.342857,2026-04-12,revised
CRM,2026-04-12,34,0.478261,2026-04-19,revised
CRM,2026-04-19,15,-0.558824,2026-04-26,revised
CRM,2026-04-26,30,1.0,2026-05-03,revised
CRM,2026-05-03,32,0.066667,2026-05-10,revised
CRM,2026-05-10,32,0.0,2026-05-17,revised
CRM,2026-05-17,21,-0.34375,2026-05-24,revised
CRM,2026-05-24,38,0.809524,2026-05-31,revised
CRM,2026-05-31,42,0.105263,2026-06-07,revised
CRM,2026-06-07,24,-0.428571,2026-06-14,revised
CRM,2026-06-14,40,0.666667,2026-06-21,revised
CRM,2026-06-21,45,0.125,2026-06-28,revised
CRM,2026-06-28,23,-0.488889,2026-07-05,revised
CRM,2026-07-05,30,0.304348,2026-07-12,revised
CRM,2026-07-12,12,-0.6,2026-07-19,revised
CRM,2026-07-19,21,0.75,2026-07-26,revised
CRM,2026-07-26,20,-0.047619,2026-08-02,revised
CRM,2026-08-02,15,-0.25,2026-08-09,revised
CRM,2026-08-09,11,-0.266667,2026-08-16,revised
CRM,2026-08-16,11,0.0,2026-08-23,revised
CRM,2026-08-23,40,2.636364,2026-08-30,revised
CRM,2026-08-30,39,-0.025,2026-09-06,revised
CRM,2026-09-06,39,0.0,2026-09-13,revised
CRM,2026-09-13,100,1.564103,2026-09-20,revised
CRM,2026-09-20,59,-0.41,2026-09-27,revised
CRM,2026-09-27,9,-0.847458,2026-10-09,vintage
CRM,2026-10-04,3,-0.666667,2026-10-11,revised
CSCO,2025-10-12,43,0.0,2025-10-19,revised
CSCO,2025-10-19,0,-1.0,2025-10-26,revised
CSCO,2025-10-26,0,0.0,2025-11-02,revised
CSCO,2025-11-02,0,0.0,2025-11-09,revised
CSCO,2025-11-09,33,0.0,2025-11-16,revised
CSCO,2025-11-16,0,-1.0,2025-11-23,revised
CSCO,2025-11-23,35,0.0,2025-11-30,revised
CSCO,2025-11-30,0,-1.0,2025-12-07,revised
CSCO,2025-12-07,0,0.0,2025-12-14,revised
CSCO,2025-12-14,0,0.0,2025-12-21,revised
CSCO,2025-12-21,0,0.0,2025-12-28,revised
CSCO,2025-12-28,0,0.0,2026-01-04,revised
CSCO,2026-01-04,0,0.0,2026-01-11,revised
CSCO,2026-01-11,29,0.0,2026-01-18,revised
CSCO,2026-01-18,33,0.137931,2026-01-25,revised
CSCO,2026-01-25,25,-0.242424,2026-02-01,revised
CSCO,2026-02-01,51,1.04,2026-02-08,revised
CSCO,2026-02-08,35,-0.313725,2026-02-15,revised
CSCO,2026-02-15,43,0.228571,2026-02-22,revised
CSCO,2026-02-22,34,-0.209302,2026-03-01,revised
CSCO,2026-03-01,48,0.411765,2026-03-08,revised
CSCO,2026-03-08,32,-0.333333,2026-03-15,revised
CSCO,2026-03-15,35,0.09375,2026-03-22,revised
CSCO,2026-03-22,87,1.485714,2026-03-29,revised
CSCO,2026-03-29,70,-0.195402,2026-04-05,revised
CSCO,2026-04-05,27,-0.614286,2026-04-12,revised
CSCO,2026-04-12,39,0.444444,2026-04-19,revised
CSCO,2026-04-19,26,-0.333333,2026-04-26,revised
CSCO,2026-04-26,0,-1.0,2026-05-03,revised
CSCO,2026-05-03,39,0.0,2026-05-10,revised
CSCO,2026-05-10,71,0.820513,2026-05-17,revised
CSCO,2026-05-17,49,-0.309859,2026-05-24,revised
CSCO,2026-05-24,52,0.061224,2026-05-31,revised
CSCO,2026-05-31,78,0.5,2026-06-07,revised
CSCO,2026-06-07,97,0.24359,2026-06-14,revised
CSCO,2026-06-14,100,0.030928,2026-06-21,revised
CSCO,2026-06-21,85,-0.15,2026-06-28,revised
CSCO,2026-06-28,63,-0.258824,2026-07-05,revised
CSCO,2026-07-05,48,-0.238095,2026-07-12,revised
CSCO,2026-07-12,76,0.583333,2026-07-19,revised
CSCO,2026-07-19,57,-0.25,2026-07-26,revised
CSCO,2026-07-26,34,-0.403509,2026-08-02,revised
CSCO,2026-08-02,33,-0.029412,2026-08-09,revised
CSCO,2026-08-09,48,0.454545,2026-08-16,revised
CSCO,2026-08-16,25,-0.479167,2026-08-23,revised
CSCO,2026-08-23,31,0.24,2026-08-30,revised
CSCO,2026-08-30,35,0.129032,2026-09-06,revised
CSCO,2026-09-06,37,0.057143,2026-09-13,revised
CSCO,2026-09-13,0,-1.0,2026-09-20,revised
CSCO,2026-09-20,2,0.0,2026-09-27,revised
CSCO,2026-09-27,10,4.0,2026-10-09,vintage
CSCO,2026-10-04,7,-0.3,2026-10-11,revised
CVX,2025-10-12,18,-0.052632,2025-10-19,revised
CVX,2025-10-19,25,0.388889,2025-10-26,revised
CVX,2025-10-26,22,-0.12,2025-11-02,revised
CVX,2025-11-02,21,-0.045455,2025-11-09,revised
CVX,2025-11-09,19,-0.095238,2025-11-16,revised
CVX,2025-11-16,23,0.210526,2025-11-23,revised
CVX,2025-11-23,21,-0.086957,2025-11-30,revised
CVX,2025-11-30,27,0.285714,2025-12-07,revised
CVX,2025-12-07,24,-0.111111,2025-12-14,revised
CVX,2025-12-14,20,-0.166667,2025-12-21,revised
CVX,2025-12-21,14,-0.3,2025-12-28,revised
CVX,2025-12-28,19,0.357143,2026-01-04,revised
CVX,2026-01-04,90,3.736842,2026-01-11,revised
CVX,2026-01-11,36,-0.6,2026-01-18,revised
CVX,2026-01-18,29,-0.194444,2026-01-25,revised
CVX,2026-01-25,37,0.275862,2026-02-01,revised
CVX,2026-02-01,40,0.081081,2026-02-08,revised
CVX,2026-02-08,35,-0.125,2026-02-15,revised
CVX,2026-02-15,52,0.485714,2026-02-22,revised
CVX,2026-02-22,46,-0.115385,2026-03-01,revised
CVX,2026-03-01,44,-0.043478,2026-03-08,revised
CVX,2026-03-08,34,-0.227273,2026-03-15,revised
CVX,2026-03-15,37,0.088235,2026-03-22,revised
CVX,2026-03-22,48,0.297297,2026-03-29,revised
CVX,2026-03-29,50,0.041667,2026-04-05,revised
CVX,2026-04-05,52,0.04,2026-04-12,revised
CVX,2026-04-12,82,0.576923,2026-04-19,revised
CVX,2026-04-19,37,-0.54878,2026-04-26,revised
CVX,2026-04-26,44,0.189189,2026-05-03,revised
CVX,2026-05-03,48,0.090909,2026-05-10,revised
CVX,2026-05-10,46,-0.041667,2026-05-17,revised
CVX,2026-05-17,37,-0.195652,2026-05-24,revised
CVX,2026-05-24,41,0.108108,2026-05-31,revised
CVX,2026-05-31,50,0.219512,2026-06-07,revised
CVX,2026-06-07,25,-0.5,2026-06-14,revised
CVX,2026-06-14,35,0.4,2026-06-21,revised
CVX,2026-06-21,35,0.0,2026-06-28,revised
CVX,2026-06-28,26,-0.257143,2026-07-05,revised
CVX,2026-07-05,32,0.230769,2026-07-12,revised
CVX,2026-07-12,25,-0.21875,2026-07-19,revised
CVX,2026-07-19,45,0.8,2026-07-26,revised
CVX,2026-07-26,64,0.422222,2026-08-02,revised
CVX,2026-08-02,100,0.5625,2026-08-09,revised
CVX,2026-08-09,20,-0.8,2026-08-16,revised
CVX,2026-08-16,26,0.3,2026-08-23,revised
CVX,2026-08-23,21,-0.192308,2026-08-30,revised
CVX,2026-08-30,66,2.142857,2026-09-06,revised
CVX,2026-09-06,63,-0.045455,2026-09-13,revised
CVX,2026-09-13,21,-0.666667,2026-09-20,revised
CVX,2026-09-20,36,0.714286,2026-09-27,revised
CVX,2026-09-27,19,-0.472222,2026-10-09,vintage
CVX,2026-10-04,10,-0.473684,2026-10-11,revised
DHR,2025-10-12,36,-0.076923,2025-10-19,revised
DHR,2025-10-19,58,0.611111,2025-10-26,revised
DHR,2025-10-26,62,0.068966,2025-11-02,revised
DHR,2025-11-02,43,-0.306452,2025-11-09,revised
DHR,2025-11-09,45,0.046512,2025-11-16,revised
DHR,2025-11-16,61,0.355556,2025-11-23,revised
DHR,2025-11-23,34,-0.442623,2025-11-30,revised
DHR,2025-11-30,46,0.352941,2025-12-07,revised
DHR,2025-12-07,47,0.021739,2025-12-14,revised
DHR,2025-12-14,52,0.106383,2025-12-21,revised
DHR,2025-12-21,20,-0.615385,2025-12-28,revised
DHR,2025-12-28,44,1.2,2026-01-04,revised
DHR,2026-01-04,55,0.25,2026-01-11,revised
DHR,2026-01-11,45,-0.181818,2026-01-18,revised
DHR,2026-01-18,76,0.688889,2026-01-25,revised
DHR,2026-01-25,51,-0.328947,2026-02-01,revised
DHR,2026-02-01,62,0.215686,2026-02-08,revised
DHR,2026-02-08,66,0.064516,2026-02-15,revised
DHR,2026-02-15,96,0.454545,2026-02-22,revised
DHR,2026-02-22,67,-0.302083,2026-03-01,revised
DHR,2026-03-01,52,-0.223881,2026-03-08,revised
DHR,2026-03-08,48,-0.076923,2026-03-15,revised
DHR,2026-03-15,65,0.354167,2026-03-22,revised
DHR,2026-03-22,55,-0.153846,2026-03-29,revised
DHR,2026-03-29,56,0.018182,2026-04-05,revised
DHR,2026-04-05,53,-0.053571,2026-04-12,revised
DHR,2026-04-12,64,0.207547,2026-04-19,revised
DHR,2026-04-19,78,0.21875,2026-04-26,revised
DHR,2026-04-26,59,-0.24359,2026-05-03,revised
DHR,2026-05-03,54,-0.084746,2026-05-10,revised
DHR,2026-05-10,62,0.148148,2026-05-17,revised
DHR,2026-05-17,66,0.064516,2026-05-24,revised
DHR,2026-05-24,48,-0.272727,2026-05-31,revised
DHR,2026-05-31,74,0.541667,2026-06-07,revised
DHR,2026-06-07,77,0.040541,2026-06-14,revised
DHR,2026-06-14,73,-0.051948,2026-06-21,revised
DHR,2026-06-21,83,0.136986,2026-06-28,revised
DHR,2026-06-28,71,-0.144578,2026-07-05,revised
DHR,2026-07-05,73,0.028169,2026-07-12,revised
DHR,2026-07-12,62,-0.150685,2026-07-19,revised
DHR,2026-07-19,100,0.612903,2026-07-26,revised
DHR,2026-07-26,83,-0.17,2026-08-02,revised
DHR,2026-08-02,76,-0.084337,2026-08-09,revised
DHR,2026-08-09,46,-0.394737,2026-08-16,revised
DHR,2026-08-16,58,0.26087,2026-08-23,revised
DHR,2026-08-23,45,-0.224138,2026-08-30,revised
DHR,2026-08-30,44,-0.022222,2026-09-06,revised
DHR,2026-09-06,44,0.0,2026-09-13,revised
DHR,2026-09-13,36,-0.181818,2026-09-20,revised
DHR,2026-09-20,36,0.0,2026-09-27,revised
DHR,2026-09-27,34,-0.055556,2026-10-09,vintage
DHR,2026-10-04,36,0.058824,2026-10-11,revised
DIS,2025-10-12,28,-0.034483,2025-10-19,revised
DIS,2025-10-19,26,-0.071429,2025-10-26,revised
DIS,2025-10-26,26,0.0,2025-11-02,revised
DIS,2025-11-02,26,0.0,2025-11-09,revised
DIS,2025-11-09,32,0.230769,2025-11-16,revised
DIS,2025-11-16,31,-0.03125,2025-11-23,revised
DIS,2025-11-23,27,-0.129032,2025-11-30,revised
DIS,2025-11-30,34,0.259259,2025-12-07,revised
DIS,2025-12-07,43,0.264706,2025-12-14,revised
DIS,2025-12-14,36,-0.162791,2025-12-21,revised
DIS,2025-12-21,23,-0.361111,2025-12-28,revised
DIS,2025-12-28,26,0.130435,2026-01-04,revised
DIS,2026-01-04,26,0.0,2026-01-11,revised
DIS,2026-01-11,33,0.269231,2026-01-18,revised
DIS,2026-01-18,40,0.212121,2026-01-25,revised
DIS,2026-01-25,42,0.05,2026-02-01,revised
DIS,2026-02-01,54,0.285714,2026-02-08,revised
DIS,2026-02-08,42,-0.222222,2026-02-15,revised
DIS,2026-02-15,44,0.047619,2026-02-22,revised
DIS,2026-02-22,43,-0.022727,2026-03-01,revised
DIS,2026-03-01,38,-0.116279,2026-03-08,revised
DIS,2026-03-08,32,-0.157895,2026-03-15,revised
DIS,2026-03-15,51,0.59375,2026-03-22,revised
DIS,2026-03-22,35,-0.313725,2026-03-29,revised
DIS,2026-03-29,37,0.057143,2026-04-05,revised
DIS,2026-04-05,42,0.135135,2026-04-12,revised
DIS,2026-04-12,53,0.261905,2026-04-19,revised
DIS,2026-04-19,38,-0.283019,2026-04-26,revised
DIS,2026-04-26,57,0.5,2026-05-03,revised
DIS,2026-05-03,60,0.052632,2026-05-10,revised
DIS,2026-05-10,51,-0.15,2026-05-17,revised
DIS,2026-05-17,31,-0.392157,2026-05-24,revised
DIS,2026-05-24,34,0.096774,2026-05-31,revised
DIS,2026-05-31,56,0.647059,2026-06-07,revised
DIS,2026-06-07,36,-0.357143,2026-06-14,revised
DIS,2026-06-14,51,0.416667,2026-06-21,revised
DIS,2026-06-21,44,-0.137255,2026-06-28,revised
DIS,2026-06-28,37,-0.159091,2026-07-05,revised
DIS,2026-07-05,33,-0.108108,2026-07-12,revised
DIS,2026-07-12,28,-0.151515,2026-07-19,revised
DIS,2026-07-19,47,0.678571,2026-07-26,revised
DIS,2026-07-26,42,-0.106383,2026-08-02,revised
DIS,2026-08-02,43,0.02381,2026-08-09,revised
DIS,2026-08-09,28,-0.348837,2026-08-16,revised
DIS,2026-08-16,29,0.035714,2026-08-23,revised
DIS,2026-08-23,54,0.862069,2026-08-30,revised
DIS,2026-08-30,100,0.851852,2026-09-06,revised
DIS,2026-09-06,42,-0.58,2026-09-13,revised
DIS,2026-09-13,43,0.02381,2026-09-20,revised
DIS,2026-09-20,43,0.0,2026-09-27,revised
DIS,2026-09-27,23,-0.465116,2026-10-09,vintage
DIS,2026-10-04,19,-0.173913,2026-10-11,revised
GE,2025-10-12,36,0.0,2025-10-19,revised
GE,2025-10-19,35,-0.027778,2025-10-26,revised
GE,2025-10-26,36,0.028571,2025-11-02,revised
GE,2025-11-02,39,0.083333,2025-11-09,revised
GE,2025-11-09,39,0.0,2025-11-16,revised
GE,2025-11-16,46,0.179487,2025-11-23,revised
GE,2025-11-23,64,0.391304,2025-11-30,revised
GE,2025-11-30,94,0.46875,2025-12-07,revised
GE,2025-12-07,80,-0.148936,2025-12-14,revised
GE,2025-12-14,62,-0.225,2025-12-21,revised
GE,2025-12-21,36,-0.419355,2025-12-28,revised
GE,2025-12-28,37,0.027778,2026-01-04,revised
GE,2026-01-04,44,0.189189,2026-01-11,revised
GE,2026-01-11,53,0.204545,2026-01-18,revised
GE,2026-01-18,67,0.264151,2026-01-25,revised
GE,2026-01-25,84,0.253731,2026-02-01,revised
GE,2026-02-01,72,-0.142857,2026-02-08,revised
GE,2026-02-08,71,-0.013889,2026-02-15,revised
GE,2026-02-15,74,0.042254,2026-02-22,revised
GE,2026-02-22,75,0.013514,2026-03-01,revised
GE,2026-03-01,75,0.0,2026-03-08,revised
GE,2026-03-08,56,-0.253333,2026-03-15,revised
GE,2026-03-15,59,0.053571,2026-03-22,revised
GE,2026-03-22,60,0.016949,2026-03-29,revised
GE,2026-03-29,67,0.116667,2026-04-05,revised
GE,2026-04-05,73,0.089552,2026-04-12,revised
GE,2026-04-12,74,0.013699,2026-04-19,revised
GE,2026-04-19,69,-0.067568,2026-04-26,revised
GE,2026-04-26,70,0.014493,2026-05-03,revised
GE,2026-05-03,83,0.185714,2026-05-10,revised
GE,2026-05-10,90,0.084337,2026-05-17,revised
GE,2026-05-17,61,-0.322222,2026-05-24,revised
GE,2026-05-24,70,0.147541,2026-05-31,revised
GE,2026-05-31,80,0.142857,2026-06-07,revised
GE,2026-06-07,74,-0.075,2026-06-14,revised
GE,2026-06-14,100,0.351351,2026-06-21,revised
GE,2026-06-21,97,-0.03,2026-06-28,revised
GE,2026-06-28,69,-0.28866,2026-07-05,revised
GE,2026-07-05,74,0.072464,2026-07-12,revised
GE,2026-07-12,52,-0.297297,2026-07-19,revised
GE,2026-07-19,66,0.269231,2026-07-26,revised
GE,2026-07-26,68,0.030303,2026-08-02,revised
GE,2026-08-02,54,-0.205882,2026-08-09,revised
GE,2026-08-09,42,-0.222222,2026-08-16,revised
GE,2026-08-16,44,0.047619,2026-08-23,revised
GE,2026-08-23,65,0.477273,2026-08-30,revised
GE,2026-08-30,49,-0.246154,2026-09-06,revised
GE,2026-09-06,54,0.102041,2026-09-13,revised
GE,2026-09-13,57,0.055556,2026-09-20,revised
GE,2026-09-20,74,0.298246,2026-09-27,revised
GE,2026-09-27,20,-0.72973,2026-10-09,vintage
GE,2026-10-04,14,-0.3,2026-10-11,revised
GOOG,2025-10-12,0,0.0,2025-10-19,revised
GOOG,2025-10-19,0,0.0,2025-10-26,revised
GOOG,2025-10-26,0,0.0,2025-11-02,revised
GOOG,2025-11-02,0,0.0,2025-11-09,revised
GOOG,2025-11-09,0,0.0,2025-11-16,revised
GOOG,2025-11-16,100,0.0,2025-11-23,revised
GOOG,2025-11-23,0,-1.0,2025-11-30,revised
GOOG,2025-11-30,0,0.0,2025-12-07,revised
GOOG,2025-12-07,0,0.0,2025-12-14,revised
GOOG,2025-12-14,0,0.0,2025-12-21,revised
GOOG,2025-12-21,0,0.0,2025-12-28,revised
GOOG,2025-12-28,0,0.0,2026-01-04,revised
GOOG,2026-01-04,0,0.0,2026-01-11,revised
GOOG,2026-01-11,0,0.0,2026-01-18,revised
GOOG,2026-01-18,0,0.0,2026-01-25,revised
GOOG,2026-01-25,0,0.0,2026-02-01,revised
GOOG,2026-02-01,0,0.0,2026-02-08,revised
GOOG,2026-02-08,0,0.0,2026-02-15,revised
GOOG,2026-02-15,0,0.0,2026-02-22,revised
GOOG,2026-02-22,0,0.0,2026-03-01,revised
GOOG,2026-03-01,0,0.0,2026-03-08,revised
GOOG,2026-03-08,0,0.0,2026-03-15,revised
GOOG,2026-03-15,0,0.0,2026-03-22,revised
GOOG,2026-03-22,0,0.0,2026-03-29,revised
GOOG,2026-03-29,0,0.0,2026-04-05,revised
GOOG,2026-04-05,72,0.0,2026-04-12,revised
GOOG,2026-04-12,0,-1.0,2026-04-19,revised
GOOG,2026-04-19,0,0.0,2026-04-26,revised
GOOG,2026-04-26,0,0.0,2026-05-03,revised
GOOG,2026-05-03,0,0.0,2026-05-10,revised
GOOG,2026-05-10,0,0.0,2026-05-17,revised
GOOG,2026-05-17,0,0.0,2026-05-24,revised
GOOG,2026-05-24,0,0.0,2026-05-31,revised
GOOG,2026-05-31,0,0.0,2026-06-07,revised
GOOG,2026-06-07,0,0.0,2026-06-14,revised
GOOG,2026-06-14,0,0.0,2026-06-21,revised
GOOG,2026-06-21,0,0.0,2026-06-28,revised
GOOG,2026-06-28,0,0.0,2026-07-05,revised
GOOG,2026-07-05,0,0.0,2026-07-12,revised
GOOG,2026-07-12,0,0.0,2026-07-19,revised
GOOG,2026-07-19,0,0.0,2026-07-26,revised
GOOG,2026-07-26,66,0.0,2026-08-02,revised
GOOG,2026-08-02,0,-1.0,2026-08-09,revised
GOOG,2026-08-09,0,0.0,2026-08-16,revised
GOOG,2026-08-16,0,0.0,2026-08-23,revised
GOOG,2026-08-23,0,0.0,2026-08-30,revised
GOOG,2026-08-30,0,0.0,2026-09-06,revised
GOOG,2026-09-06,0,0.0,2026-09-13,revised
GOOG,2026-09-13,0,0.0,2026-09-20,revised
GOOG,2026-09-20,0,0.0,2026-09-27,revised
GOOG,2026-09-27,7,0.0,2026-10-09,vintage
GOOG,2026-10-04,8,0.142857,2026-10-11,revised
GOOGL,2025-10-12,0,0.0,2025-10-19,revised
GOOGL,2025-10-19,0,0.0,2025-10-26,revised
GOOGL,2025-10-26,48,0.0,2025-11-02,revised
GOOGL,2025-11-02,0,-1.0,2025-11-09,revised
GOOGL,2025-11-09,0,0.0,2025-11-16,revised
GOOGL,2025-11-16,63,0.0,2025-11-23,revised
GOOGL,2025-11-23,71,0.126984,2025-11-30,revised
GOOGL,2025-11-30,0,-1.0,2025-12-07,revised
GOOGL,2025-12-07,47,0.0,2025-12-14,revised
GOOGL,2025-12-14,0,-1.0,2025-12-21,revised
GOOGL,2025-12-21,0,0.0,2025-12-28,revised
GOOGL,2025-12-28,76,0.0,2026-01-04,revised
GOOGL,2026-01-04,0,-1.0,2026-01-11,revised
GOOGL,2026-01-11,0,0.0,2026-01-18,revised
GOOGL,2026-01-18,0,0.0,2026-01-25,revised
GOOGL,2026-01-25,0,0.0,2026-02-01,revised
GOOGL,2026-02-01,64,0.0,2026-02-08,revised
GOOGL,2026-02-08,48,-0.25,2026-02-15,revised
GOOGL,2026-02-15,69,0.4375,2026-02-22,revised
GOOGL,2026-02-22,100,0.449275,2026-03-01,revised
GOOGL,2026-03-01,70,-0.3,2026-03-08,revised
GOOGL,2026-03-08,0,-1.0,2026-03-15,revised
GOOGL,2026-03-15,67,0.0,2026-03-22,revised
GOOGL,2026-03-22,76,0.134328,2026-03-29,revised
GOOGL,2026-03-29,67,-0.118421,2026-04-05,revised
GOOGL,2026-04-05,0,-1.0,2026-04-12,revised
GOOGL,2026-04-12,0,0.0,2026-04-19,revised
GOOGL,2026-04-19,0,0.0,2026-04-26,revised
GOOGL,2026-04-26,0,0.0,2026-05-03,revised
GOOGL,2026-05-03,0,0.0,2026-05-10,revised
GOOGL,2026-05-10,0,0.0,2026-05-17,revised
GOOGL,2026-05-17,58,0.0,2026-05-24,revised
GOOGL,2026-05-24,56,-0.034483,2026-05-31,revised
GOOGL,2026-05-31,65,0.160714,2026-06-07,revised
GOOGL,2026-06-07,0,-1.0,2026-06-14,revised
GOOGL,2026-06-14,0,0.0,2026-06-21,revised
GOOGL,2026-06-21,82,0.0,2026-06-28,revised
GOOGL,2026-06-28,0,-1.0,2026-07-05,revised
GOOGL,2026-07-05,0,0.0,2026-07-12,revised
GOOGL,2026-07-12,63,0.0,2026-07-19,revised
GOOGL,2026-07-19,66,0.047619,2026-07-26,revised
GOOGL,2026-07-26,58,-0.121212,2026-08-02,revised
GOOGL,2026-08-02,0,-1.0,2026-08-09,revised
GOOGL,2026-08-09,0,0.0,2026-08-16,revised
GOOGL,2026-08-16,0,0.0,2026-08-23,revised
GOOGL,2026-08-23,0,0.0,2026-08-30,revised
GOOGL,2026-08-30,0,0.0,2026-09-06,revised
GOOGL,2026-09-06,0,0.0,2026-09-13,revised
GOOGL,2026-09-13,0,0.0,2026-09-20,revised
GOOGL,2026-09-20,5,0.0,2026-09-27,revised
GOOGL,2026-09-27,11,1.2,2026-10-09,vintage
GOOGL,2026-10-04,7,-0.363636,2026-10-11,revised
HD,2025-10-12,28,0.272727,2025-10-19,revised
HD,2025-10-19,25,-0.107143,2025-10-26,revised
HD,2025-10-26,29,0.16,2025-11-02,revised
HD,2025-11-02,30,0.034483,2025-11-09,revised
HD,2025-11-09,32,0.066667,2025-11-16,revised
HD,2025-11-16,34,0.0625,2025-11-23,revised
HD,2025-11-23,23,-0.323529,2025-11-30,revised
HD,2025-11-30,26,0.130435,2025-12-07,revised
HD,2025-12-07,22,-0.153846,2025-12-14,revised
HD,2025-12-14,13,-0.409091,2025-12-21,revised
HD,2025-12-21,15,0.153846,2025-12-28,revised
HD,2025-12-28,14,-0.066667,2026-01-04,revised
HD,2026-01-04,17,0.214286,2026-01-11,revised
HD,2026-01-11,21,0.235294,2026-01-18,revised
HD,2026-01-18,20,-0.047619,2026-01-25,revised
HD,2026-01-25,30,0.5,2026-02-01,revised
HD,2026-02-01,44,0.466667,2026-02-08,revised
HD,2026-02-08,34,-0.227273,2026-02-15,revised
HD,2026-02-15,55,0.617647,2026-02-22,revised
HD,2026-02-22,55,0.0,2026-03-01,revised
HD,2026-03-01,47,-0.145455,2026-03-08,revised
HD,2026-03-08,38,-0.191489,2026-03-15,revised
HD,2026-03-15,73,0.921053,2026-03-22,revised
HD,2026-03-22,47,-0.356164,2026-03-29,revised
HD,2026-03-29,51,0.085106,2026-04-05,revised
HD,2026-04-05,54,0.058824,2026-04-12,revised
HD,2026-04-12,54,0.0,2026-04-19,revised
HD,2026-04-19,46,-0.148148,2026-04-26,revised
HD,2026-04-26,58,0.26087,2026-05-03,revised
HD,2026-05-03,70,0.206897,2026-05-10,revised
HD,2026-05-10,69,-0.014286,2026-05-17,revised
HD,2026-05-17,49,-0.289855,2026-05-24,revised
HD,2026-05-24,71,0.44898,2026-05-31,revised
HD,2026-05-31,86,0.211268,2026-06-07,revised
HD,2026-06-07,63,-0.267442,2026-06-14,revised
HD,2026-06-14,64,0.015873,2026-06-21,revised
HD,2026-06-21,57,-0.109375,2026-06-28,revised
HD,2026-06-28,53,-0.070175,2026-07-05,revised
HD,2026-07-05,57,0.075472,2026-07-12,revised
HD,2026-07-12,36,-0.368421,2026-07-19,revised
HD,2026-07-19,49,0.361111,2026-07-26,revised
HD,2026-07-26,49,0.0,2026-08-02,revised
HD,2026-08-02,35,-0.285714,2026-08-09,revised
HD,2026-08-09,48,0.371429,2026-08-16,revised
HD,2026-08-16,36,-0.25,2026-08-23,revised
HD,2026-08-23,58,0.611111,2026-08-30,revised
HD,2026-08-30,55,-0.051724,2026-09-06,revised
HD,2026-09-06,66,0.2,2026-09-13,revised
HD,2026-09-13,100,0.515152,2026-09-20,revised
HD,2026-09-20,62,-0.38,2026-09-27,revised
HD,2026-09-27,14,-0.774194,2026-10-09,vintage
HD,2026-10-04,9,-0.357143,2026-10-11,revised
IBM,2025-10-12,33,0.137931,2025-10-19,revised
IBM,2025-10-19,31,-0.060606,2025-10-26,revised
IBM,2025-10-26,0,-1.0,2025-11-02,revised
IBM,2025-11-02,0,0.0,2025-11-09,revised
IBM,2025-11-09,32,0.0,2025-11-16,revised
IBM,2025-11-16,35,0.09375,2025-11-23,revised
IBM,2025-11-23,48,0.371429,2025-11-30,revised
IBM,2025-11-30,62,0.291667,2025-12-07,revised
IBM,2025-12-07,35,-0.435484,2025-12-14,revised
IBM,2025-12-14,32,-0.085714,2025-12-21,revised
IBM,2025-12-21,0,-1.0,2025-12-28,revised
IBM,2025-12-28,0,0.0,2026-01-04,revised
IBM,2026-01-04,0,0.0,2026-01-11,revised
IBM,2026-01-11,32,0.0,2026-01-18,revised
IBM,2026-01-18,34,0.0625,2026-01-25,revised
IBM,2026-01-25,69,1.029412,2026-02-01,revised
IBM,2026-02-01,74,0.072464,2026-02-08,revised
IBM,2026-02-08,59,-0.202703,2026-02-15,revised
IBM,2026-02-15,42,-0.288136,2026-02-22,revised
IBM,2026-02-22,52,0.238095,2026-03-01,revised
IBM,2026-03-01,28,-0.461538,2026-03-08,revised
IBM,2026-03-08,61,1.178571,2026-03-15,revised
IBM,2026-03-15,56,-0.081967,2026-03-22,revised
IBM,2026-03-22,44,-0.214286,2026-03-29,revised
IBM,2026-03-29,71,0.613636,2026-04-05,revised
IBM,2026-04-05,46,-0.352113,2026-04-12,revised
IBM,2026-04-12,51,0.108696,2026-04-19,revised
IBM,2026-04-19,32,-0.372549,2026-04-26,revised
IBM,2026-04-26,65,1.03125,2026-05-03,revised
IBM,2026-05-03,96,0.476923,2026-05-10,revised
IBM,2026-05-10,81,-0.15625,2026-05-17,revised
IBM,2026-05-17,35,-0.567901,2026-05-24,revised
IBM,2026-05-24,76,1.171429,2026-05-31,revised
IBM,2026-05-31,40,-0.473684,2026-06-07,revised
IBM,2026-06-07,46,0.15,2026-06-14,revised
IBM,2026-06-14,71,0.543478,2026-06-21,revised
IBM,2026-06-21,63,-0.112676,2026-06-28,revised
IBM,2026-06-28,61,-0.031746,2026-07-05,revised
IBM,2026-07-05,55,-0.098361,2026-07-12,revised
IBM,2026-07-12,86,0.563636,2026-07-19,revised
IBM,2026-07-19,71,-0.174419,2026-07-26,revised
IBM,2026-07-26,71,0.0,2026-08-02,revised
IBM,2026-08-02,100,0.408451,2026-08-09,revised
IBM,2026-08-09,58,-0.42,2026-08-16,revised
IBM,2026-08-16,42,-0.275862,2026-08-23,revised
IBM,2026-08-23,45,0.071429,2026-08-30,revised
IBM,2026-08-30,53,0.177778,2026-09-06,revised
IBM,2026-09-06,74,0.396226,2026-09-13,revised
IBM,2026-09-13,45,-0.391892,2026-09-20,revised
IBM,2026-09-20,94,1.088889,2026-09-27,revised
IBM,2026-09-27,28,-0.702128,2026-10-09,vintage
IBM,2026-10-04,19,-0.321429,2026-10-11,revised
INTC,2025-10-12,53,-0.101695,2025-10-19,revised
INTC,2025-10-19,68,0.283019,2025-10-26,revised
INTC,2025-10-26,67,-0.014706,2025-11-02,revised
INTC,2025-11-02,54,-0.19403,2025-11-09,revised
INTC,2025-11-09,59,0.092593,2025-11-16,revised
INTC,2025-11-16,57,-0.033898,2025-11-23,revised
INTC,2025-11-23,59,0.035088,2025-11-30,revised
INTC,2025-11-30,68,0.152542,2025-12-07,revised
INTC,2025-12-07,51,-0.25,2025-12-14,revised
INTC,2025-12-14,53,0.039216,2025-12-21,revised
INTC,2025-12-21,37,-0.301887,2025-12-28,revised
INTC,2025-12-28,34,-0.081081,2026-01-04,revised
INTC,2026-01-04,38,0.117647,2026-01-11,revised
INTC,2026-01-11,55,0.447368,2026-01-18,revised
INTC,2026-01-18,57,0.036364,2026-01-25,revised
INTC,2026-01-25,57,0.0,2026-02-01,revised
INTC,2026-02-01,57,0.0,2026-02-08,revised
INTC,2026-02-08,68,0.192982,2026-02-15,revised
INTC,2026-02-15,85,0.25,2026-02-22,revised
INTC,2026-02-22,98,0.152941,2026-03-01,revised
INTC,2026-03-01,49,-0.5,2026-03-08,revised
INTC,2026-03-08,100,1.040816,2026-03-15,revised
INTC,2026-03-15,56,-0.44,2026-03-22,revised
INTC,2026-03-22,53,-0.053571,2026-03-29,revised
INTC,2026-03-29,67,0.264151,2026-04-05,revised
INTC,2026-04-05,57,-0.149254,2026-04-12,revised
INTC,2026-04-12,56,-0.017544,2026-04-19,revised
INTC,2026-04-19,58,0.035714,2026-04-26,revised
INTC,2026-04-26,54,-0.068966,2026-05-03,revised
INTC,2026-05-03,78,0.444444,2026-05-10,revised
INTC,2026-05-10,76,-0.025641,2026-05-17,revised
INTC,2026-05-17,68,-0.105263,2026-05-24,revised
INTC,2026-05-24,60,-0.117647,2026-05-31,revised
INTC,2026-05-31,75,0.25,2026-06-07,revised
INTC,2026-06-07,68,-0.093333,2026-06-14,revised
INTC,2026-06-14,65,-0.044118,2026-06-21,revised
INTC,2026-06-21,70,0.076923,2026-06-28,revised
INTC,2026-06-28,58,-0.171429,2026-07-05,revised
INTC,2026-07-05,53,-0.086207,2026-07-12,revised
INTC,2026-07-12,40,-0.245283,2026-07-19,revised
INTC,2026-07-19,51,0.275,2026-07-26,revised
INTC,2026-07-26,47,-0.078431,2026-08-02,revised
INTC,2026-08-02,41,-0.12766,2026-08-09,revised
INTC,2026-08-09,34,-0.170732,2026-08-16,revised
INTC,2026-08-16,31,-0.088235,2026-08-23,revised
INTC,2026-08-23,29,-0.064516,2026-08-30,revised
INTC,2026-08-30,34,0.172414,2026-09-06,revised
INTC,2026-09-06,32,-0.058824,2026-09-13,revised
INTC,2026-09-13,37,0.15625,2026-09-20,revised
INTC,2026-09-20,39,0.054054,2026-09-27,revised
INTC,2026-09-27,18,-0.538462,2026-10-09,vintage
INTC,2026-10-04,15,-0.166667,2026-10-11,revised
INTU,2025-10-12,26,0.0,2025-10-19,revised
INTU,2025-10-19,21,-0.192308,2025-10-26,revised
INTU,2025-10-26,0,-1.0,2025-11-02,revised
INTU,2025-11-02,0,0.0,2025-11-09,revised
INTU,2025-11-09,20,0.0,2025-11-16,revised
INTU,2025-11-16,23,0.15,2025-11-23,revised
INTU,2025-11-23,23,0.0,2025-11-30,revised
INTU,2025-11-30,26,0.130435,2025-12-07,revised
INTU,2025-12-07,14,-0.461538,2025-12-14,revised
INTU,2025-12-14,17,0.214286,2025-12-21,revised
INTU,2025-12-21,0,-1.0,2025-12-28,revised
INTU,2025-12-28,0,0.0,2026-01-04,revised
INTU,2026-01-04,21,0.0,2026-01-11,revised
INTU,2026-01-11,30,0.428571,2026-01-18,revised
INTU,2026-01-18,18,-0.4,2026-01-25,revised
INTU,2026-01-25,19,0.055556,2026-02-01,revised
INTU,2026-02-01,48,1.526316,2026-02-08,revised
INTU,2026-02-08,50,0.041667,2026-02-15,revised
INTU,2026-02-15,87,0.74,2026-02-22,revised
INTU,2026-02-22,47,-0.45977,2026-03-01,revised
INTU,2026-03-01,40,-0.148936,2026-03-08,revised
INTU,2026-03-08,30,-0.25,2026-03-15,revised
INTU,2026-03-15,27,-0.1,2026-03-22,revised
INTU,2026-03-22,42,0.555556,2026-03-29,revised
INTU,2026-03-29,66,0.571429,2026-04-05,revised
INTU,2026-04-05,52,-0.212121,2026-04-12,revised
INTU,2026-04-12,45,-0.134615,2026-04-19,revised
INTU,2026-04-19,41,-0.088889,2026-04-26,revised
INTU,2026-04-26,47,0.146341,2026-05-03,revised
INTU,2026-05-03,49,0.042553,2026-05-10,revised
INTU,2026-05-10,53,0.081633,2026-05-17,revised
INTU,2026-05-17,38,-0.283019,2026-05-24,revised
INTU,2026-05-24,30,-0.210526,2026-05-31,revised
INTU,2026-05-31,52,0.733333,2026-06-07,revised
INTU,2026-06-07,36,-0.307692,2026-06-14,revised
INTU,2026-06-14,58,0.611111,2026-06-21,revised
INTU,2026-06-21,40,-0.310345,2026-06-28,revised
INTU,2026-06-28,37,-0.075,2026-07-05,revised
INTU,2026-07-05,37,0.0,2026-07-12,revised
INTU,2026-07-12,25,-0.324324,2026-07-19,revised
INTU,2026-07-19,39,0.56,2026-07-26,revised
INTU,2026-07-26,28,-0.282051,2026-08-02,revised
INTU,2026-08-02,35,0.25,2026-08-09,revised
INTU,2026-08-09,20,-0.428571,2026-08-16,revised
INTU,2026-08-16,23,0.15,2026-08-23,revised
INTU,2026-08-23,46,1.0,2026-08-30,revised
INTU,2026-08-30,45,-0.021739,2026-09-06,revised
INTU,2026-09-06,47,0.044444,2026-09-13,revised
INTU,2026-09-13,100,1.12766,2026-09-20,revised
INTU,2026-09-20,58,-0.42,2026-09-27,revised
INTU,2026-09-27,17,-0.706897,2026-10-09,vintage
INTU,2026-10-04,9,-0.470588,2026-10-11,revised
JNJ,2025-10-12,55,0.1,2025-10-19,revised
JNJ,2025-10-19,51,-0.072727,2025-10-26,revised
JNJ,2025-10-26,47,-0.078431,2025-11-02,revised
JNJ,2025-11-02,48,0.021277,2025-11-09,revised
JNJ,2025-11-09,49,0.020833,2025-11-16,revised
JNJ,2025-11-16,59,0.204082,2025-11-23,revised
JNJ,2025-11-23,53,-0.101695,2025-11-30,revised
JNJ,2025-11-30,57,0.075472,2025-12-07,revised
JNJ,2025-12-07,53,-0.070175,2025-12-14,revised
JNJ,2025-12-14,52,-0.018868,2025-12-21,revised
JNJ,2025-12-21,32,-0.384615,2025-12-28,revised
JNJ,2025-12-28,32,0.0,2026-01-04,revised
JNJ,2026-01-04,40,0.25,2026-01-11,revised
JNJ,2026-01-11,50,0.25,2026-01-18,revised
JNJ,2026-01-18,60,0.2,2026-01-25,revised
JNJ,2026-01-25,74,0.233333,2026-02-01,revised
JNJ,2026-02-01,74,0.0,2026-02-08,revised
JNJ,2026-02-08,83,0.121622,2026-02-15,revised
JNJ,2026-02-15,69,-0.168675,2026-02-22,revised
JNJ,2026-02-22,67,-0.028986,2026-03-01,revised
JNJ,2026-03-01,56,-0.164179,2026-03-08,revised
JNJ,2026-03-08,52,-0.071429,2026-03-15,revised
JNJ,2026-03-15,79,0.519231,2026-03-22,revised
JNJ,2026-03-22,62,-0.21519,2026-03-29,revised
JNJ,2026-03-29,80,0.290323,2026-04-05,revised
JNJ,2026-04-05,86,0.075,2026-04-12,revised
JNJ,2026-04-12,100,0.162791,2026-04-19,revised
JNJ,2026-04-19,75,-0.25,2026-04-26,revised
JNJ,2026-04-26,69,-0.08,2026-05-03,revised
JNJ,2026-05-03,82,0.188406,2026-05-10,revised
JNJ,2026-05-10,87,0.060976,2026-05-17,revised
JNJ,2026-05-17,74,-0.149425,2026-05-24,revised
JNJ,2026-05-24,74,0.0,2026-05-31,revised
JNJ,2026-05-31,73,-0.013514,2026-06-07,revised
JNJ,2026-06-07,83,0.136986,2026-06-14,revised
JNJ,2026-06-14,81,-0.024096,2026-06-21,revised
JNJ,2026-06-21,76,-0.061728,2026-06-28,revised
JNJ,2026-06-28,62,-0.184211,2026-07-05,revised
JNJ,2026-07-05,66,0.064516,2026-07-12,revised
JNJ,2026-07-12,48,-0.272727,2026-07-19,revised
JNJ,2026-07-19,53,0.104167,2026-07-26,revised
JNJ,2026-07-26,55,0.037736,2026-08-02,revised
JNJ,2026-08-02,40,-0.272727,2026-08-09,revised
JNJ,2026-08-09,45,0.125,2026-08-16,revised
JNJ,2026-08-16,37,-0.177778,2026-08-23,revised
JNJ,2026-08-23,38,0.027027,2026-08-30,revised
JNJ,2026-08-30,43,0.131579,2026-09-06,revised
JNJ,2026-09-06,36,-0.162791,2026-09-13,revised
JNJ,2026-09-13,44,0.222222,2026-09-20,revised
JNJ,2026-09-20,44,0.0,2026-09-27,revised
JNJ,2026-09-27,23,-0.477273,2026-10-09,vintage
JNJ,2026-10-04,23,0.0,2026-10-11,revised
JPM,2025-10-12,6,0.2,2025-10-19,revised
JPM,2025-10-19,5,-0.166667,2025-10-26,revised
JPM,2025-10-26,7,0.4,2025-11-02,revised
JPM,2025-11-02,11,0.571429,2025-11-09,revised
JPM,2025-11-09,9,-0.181818,2025-11-16,revised
JPM,2025-11-16,7,-0.222222,2025-11-23,revised
JPM,2025-11-23,8,0.142857,2025-11-30,revised
JPM,2025-11-30,8,0.0,2025-12-07,revised
JPM,2025-12-07,7,-0.125,2025-12-14,revised
JPM,2025-12-14,7,0.0,2025-12-21,revised
JPM,2025-12-21,4,-0.428571,2025-12-28,revised
JPM,2025-12-28,3,-0.25,2026-01-04,revised
JPM,2026-01-04,7,1.333333,2026-01-11,revised
JPM,2026-01-11,12,0.714286,2026-01-18,revised
JPM,2026-01-18,14,0.166667,2026-01-25,revised
JPM,2026-01-25,15,0.071429,2026-02-01,revised
JPM,2026-02-01,18,0.2,2026-02-08,revised
JPM,2026-02-08,46,1.555556,2026-02-15,revised
JPM,2026-02-15,100,1.173913,2026-02-22,revised
JPM,2026-02-22,67,-0.33,2026-03-01,revised
JPM,2026-03-01,14,-0.791045,2026-03-08,revised
JPM,2026-03-08,11,-0.214286,2026-03-15,revised
JPM,2026-03-15,16,0.454545,2026-03-22,revised
JPM,2026-03-22,19,0.1875,2026-03-29,revised
JPM,2026-03-29,32,0.684211,2026-04-05,revised
JPM,2026-04-05,21,-0.34375,2026-04-12,revised
JPM,2026-04-12,15,-0.285714,2026-04-19,revised
JPM,2026-04-19,12,-0.2,2026-04-26,revised
JPM,2026-04-26,15,0.25,2026-05-03,revised
JPM,2026-05-03,19,0.266667,2026-05-10,revised
JPM,2026-05-10,15,-0.210526,2026-05-17,revised
JPM,2026-05-17,12,-0.2,2026-05-24,revised
JPM,2026-05-24,12,0.0,2026-05-31,revised
JPM,2026-05-31,13,0.083333,2026-06-07,revised
JPM,2026-06-07,12,-0.076923,2026-06-14,revised
JPM,2026-06-14,16,0.333333,2026-06-21,revised
JPM,2026-06-21,13,-0.1875,2026-06-28,revised
JPM,2026-06-28,9,-0.307692,2026-07-05,revised
JPM,2026-07-05,11,0.222222,2026-07-12,revised
JPM,2026-07-12,13,0.181818,2026-07-19,revised
JPM,2026-07-19,14,0.076923,2026-07-26,revised
JPM,2026-07-26,12,-0.142857,2026-08-02,revised
JPM,2026-08-02,8,-0.333333,2026-08-09,revised
JPM,2026-08-09,13,0.625,2026-08-16,revised
JPM,2026-08-16,9,-0.307692,2026-08-23,revised
JPM,2026-08-23,7,-0.222222,2026-08-30,revised
JPM,2026-08-30,9,0.285714,2026-09-06,revised
JPM,2026-09-06,6,-0.333333,2026-09-13,revised
JPM,2026-09-13,8,0.333333,2026-09-20,revised
JPM,2026-09-20,8,0.0,2026-09-27,revised
JPM,2026-09-27,3,-0.625,2026-10-09,vintage
JPM,2026-10-04,3,0.0,2026-10-11,revised
KO,2025-10-12,45,0.022727,2025-10-19,revised
KO,2025-10-19,42,-0.066667,2025-10-26,revised
KO,2025-10-26,38,-0.095238,2025-11-02,revised
KO,2025-11-02,37,-0.026316,2025-11-09,revised
KO,2025-11-09,44,0.189189,2025-11-16,revised
KO,2025-11-16,42,-0.045455,2025-11-23,revised
KO,2025-11-23,44,0.047619,2025-11-30,revised
KO,2025-11-30,48,0.090909,2025-12-07,revised
KO,2025-12-07,51,0.0625,2025-12-14,revised
KO,2025-12-14,52,0.019608,2025-12-21,revised
KO,2025-12-21,22,-0.576923,2025-12-28,revised
KO,2025-12-28,21,-0.045455,2026-01-04,revised
KO,2026-01-04,25,0.190476,2026-01-11,revised
KO,2026-01-11,46,0.84,2026-01-18,revised
KO,2026-01-18,70,0.521739,2026-01-25,revised
KO,2026-01-25,77,0.1,2026-02-01,revised
KO,2026-02-01,81,0.051948,2026-02-08,revised
KO,2026-02-08,73,-0.098765,2026-02-15,revised
KO,2026-02-15,70,-0.041096,2026-02-22,revised
KO,2026-02-22,65,-0.071429,2026-03-01,revised
KO,2026-03-01,58,-0.107692,2026-03-08,revised
KO,2026-03-08,54,-0.068966,2026-03-15,revised
KO,2026-03-15,66,0.222222,2026-03-22,revised
KO,2026-03-22,74,0.121212,2026-03-29,revised
KO,2026-03-29,89,0.202703,2026-04-05,revised
KO,2026-04-05,79,-0.11236,2026-04-12,revised
KO,2026-04-12,73,-0.075949,2026-04-19,revised
KO,2026-04-19,68,-0.068493,2026-04-26,revised
KO,2026-04-26,72,0.058824,2026-05-03,revised
KO,2026-05-03,66,-0.083333,2026-05-10,revised
KO,2026-05-10,83,0.257576,2026-05-17,revised
KO,2026-05-17,81,-0.024096,2026-05-24,revised
KO,2026-05-24,65,-0.197531,2026-05-31,revised
KO,2026-05-31,75,0.153846,2026-06-07,revised
KO,2026-06-07,74,-0.013333,2026-06-14,revised
KO,2026-06-14,100,0.351351,2026-06-21,revised
KO,2026-06-21,60,-0.4,2026-06-28,revised
KO,2026-06-28,62,0.033333,2026-07-05,revised
KO,2026-07-05,57,-0.080645,2026-07-12,revised
KO,2026-07-12,42,-0.263158,2026-07-19,revised
KO,2026-07-19,54,0.285714,2026-07-26,revised
KO,2026-07-26,56,0.037037,2026-08-02,revised
KO,2026-08-02,44,-0.214286,2026-08-09,revised
KO,2026-08-09,36,-0.181818,2026-08-16,revised
KO,2026-08-16,44,0.222222,2026-08-23,revised
KO,2026-08-23,47,0.068182,2026-08-30,revised
KO,2026-08-30,61,0.297872,2026-09-06,revised
KO,2026-09-06,38,-0.377049,2026-09-13,revised
KO,2026-09-13,30,-0.210526,2026-09-20,revised
KO,2026-09-20,37,0.233333,2026-09-27,revised
KO,2026-09-27,15,-0.594595,2026-10-09,vintage
KO,2026-10-04,16,0.066667,2026-10-11,revised
LIN,2025-10-12,56,-0.017544,2025-10-19,revised
LIN,2025-10-19,56,0.0,2025-10-26,revised
LIN,2025-10-26,61,0.089286,2025-11-02,revised
LIN,2025-11-02,59,-0.032787,2025-11-09,revised
LIN,2025-11-09,56,-0.050847,2025-11-16,revised
LIN,2025-11-16,60,0.071429,2025-11-23,revised
LIN,2025-11-23,73,0.216667,2025-11-30,revised
LIN,2025-11-30,67,-0.082192,2025-12-07,revised
LIN,2025-12-07,75,0.119403,2025-12-14,revised
LIN,2025-12-14,62,-0.173333,2025-12-21,revised
LIN,2025-12-21,31,-0.5,2025-12-28,revised
LIN,2025-12-28,37,0.193548,2026-01-04,revised
LIN,2026-01-04,45,0.216216,2026-01-11,revised
LIN,2026-01-11,50,0.111111,2026-01-18,revised
LIN,2026-01-18,48,-0.04,2026-01-25,revised
LIN,2026-01-25,50,0.041667,2026-02-01,revised
LIN,2026-02-01,64,0.28,2026-02-08,revised
LIN,2026-02-08,71,0.109375,2026-02-15,revised
LIN,2026-02-15,57,-0.197183,2026-02-22,revised
LIN,2026-02-22,70,0.22807,2026-03-01,revised
LIN,2026-03-01,86,0.228571,2026-03-08,revised
LIN,2026-03-08,82,-0.046512,2026-03-15,revised
LIN,2026-03-15,84,0.02439,2026-03-22,revised
LIN,2026-03-22,71,-0.154762,2026-03-29,revised
LIN,2026-03-29,84,0.183099,2026-04-05,revised
LIN,2026-04-05,65,-0.22619,2026-04-12,revised
LIN,2026-04-12,67,0.030769,2026-04-19,revised
LIN,2026-04-19,53,-0.208955,2026-04-26,revised
LIN,2026-04-26,64,0.207547,2026-05-03,revised
LIN,2026-05-03,100,0.5625,2026-05-10,revised
LIN,2026-05-10,91,-0.09,2026-05-17,revised
LIN,2026-05-17,50,-0.450549,2026-05-24,revised
LIN,2026-05-24,56,0.12,2026-05-31,revised
LIN,2026-05-31,60,0.071429,2026-06-07,revised
LIN,2026-06-07,80,0.333333,2026-06-14,revised
LIN,2026-06-14,88,0.1,2026-06-21,revised
LIN,2026-06-21,80,-0.090909,2026-06-28,revised
LIN,2026-06-28,60,-0.25,2026-07-05,revised
LIN,2026-07-05,68,0.133333,2026-07-12,revised
LIN,2026-07-12,46,-0.323529,2026-07-19,revised
LIN,2026-07-19,72,0.565217,2026-07-26,revised
LIN,2026-07-26,68,-0.055556,2026-08-02,revised
LIN,2026-08-02,59,-0.132353,2026-08-09,revised
LIN,2026-08-09,49,-0.169492,2026-08-16,revised
LIN,2026-08-16,41,-0.163265,2026-08-23,revised
LIN,2026-08-23,37,-0.097561,2026-08-30,revised
LIN,2026-08-30,49,0.324324,2026-09-06,revised
LIN,2026-09-06,63,0.285714,2026-09-13,revised
LIN,2026-09-13,93,0.47619,2026-09-20,revised
LIN,2026-09-20,73,-0.215054,2026-09-27,revised
LIN,2026-09-27,33,-0.547945,2026-10-09,vintage
LIN,2026-10-04,28,-0.151515,2026-10-11,revised
LLY,2025-10-12,12,-0.076923,2025-10-19,revised
LLY,2025-10-19,13,0.083333,2025-10-26,revised
LLY,2025-10-26,15,0.153846,2025-11-02,revised
LLY,2025-11-02,16,0.066667,2025-11-09,revised
LLY,2025-11-09,16,0.0,2025-11-16,revised
LLY,2025-11-16,15,-0.0625,2025-11-23,revised
LLY,2025-11-23,18,0.2,2025-11-30,revised
LLY,2025-11-30,21,0.166667,2025-12-07,revised
LLY,2025-12-07,19,-0.095238,2025-12-14,revised
LLY,2025-12-14,15,-0.210526,2025-12-21,revised
LLY,2025-12-21,12,-0.2,2025-12-28,revised
LLY,2025-12-28,12,0.0,2026-01-04,revised
LLY,2026-01-04,16,0.333333,2026-01-11,revised
LLY,2026-01-11,17,0.0625,2026-01-18,revised
LLY,2026-01-18,20,0.176471,2026-01-25,revised
LLY,2026-01-25,19,-0.05,2026-02-01,revised
LLY,2026-02-01,23,0.210526,2026-02-08,revised
LLY,2026-02-08,23,0.0,2026-02-15,revised
LLY,2026-02-15,24,0.043478,2026-02-22,revised
LLY,2026-02-22,23,-0.041667,2026-03-01,revised
LLY,2026-03-01,17,-0.26087,2026-03-08,revised
LLY,2026-03-08,17,0.0,2026-03-15,revised
LLY,2026-03-15,17,0.0,2026-03-22,revised
LLY,2026-03-22,17,0.0,2026-03-29,revised
LLY,2026-03-29,20,0.176471,2026-04-05,revised
LLY,2026-04-05,24,0.2,2026-04-12,revised
LLY,2026-04-12,18,-0.25,2026-04-19,revised
LLY,2026-04-19,19,0.055556,2026-04-26,revised
LLY,2026-04-26,25,0.315789,2026-05-03,revised
LLY,2026-05-03,25,0.0,2026-05-10,revised
LLY,2026-05-10,22,-0.12,2026-05-17,revised
LLY,2026-05-17,32,0.454545,2026-05-24,revised
LLY,2026-05-24,23,-0.28125,2026-05-31,revised
LLY,2026-05-31,27,0.173913,2026-06-07,revised
LLY,2026-06-07,30,0.111111,2026-06-14,revised
LLY,2026-06-14,27,-0.1,2026-06-21,revised
LLY,2026-06-21,25,-0.074074,2026-06-28,revised
LLY,2026-06-28,19,-0.24,2026-07-05,revised
LLY,2026-07-05,100,4.263158,2026-07-12,revised
LLY,2026-07-12,30,-0.7,2026-07-19,revised
LLY,2026-07-19,28,-0.066667,2026-07-26,revised
LLY,2026-07-26,27,-0.035714,2026-08-02,revised
LLY,2026-08-02,26,-0.037037,2026-08-09,revised
LLY,2026-08-09,24,-0.076923,2026-08-16,revised
LLY,2026-08-16,15,-0.375,2026-08-23,revised
LLY,2026-08-23,15,0.0,2026-08-30,revised
LLY,2026-08-30,16,0.066667,2026-09-06,revised
LLY,2026-09-06,15,-0.0625,2026-09-13,revised
LLY,2026-09-13,16,0.066667,2026-09-20,revised
LLY,2026-09-20,20,0.25,2026-09-27,revised
LLY,2026-09-27,15,-0.25,2026-10-09,vintage
LLY,2026-10-04,19,0.266667,2026-10-11,revised
MA,2025-10-12,4,0.0,2025-10-19,revised
MA,2025-10-19,4,0.0,2025-10-26,revised
MA,2025-10-26,11,1.75,2025-11-02,revised
MA,2025-11-02,20,0.818182,2025-11-09,revised
MA,2025-11-09,23,0.15,2025-11-16,revised
MA,2025-11-16,16,-0.304348,2025-11-23,revised
MA,2025-11-23,13,-0.1875,2025-11-30,revised
MA,2025-11-30,8,-0.384615,2025-12-07,revised
MA,2025-12-07,10,0.25,2025-12-14,revised
MA,2025-12-14,15,0.5,2025-12-21,revised
MA,2025-12-21,4,-0.733333,2025-12-28,revised
MA,2025-12-28,4,0.0,2026-01-04,revised
MA,2026-01-04,4,0.0,2026-01-11,revised
MA,2026-01-11,14,2.5,2026-01-18,revised
MA,2026-01-18,14,0.0,2026-01-25,revised
MA,2026-01-25,10,-0.285714,2026-02-01,revised
MA,2026-02-01,18,0.8,2026-02-08,revised
MA,2026-02-08,51,1.833333,2026-02-15,revised
MA,2026-02-15,100,0.960784,2026-02-22,revised
MA,2026-02-22,56,-0.44,2026-03-01,revised
MA,2026-03-01,13,-0.767857,2026-03-08,revised
MA,2026-03-08,14,0.076923,2026-03-15,revised
MA,2026-03-15,18,0.285714,2026-03-22,revised
MA,2026-03-22,15,-0.166667,2026-03-29,revised
MA,2026-03-29,20,0.333333,2026-04-05,revised
MA,2026-04-05,15,-0.25,2026-04-12,revised
MA,2026-04-12,12,-0.2,2026-04-19,revised
MA,2026-04-19,14,0.166667,2026-04-26,revised
MA,2026-04-26,8,-0.428571,2026-05-03,revised
MA,2026-05-03,15,0.875,2026-05-10,revised
MA,2026-05-10,14,-0.066667,2026-05-17,revised
MA,2026-05-17,12,-0.142857,2026-05-24,revised
MA,2026-05-24,7,-0.416667,2026-05-31,revised
MA,2026-05-31,11,0.571429,2026-06-07,revised
MA,2026-06-07,12,0.090909,2026-06-14,revised
MA,2026-06-14,14,0.166667,2026-06-21,revised
MA,2026-06-21,16,0.142857,2026-06-28,revised
MA,2026-06-28,12,-0.25,2026-07-05,revised
MA,2026-07-05,27,1.25,2026-07-12,revised
MA,2026-07-12,16,-0.407407,2026-07-19,revised
MA,2026-07-19,17,0.0625,2026-07-26,revised
MA,2026-07-26,25,0.470588,2026-08-02,revised
MA,2026-08-02,16,-0.36,2026-08-09,revised
MA,2026-08-09,14,-0.125,2026-08-16,revised
MA,2026-08-16,8,-0.428571,2026-08-23,revised
MA,2026-08-23,11,0.375,2026-08-30,revised
MA,2026-08-30,11,0.0,2026-09-06,revised
MA,2026-09-06,11,0.0,2026-09-13,revised
MA,2026-09-13,9,-0.181818,2026-09-20,revised
MA,2026-09-20,18,1.0,2026-09-27,revised
MA,2026-09-27,4,-0.777778,2026-10-09,vintage
MA,2026-10-04,2,-0.5,2026-10-11,revised
MCD,2025-10-12,55,0.057692,2025-10-19,revised
MCD,2025-10-19,65,0.181818,2025-10-26,revised
MCD,2025-10-26,62,-0.046154,2025-11-02,revised
MCD,2025-11-02,61,-0.016129,2025-11-09,revised
MCD,2025-11-09,60,-0.016393,2025-11-16,revised
MCD,2025-11-16,78,0.3,2025-11-23,revised
MCD,2025-11-23,56,-0.282051,2025-11-30,revised
MCD,2025-11-30,53,-0.053571,2025-12-07,revised
MCD,2025-12-07,49,-0.075472,2025-12-14,revised
MCD,2025-12-14,66,0.346939,2025-12-21,revised
MCD,2025-12-21,37,-0.439394,2025-12-28,revised
MCD,2025-12-28,34,-0.081081,2026-01-04,revised
MCD,2026-01-04,39,0.147059,2026-01-11,revised
MCD,2026-01-11,55,0.410256,2026-01-18,revised
MCD,2026-01-18,71,0.290909,2026-01-25,revised
MCD,2026-01-25,79,0.112676,2026-02-01,revised
MCD,2026-02-01,79,0.0,2026-02-08,revised
MCD,2026-02-08,83,0.050633,2026-02-15,revised
MCD,2026-02-15,85,0.024096,2026-02-22,revised
MCD,2026-02-22,76,-0.105882,2026-03-01,revised
MCD,2026-03-01,68,-0.105263,2026-03-08,revised
MCD,2026-03-08,65,-0.044118,2026-03-15,revised
MCD,2026-03-15,76,0.169231,2026-03-22,revised
MCD,2026-03-22,74,-0.026316,2026-03-29,revised
MCD,2026-03-29,87,0.175676,2026-04-05,revised
MCD,2026-04-05,80,-0.08046,2026-04-12,revised
MCD,2026-04-12,79,-0.0125,2026-04-19,revised
MCD,2026-04-19,57,-0.278481,2026-04-26,revised
MCD,2026-04-26,80,0.403509,2026-05-03,revised
MCD,2026-05-03,100,0.25,2026-05-10,revised
MCD,2026-05-10,98,-0.02,2026-05-17,revised
MCD,2026-05-17,76,-0.22449,2026-05-24,revised
MCD,2026-05-24,77,0.013158,2026-05-31,revised
MCD,2026-05-31,94,0.220779,2026-06-07,revised
MCD,2026-06-07,89,-0.053191,2026-06-14,revised
MCD,2026-06-14,92,0.033708,2026-06-21,revised
MCD,2026-06-21,89,-0.032609,2026-06-28,revised
MCD,2026-06-28,75,-0.157303,2026-07-05,revised
MCD,2026-07-05,73,-0.026667,2026-07-12,revised
MCD,2026-07-12,72,-0.013699,2026-07-19,revised
MCD,2026-07-19,72,0.0,2026-07-26,revised
MCD,2026-07-26,79,0.097222,2026-08-02,revised
MCD,2026-08-02,72,-0.088608,2026-08-09,revised
MCD,2026-08-09,45,-0.375,2026-08-16,revised
MCD,2026-08-16,48,0.066667,2026-08-23,revised
MCD,2026-08-23,47,-0.020833,2026-08-30,revised
MCD,2026-08-30,50,0.06383,2026-09-06,revised
MCD,2026-09-06,54,0.08,2026-09-13,revised
MCD,2026-09-13,61,0.12963,2026-09-20,revised
MCD,2026-09-20,60,-0.016393,2026-09-27,revised
MCD,2026-09-27,21,-0.65,2026-10-09,vintage
MCD,2026-10-04,16,-0.238095,2026-10-11,revised
META,2025-10-12,31,0.033333,2025-10-19,revised
META,2025-10-19,26,-0.16129,2025-10-26,revised
META,2025-10-26,52,1.0,2025-11-02,revised
META,2025-11-02,40,-0.230769,2025-11-09,revised
META,2025-11-09,32,-0.2,2025-11-16,revised
META,2025-11-16,53,0.65625,2025-11-23,revised
META,2025-11-23,37,-0.301887,2025-11-30,revised
META,2025-11-30,37,0.0,2025-12-07,revised
META,2025-12-07,32,-0.135135,2025-12-14,revised
META,2025-12-14,35,0.09375,2025-12-21,revised
META,2025-12-21,27,-0.228571,2025-12-28,revised
META,2025-12-28,33,0.222222,2026-01-04,revised
META,2026-01-04,25,-0.242424,2026-01-11,revised
META,2026-01-11,51,1.04,2026-01-18,revised
META,2026-01-18,56,0.098039,2026-01-25,revised
META,2026-01-25,65,0.160714,2026-02-01,revised
META,2026-02-01,59,-0.092308,2026-02-08,revised
META,2026-02-08,41,-0.305085,2026-02-15,revised
META,2026-02-15,100,1.439024,2026-02-22,revised
META,2026-02-22,83,-0.17,2026-03-01,revised
META,2026-03-01,37,-0.554217,2026-03-08,revised
META,2026-03-08,37,0.0,2026-03-15,revised
META,2026-03-15,38,0.027027,2026-03-22,revised
META,2026-03-22,39,0.026316,2026-03-29,revised
META,2026-03-29,33,-0.153846,2026-04-05,revised
META,2026-04-05,30,-0.090909,2026-04-12,revised
META,2026-04-12,34,0.133333,2026-04-19,revised
META,2026-04-19,32,-0.058824,2026-04-26,revised
META,2026-04-26,33,0.03125,2026-05-03,revised
META,2026-05-03,46,0.393939,2026-05-10,revised
META,2026-05-10,42,-0.086957,2026-05-17,revised
META,2026-05-17,26,-0.380952,2026-05-24,revised
META,2026-05-24,31,0.192308,2026-05-31,revised
META,2026-05-31,61,0.967742,2026-06-07,revised
META,2026-06-07,38,-0.377049,2026-06-14,revised
META,2026-06-14,84,1.210526,2026-06-21,revised
META,2026-06-21,87,0.035714,2026-06-28,revised
META,2026-06-28,52,-0.402299,2026-07-05,revised
META,2026-07-05,67,0.288462,2026-07-12,revised
META,2026-07-12,49,-0.268657,2026-07-19,revised
META,2026-07-19,49,0.0,2026-07-26,revised
META,2026-07-26,37,-0.244898,2026-08-02,revised
META,2026-08-02,29,-0.216216,2026-08-09,revised
META,2026-08-09,17,-0.413793,2026-08-16,revised
META,2026-08-16,27,0.588235,2026-08-23,revised
META,2026-08-23,37,0.37037,2026-08-30,revised
META,2026-08-30,24,-0.351351,2026-09-06,revised
META,2026-09-06,35,0.458333,2026-09-13,revised
META,2026-09-13,36,0.028571,2026-09-20,revised
META,2026-09-20,41,0.138889,2026-09-27,revised
META,2026-09-27,13,-0.682927,2026-10-09,vintage
META,2026-10-04,9,-0.307692,2026-10-11,revised
MMM,2025-10-12,62,0.016393,2025-10-19,revised
MMM,2025-10-19,63,0.016129,2025-10-26,revised
MMM,2025-10-26,64,0.015873,2025-11-02,revised
MMM,2025-11-02,61,-0.046875,2025-11-09,revised
MMM,2025-11-09,61,0.0,2025-11-16,revised
MMM,2025-11-16,61,0.0,2025-11-23,revised
MMM,2025-11-23,59,-0.032787,2025-11-30,revised
MMM,2025-11-30,61,0.033898,2025-12-07,revised
MMM,2025-12-07,57,-0.065574,2025-12-14,revised
MMM,2025-12-14,54,-0.052632,2025-12-21,revised
MMM,2025-12-21,44,-0.185185,2025-12-28,revised
MMM,2025-12-28,44,0.0,2026-01-04,revised
MMM,2026-01-04,52,0.181818,2026-01-11,revised
MMM,2026-01-11,54,0.038462,2026-01-18,revised
MMM,2026-01-18,55,0.018519,2026-01-25,revised
MMM,2026-01-25,59,0.072727,2026-02-01,revised
MMM,2026-02-01,59,0.0,2026-02-08,revised
MMM,2026-02-08,67,0.135593,2026-02-15,revised
MMM,2026-02-15,66,-0.014925,2026-02-22,revised
MMM,2026-02-22,66,0.0,2026-03-01,revised
MMM,2026-03-01,64,-0.030303,2026-03-08,revised
MMM,2026-03-08,66,0.03125,2026-03-15,revised
MMM,2026-03-15,69,0.045455,2026-03-22,revised
MMM,2026-03-22,76,0.101449,2026-03-29,revised
MMM,2026-03-29,90,0.184211,2026-04-05,revised
MMM,2026-04-05,94,0.044444,2026-04-12,revised
MMM,2026-04-12,100,0.06383,2026-04-19,revised
MMM,2026-04-19,84,-0.16,2026-04-26,revised
MMM,2026-04-26,72,-0.142857,2026-05-03,revised
MMM,2026-05-03,81,0.125,2026-05-10,revised
MMM,2026-05-10,87,0.074074,2026-05-17,revised
MMM,2026-05-17,81,-0.068966,2026-05-24,revised
MMM,2026-05-24,75,-0.074074,2026-05-31,revised
MMM,2026-05-31,75,0.0,2026-06-07,revised
MMM,2026-06-07,77,0.026667,2026-06-14,revised
MMM,2026-06-14,72,-0.064935,2026-06-21,revised
MMM,2026-06-21,76,0.055556,2026-06-28,revised
MMM,2026-06-28,66,-0.131579,2026-07-05,revised
MMM,2026-07-05,67,0.015152,2026-07-12,revised
MMM,2026-07-12,65,-0.029851,2026-07-19,revised
MMM,2026-07-19,94,0.446154,2026-07-26,revised
MMM,2026-07-26,81,-0.138298,2026-08-02,revised
MMM,2026-08-02,64,-0.209877,2026-08-09,revised
MMM,2026-08-09,66,0.03125,2026-08-16,revised
MMM,2026-08-16,69,0.045455,2026-08-23,revised
MMM,2026-08-23,69,0.0,2026-08-30,revised
MMM,2026-08-30,75,0.086957,2026-09-06,revised
MMM,2026-09-06,72,-0.04,2026-09-13,revised
MMM,2026-09-13,70,-0.027778,2026-09-20,revised
MMM,2026-09-20,75,0.071429,2026-09-27,revised
MMM,2026-09-27,57,-0.24,2026-10-09,vintage
MMM,2026-10-04,55,-0.035088,2026-10-11,revised
MO,2025-10-12,56,0.076923,2025-10-19,revised
MO,2025-10-19,60,0.071429,2025-10-26,revised
MO,2025-10-26,81,0.35,2025-11-02,revised
MO,2025-11-02,65,-0.197531,2025-11-09,revised
MO,2025-11-09,62,-0.046154,2025-11-16,revised
MO,2025-11-16,59,-0.048387,2025-11-23,revised
MO,2025-11-23,53,-0.101695,2025-11-30,revised
MO,2025-11-30,62,0.169811,2025-12-07,revised
MO,2025-12-07,64,0.032258,2025-12-14,revised
MO,2025-12-14,58,-0.09375,2025-12-21,revised
MO,2025-12-21,47,-0.189655,2025-12-28,revised
MO,2025-12-28,45,-0.042553,2026-01-04,revised
MO,2026-01-04,60,0.333333,2026-01-11,revised
MO,2026-01-11,67,0.116667,2026-01-18,revised
MO,2026-01-18,63,-0.059701,2026-01-25,revised
MO,2026-01-25,76,0.206349,2026-02-01,revised
MO,2026-02-01,69,-0.092105,2026-02-08,revised
MO,2026-02-08,84,0.217391,2026-02-15,revised
MO,2026-02-15,100,0.190476,2026-02-22,revised
MO,2026-02-22,88,-0.12,2026-03-01,revised
MO,2026-03-01,74,-0.159091,2026-03-08,revised
MO,2026-03-08,66,-0.108108,2026-03-15,revised
MO,2026-03-15,75,0.136364,2026-03-22,revised
MO,2026-03-22,73,-0.026667,2026-03-29,revised
MO,2026-03-29,62,-0.150685,2026-04-05,revised
MO,2026-04-05,58,-0.064516,2026-04-12,revised
MO,2026-04-12,60,0.034483,2026-04-19,revised
MO,2026-04-19,58,-0.033333,2026-04-26,revised
MO,2026-04-26,59,0.017241,2026-05-03,revised
MO,2026-05-03,52,-0.118644,2026-05-10,revised
MO,2026-05-10,57,0.096154,2026-05-17,revised
MO,2026-05-17,54,-0.052632,2026-05-24,revised
MO,2026-05-24,53,-0.018519,2026-05-31,revised
MO,2026-05-31,58,0.09434,2026-06-07,revised
MO,2026-06-07,54,-0.068966,2026-06-14,revised
MO,2026-06-14,51,-0.055556,2026-06-21,revised
MO,2026-06-21,51,0.0,2026-06-28,revised
MO,2026-06-28,52,0.019608,2026-07-05,revised
MO,2026-07-05,54,0.038462,2026-07-12,revised
MO,2026-07-12,54,0.0,2026-07-19,revised
MO,2026-07-19,54,0.0,2026-07-26,revised
MO,2026-07-26,60,0.111111,2026-08-02,revised
MO,2026-08-02,51,-0.15,2026-08-09,revised
MO,2026-08-09,55,0.078431,2026-08-16,revised
MO,2026-08-16,48,-0.127273,2026-08-23,revised
MO,2026-08-23,51,0.0625,2026-08-30,revised
MO,2026-08-30,47,-0.078431,2026-09-06,revised
MO,2026-09-06,48,0.021277,2026-09-13,revised
MO,2026-09-13,49,0.020833,2026-09-20,revised
MO,2026-09-20,50,0.020408,2026-09-27,revised
MO,2026-09-27,36,-0.28,2026-10-09,vintage
MO,2026-10-04,36,0.0,2026-10-11,revised
MRK,2025-10-12,0,0.0,2025-10-19,revised
MRK,2025-10-19,0,0.0,2025-10-26,revised
MRK,2025-10-26,0,0.0,2025-11-02,revised
MRK,2025-11-02,0,0.0,2025-11-09,revised
MRK,2025-11-09,0,0.0,2025-11-16,revised
MRK,2025-11-16,100,0.0,2025-11-23,revised
MRK,2025-11-23,0,-1.0,2025-11-30,revised
MRK,2025-11-30,0,0.0,2025-12-07,revised
MRK,2025-12-07,0,0.0,2025-12-14,revised
MRK,2025-12-14,0,0.0,2025-12-21,revised
MRK,2025-12-21,0,0.0,2025-12-28,revised
MRK,2025-12-28,0,0.0,2026-01-04,revised
MRK,2026-01-04,0,0.0,2026-01-11,revised
MRK,2026-01-11,0,0.0,2026-01-18,revised
MRK,2026-01-18,0,0.0,2026-01-25,revised
MRK,2026-01-25,0,0.0,2026-02-01,revised
MRK,2026-02-01,46,0.0,2026-02-08,revised
MRK,2026-02-08,62,0.347826,2026-02-15,revised
MRK,2026-02-15,51,-0.177419,2026-02-22,revised
MRK,2026-02-22,58,0.137255,2026-03-01,revised
MRK,2026-03-01,0,-1.0,2026-03-08,revised
MRK,2026-03-08,0,0.0,2026-03-15,revised
MRK,2026-03-15,0,0.0,2026-03-22,revised
MRK,2026-03-22,0,0.0,2026-03-29,revised
MRK,2026-03-29,0,0.0,2026-04-05,revised
MRK,2026-04-05,0,0.0,2026-04-12,revised
MRK,2026-04-12,0,0.0,2026-04-19,revised
MRK,2026-04-19,0,0.0,2026-04-26,revised
MRK,2026-04-26,0,0.0,2026-05-03,revised
MRK,2026-05-03,0,0.0,2026-05-10,revised
MRK,2026-05-10,0,0.0,2026-05-17,revised
MRK,2026-05-17,0,0.0,2026-05-24,revised
MRK,2026-05-24,0,0.0,2026-05-31,revised
MRK,2026-05-31,0,0.0,2026-06-07,revised
MRK,2026-06-07,0,0.0,2026-06-14,revised
MRK,2026-06-14,0,0.0,2026-06-21,revised
MRK,2026-06-21,0,0.0,2026-06-28,revised
MRK,2026-06-28,0,0.0,2026-07-05,revised
MRK,2026-07-05,0,0.0,2026-07-12,revised
MRK,2026-07-12,0,0.0,2026-07-19,revised
MRK,2026-07-19,0,0.0,2026-07-26,revised
MRK,2026-07-26,0,0.0,2026-08-02,revised
MRK,2026-08-02,0,0.0,2026-08-09,revised
MRK,2026-08-09,0,0.0,2026-08-16,revised
MRK,2026-08-16,0,0.0,2026-08-23,revised
MRK,2026-08-23,0,0.0,2026-08-30,revised
MRK,2026-08-30,0,0.0,2026-09-06,revised
MRK,2026-09-06,0,0.0,2026-09-13,revised
MRK,2026-09-13,0,0.0,2026-09-20,revised
MRK,2026-09-20,6,0.0,2026-09-27,revised
MRK,2026-09-27,10,0.666667,2026-10-09,vintage
MRK,2026-10-04,9,-0.1,2026-10-11,revised
MSFT,2025-10-12,36,0.0,2025-10-19,revised
MSFT,2025-10-19,35,-0.027778,2025-10-26,revised
MSFT,2025-10-26,57,0.628571,2025-11-02,revised
MSFT,2025-11-02,39,-0.315789,2025-11-09,revised
MSFT,2025-11-09,42,0.076923,2025-11-16,revised
MSFT,2025-11-16,53,0.261905,2025-11-23,revised
MSFT,2025-11-23,53,0.0,2025-11-30,revised
MSFT,2025-11-30,57,0.075472,2025-12-07,revised
MSFT,2025-12-07,44,-0.22807,2025-12-14,revised
MSFT,2025-12-14,43,-0.022727,2025-12-21,revised
MSFT,2025-12-21,20,-0.534884,2025-12-28,revised
MSFT,2025-12-28,19,-0.05,2026-01-04,revised
MSFT,2026-01-04,27,0.421053,2026-01-11,revised
MSFT,2026-01-11,41,0.518519,2026-01-18,revised
MSFT,2026-01-18,46,0.121951,2026-01-25,revised
MSFT,2026-01-25,54,0.173913,2026-02-01,revised
MSFT,2026-02-01,52,-0.037037,2026-02-08,revised
MSFT,2026-02-08,49,-0.057692,2026-02-15,revised
MSFT,2026-02-15,54,0.102041,2026-02-22,revised
MSFT,2026-02-22,66,0.222222,2026-03-01,revised
MSFT,2026-03-01,53,-0.19697,2026-03-08,revised
MSFT,2026-03-08,56,0.056604,2026-03-15,revised
MSFT,2026-03-15,56,0.0,2026-03-22,revised
MSFT,2026-03-22,58,0.035714,2026-03-29,revised
MSFT,2026-03-29,70,0.206897,2026-04-05,revised
MSFT,2026-04-05,69,-0.014286,2026-04-12,revised
MSFT,2026-04-12,56,-0.188406,2026-04-19,revised
MSFT,2026-04-19,53,-0.053571,2026-04-26,revised
MSFT,2026-04-26,67,0.264151,2026-05-03,revised
MSFT,2026-05-03,84,0.253731,2026-05-10,revised
MSFT,2026-05-10,98,0.166667,2026-05-17,revised
MSFT,2026-05-17,77,-0.214286,2026-05-24,revised
MSFT,2026-05-24,82,0.064935,2026-05-31,revised
MSFT,2026-05-31,100,0.219512,2026-06-07,revised
MSFT,2026-06-07,85,-0.15,2026-06-14,revised
MSFT,2026-06-14,81,-0.047059,2026-06-21,revised
MSFT,2026-06-21,87,0.074074,2026-06-28,revised
MSFT,2026-06-28,66,-0.241379,2026-07-05,revised
MSFT,2026-07-05,68,0.030303,2026-07-12,revised
MSFT,2026-07-12,46,-0.323529,2026-07-19,revised
MSFT,2026-07-19,63,0.369565,2026-07-26,revised
MSFT,2026-07-26,51,-0.190476,2026-08-02,revised
MSFT,2026-08-02,41,-0.196078,2026-08-09,revised
MSFT,2026-08-09,33,-0.195122,2026-08-16,revised
MSFT,2026-08-16,27,-0.181818,2026-08-23,revised
MSFT,2026-08-23,36,0.333333,2026-08-30,revised
MSFT,2026-08-30,34,-0.055556,2026-09-06,revised
MSFT,2026-09-06,33,-0.029412,2026-09-13,revised
MSFT,2026-09-13,42,0.272727,2026-09-20,revised
MSFT,2026-09-20,48,0.142857,2026-09-27,revised
MSFT,2026-09-27,15,-0.6875,2026-10-09,vintage
MSFT,2026-10-04,10,-0.333333,2026-10-11,revised
NFLX,2025-10-12,15,-0.210526,2025-10-19,revised
NFLX,2025-10-19,19,0.266667,2025-10-26,revised
NFLX,2025-10-26,18,-0.052632,2025-11-02,revised
NFLX,2025-11-02,17,-0.055556,2025-11-09,revised
NFLX,2025-11-09,15,-0.117647,2025-11-16,revised
NFLX,2025-11-16,19,0.266667,2025-11-23,revised
NFLX,2025-11-23,20,0.052632,2025-11-30,revised
NFLX,2025-11-30,24,0.2,2025-12-07,revised
NFLX,2025-12-07,26,0.083333,2025-12-14,revised
NFLX,2025-12-14,19,-0.269231,2025-12-21,revised
NFLX,2025-12-21,11,-0.421053,2025-12-28,revised
NFLX,2025-12-28,15,0.363636,2026-01-04,revised
NFLX,2026-01-04,26,0.733333,2026-01-11,revised
NFLX,2026-01-11,26,0.0,2026-01-18,revised
NFLX,2026-01-18,26,0.0,2026-01-25,revised
NFLX,2026-01-25,26,0.0,2026-02-01,revised
NFLX,2026-02-01,62,1.384615,2026-02-08,revised
NFLX,2026-02-08,36,-0.419355,2026-02-15,revised
NFLX,2026-02-15,60,0.666667,2026-02-22,revised
NFLX,2026-02-22,58,-0.033333,2026-03-01,revised
NFLX,2026-03-01,35,-0.396552,2026-03-08,revised
NFLX,2026-03-08,32,-0.085714,2026-03-15,revised
NFLX,2026-03-15,38,0.1875,2026-03-22,revised
NFLX,2026-03-22,36,-0.052632,2026-03-29,revised
NFLX,2026-03-29,41,0.138889,2026-04-05,revised
NFLX,2026-04-05,35,-0.146341,2026-04-12,revised
NFLX,2026-04-12,34,-0.028571,2026-04-19,revised
NFLX,2026-04-19,26,-0.235294,2026-04-26,revised
NFLX,2026-04-26,36,0.384615,2026-05-03,revised
NFLX,2026-05-03,53,0.472222,2026-05-10,revised
NFLX,2026-05-10,97,0.830189,2026-05-17,revised
NFLX,2026-05-17,61,-0.371134,2026-05-24,revised
NFLX,2026-05-24,77,0.262295,2026-05-31,revised
NFLX,2026-05-31,98,0.272727,2026-06-07,revised
NFLX,2026-06-07,58,-0.408163,2026-06-14,revised
NFLX,2026-06-14,66,0.137931,2026-06-21,revised
NFLX,2026-06-21,64,-0.030303,2026-06-28,revised
NFLX,2026-06-28,40,-0.375,2026-07-05,revised
NFLX,2026-07-05,58,0.45,2026-07-12,revised
NFLX,2026-07-12,34,-0.413793,2026-07-19,revised
NFLX,2026-07-19,45,0.323529,2026-07-26,revised
NFLX,2026-07-26,60,0.333333,2026-08-02,revised
NFLX,2026-08-02,52,-0.133333,2026-08-09,revised
NFLX,2026-08-09,59,0.134615,2026-08-16,revised
NFLX,2026-08-16,40,-0.322034,2026-08-23,revised
NFLX,2026-08-23,86,1.15,2026-08-30,revised
NFLX,2026-08-30,94,0.093023,2026-09-06,revised
NFLX,2026-09-06,89,-0.053191,2026-09-13,revised
NFLX,2026-09-13,100,0.123596,2026-09-20,revised
NFLX,2026-09-20,75,-0.25,2026-09-27,revised
NFLX,2026-09-27,10,-0.866667,2026-10-09,vintage
NFLX,2026-10-04,3,-0.7,2026-10-11,revised
NKE,2025-10-12,14,-0.066667,2025-10-19,revised
NKE,2025-10-19,16,0.142857,2025-10-26,revised
NKE,2025-10-26,17,0.0625,2025-11-02,revised
NKE,2025-11-02,15,-0.117647,2025-11-09,revised
NKE,2025-11-09,17,0.133333,2025-11-16,revised
NKE,2025-11-16,18,0.058824,2025-11-23,revised
NKE,2025-11-23,16,-0.111111,2025-11-30,revised
NKE,2025-11-30,15,-0.0625,2025-12-07,revised
NKE,2025-12-07,12,-0.2,2025-12-14,revised
NKE,2025-12-14,14,0.166667,2025-12-21,revised
NKE,2025-12-21,5,-0.642857,2025-12-28,revised
NKE,2025-12-28,6,0.2,2026-01-04,revised
NKE,2026-01-04,10,0.666667,2026-01-11,revised
NKE,2026-01-11,12,0.2,2026-01-18,revised
NKE,2026-01-18,12,0.0,2026-01-25,revised
NKE,2026-01-25,15,0.25,2026-02-01,revised
NKE,2026-02-01,27,0.8,2026-02-08,revised
NKE,2026-02-08,21,-0.222222,2026-02-15,revised
NKE,2026-02-15,31,0.47619,2026-02-22,revised
NKE,2026-02-22,39,0.258065,2026-03-01,revised
NKE,2026-03-01,23,-0.410256,2026-03-08,revised
NKE,2026-03-08,50,1.173913,2026-03-15,revised
NKE,2026-03-15,25,-0.5,2026-03-22,revised
NKE,2026-03-22,52,1.08,2026-03-29,revised
NKE,2026-03-29,100,0.923077,2026-04-05,revised
NKE,2026-04-05,92,-0.08,2026-04-12,revised
NKE,2026-04-12,96,0.043478,2026-04-19,revised
NKE,2026-04-19,65,-0.322917,2026-04-26,revised
NKE,2026-04-26,53,-0.184615,2026-05-03,revised
NKE,2026-05-03,61,0.150943,2026-05-10,revised
NKE,2026-05-10,79,0.295082,2026-05-17,revised
NKE,2026-05-17,55,-0.303797,2026-05-24,revised
NKE,2026-05-24,45,-0.181818,2026-05-31,revised
NKE,2026-05-31,59,0.311111,2026-06-07,revised
NKE,2026-06-07,42,-0.288136,2026-06-14,revised
NKE,2026-06-14,51,0.214286,2026-06-21,revised
NKE,2026-06-21,46,-0.098039,2026-06-28,revised
NKE,2026-06-28,19,-0.586957,2026-07-05,revised
NKE,2026-07-05,22,0.157895,2026-07-12,revised
NKE,2026-07-12,15,-0.318182,2026-07-19,revised
NKE,2026-07-19,16,0.066667,2026-07-26,revised
NKE,2026-07-26,19,0.1875,2026-08-02,revised
NKE,2026-08-02,19,0.0,2026-08-09,revised
NKE,2026-08-09,21,0.105263,2026-08-16,revised
NKE,2026-08-16,18,-0.142857,2026-08-23,revised
NKE,2026-08-23,43,1.388889,2026-08-30,revised
NKE,2026-08-30,56,0.302326,2026-09-06,revised
NKE,2026-09-06,61,0.089286,2026-09-13,revised
NKE,2026-09-13,85,0.393443,2026-09-20,revised
NKE,2026-09-20,75,-0.117647,2026-09-27,revised
NKE,2026-09-27,12,-0.84,2026-10-09,vintage
NKE,2026-10-04,4,-0.666667,2026-10-11,revised
NOW,2025-10-12,6,0.2,2025-10-19,revised
NOW,2025-10-19,8,0.333333,2025-10-26,revised
NOW,2025-10-26,7,-0.125,2025-11-02,revised
NOW,2025-11-02,6,-0.142857,2025-11-09,revised
NOW,2025-11-09,5,-0.166667,2025-11-16,revised
NOW,2025-11-16,5,0.0,2025-11-23,revised
NOW,2025-11-23,4,-0.2,2025-11-30,revised
NOW,2025-11-30,5,0.25,2025-12-07,revised
NOW,2025-12-07,5,0.0,2025-12-14,revised
NOW,2025-12-14,8,0.6,2025-12-21,revised
NOW,2025-12-21,0,-1.0,2025-12-28,revised
NOW,2025-12-28,4,0.0,2026-01-04,revised
NOW,2026-01-04,7,0.75,2026-01-11,revised
NOW,2026-01-11,6,-0.142857,2026-01-18,revised
NOW,2026-01-18,8,0.333333,2026-01-25,revised
NOW,2026-01-25,16,1.0,2026-02-01,revised
NOW,2026-02-01,22,0.375,2026-02-08,revised
NOW,2026-02-08,17,-0.227273,2026-02-15,revised
NOW,2026-02-15,47,1.764706,2026-02-22,revised
NOW,2026-02-22,54,0.148936,2026-03-01,revised
NOW,2026-03-01,18,-0.666667,2026-03-08,revised
NOW,2026-03-08,20,0.111111,2026-03-15,revised
NOW,2026-03-15,25,0.25,2026-03-22,revised
NOW,2026-03-22,16,-0.36,2026-03-29,revised
NOW,2026-03-29,14,-0.125,2026-04-05,revised
NOW,2026-04-05,18,0.285714,2026-04-12,revised
NOW,2026-04-12,16,-0.111111,2026-04-19,revised
NOW,2026-04-19,19,0.1875,2026-04-26,revised
NOW,2026-04-26,16,-0.157895,2026-05-03,revised
NOW,2026-05-03,21,0.3125,2026-05-10,revised
NOW,2026-05-10,22,0.047619,2026-05-17,revised
NOW,2026-05-17,9,-0.590909,2026-05-24,revised
NOW,2026-05-24,22,1.444444,2026-05-31,revised
NOW,2026-05-31,44,1.0,2026-06-07,revised
NOW,2026-06-07,11,-0.75,2026-06-14,revised
NOW,2026-06-14,25,1.272727,2026-06-21,revised
NOW,2026-06-21,30,0.2,2026-06-28,revised
NOW,2026-06-28,13,-0.566667,2026-07-05,revised
NOW,2026-07-05,15,0.153846,2026-07-12,revised
NOW,2026-07-12,8,-0.466667,2026-07-19,revised
NOW,2026-07-19,17,1.125,2026-07-26,revised
NOW,2026-07-26,13,-0.235294,2026-08-02,revised
NOW,2026-08-02,9,-0.307692,2026-08-09,revised
NOW,2026-08-09,11,0.222222,2026-08-16,revised
NOW,2026-08-16,0,-1.0,2026-08-23,revised
NOW,2026-08-23,30,0.0,2026-08-30,revised
NOW,2026-08-30,35,0.166667,2026-09-06,revised
NOW,2026-09-06,41,0.171429,2026-09-13,revised
NOW,2026-09-13,100,1.439024,2026-09-20,revised
NOW,2026-09-20,59,-0.41,2026-09-27,revised
NOW,2026-09-27,9,-0.847458,2026-10-09,vintage
NOW,2026-10-04,2,-0.777778,2026-10-11,revised
NVDA,2025-10-12,38,-0.208333,2025-10-19,revised
NVDA,2025-10-19,41,0.078947,2025-10-26,revised
NVDA,2025-10-26,47,0.146341,2025-11-02,revised
NVDA,2025-11-02,43,-0.085106,2025-11-09,revised
NVDA,2025-11-09,43,0.0,2025-11-16,revised
NVDA,2025-11-16,85,0.976744,2025-11-23,revised
NVDA,2025-11-23,60,-0.294118,2025-11-30,revised
NVDA,2025-11-30,61,0.016667,2025-12-07,revised
NVDA,2025-12-07,44,-0.278689,2025-12-14,revised
NVDA,2025-12-14,39,-0.113636,2025-12-21,revised
NVDA,2025-12-21,27,-0.307692,2025-12-28,revised
NVDA,2025-12-28,24,-0.111111,2026-01-04,revised
NVDA,2026-01-04,34,0.416667,2026-01-11,revised
NVDA,2026-01-11,36,0.058824,2026-01-18,revised
NVDA,2026-01-18,34,-0.055556,2026-01-25,revised
NVDA,2026-01-25,40,0.176471,2026-02-01,revised
NVDA,2026-02-01,40,0.0,2026-02-08,revised
NVDA,2026-02-08,39,-0.025,2026-02-15,revised
NVDA,2026-02-15,39,0.0,2026-02-22,revised
NVDA,2026-02-22,65,0.666667,2026-03-01,revised
NVDA,2026-03-01,38,-0.415385,2026-03-08,revised
NVDA,2026-03-08,42,0.105263,2026-03-15,revised
NVDA,2026-03-15,59,0.404762,2026-03-22,revised
NVDA,2026-03-22,46,-0.220339,2026-03-29,revised
NVDA,2026-03-29,49,0.065217,2026-04-05,revised
NVDA,2026-04-05,43,-0.122449,2026-04-12,revised
NVDA,2026-04-12,40,-0.069767,2026-04-19,revised
NVDA,2026-04-19,39,-0.025,2026-04-26,revised
NVDA,2026-04-26,45,0.153846,2026-05-03,revised
NVDA,2026-05-03,52,0.155556,2026-05-10,revised
NVDA,2026-05-10,65,0.25,2026-05-17,revised
NVDA,2026-05-17,66,0.015385,2026-05-24,revised
NVDA,2026-05-24,71,0.075758,2026-05-31,revised
NVDA,2026-05-31,100,0.408451,2026-06-07,revised
NVDA,2026-06-07,69,-0.31,2026-06-14,revised
NVDA,2026-06-14,64,-0.072464,2026-06-21,revised
NVDA,2026-06-21,66,0.03125,2026-06-28,revised
NVDA,2026-06-28,54,-0.181818,2026-07-05,revised
NVDA,2026-07-05,54,0.0,2026-07-12,revised
NVDA,2026-07-12,34,-0.37037,2026-07-19,revised
NVDA,2026-07-19,45,0.323529,2026-07-26,revised
NVDA,2026-07-26,49,0.088889,2026-08-02,revised
NVDA,2026-08-02,35,-0.285714,2026-08-09,revised
NVDA,2026-08-09,30,-0.142857,2026-08-16,revised
NVDA,2026-08-16,28,-0.066667,2026-08-23,revised
NVDA,2026-08-23,42,0.5,2026-08-30,revised
NVDA,2026-08-30,31,-0.261905,2026-09-06,revised
NVDA,2026-09-06,29,-0.064516,2026-09-13,revised
NVDA,2026-09-13,33,0.137931,2026-09-20,revised
NVDA,2026-09-20,29,-0.121212,2026-09-27,revised
NVDA,2026-09-27,18,-0.37931,2026-10-09,vintage
NVDA,2026-10-04,8,-0.555556,2026-10-11,revised
PEP,2025-10-12,25,-0.242424,2025-10-19,revised
PEP,2025-10-19,0,-1.0,2025-10-26,revised
PEP,2025-10-26,32,0.0,2025-11-02,revised
PEP,2025-11-02,42,0.3125,2025-11-09,revised
PEP,2025-11-09,34,-0.190476,2025-11-16,revised
PEP,2025-11-16,43,0.264706,2025-11-23,revised
PEP,2025-11-23,29,-0.325581,2025-11-30,revised
PEP,2025-11-30,22,-0.241379,2025-12-07,revised
PEP,2025-12-07,27,0.227273,2025-12-14,revised
PEP,2025-12-14,61,1.259259,2025-12-21,revised
PEP,2025-12-21,0,-1.0,2025-12-28,revised
PEP,2025-12-28,0,0.0,2026-01-04,revised
PEP,2026-01-04,22,0.0,2026-01-11,revised
PEP,2026-01-11,31,0.409091,2026-01-18,revised
PEP,2026-01-18,50,0.612903,2026-01-25,revised
PEP,2026-01-25,58,0.16,2026-02-01,revised
PEP,2026-02-01,88,0.517241,2026-02-08,revised
PEP,2026-02-08,71,-0.193182,2026-02-15,revised
PEP,2026-02-15,92,0.295775,2026-02-22,revised
PEP,2026-02-22,75,-0.184783,2026-03-01,revised
PEP,2026-03-01,60,-0.2,2026-03-08,revised
PEP,2026-03-08,34,-0.433333,2026-03-15,revised
PEP,2026-03-15,42,0.235294,2026-03-22,revised
PEP,2026-03-22,43,0.02381,2026-03-29,revised
PEP,2026-03-29,70,0.627907,2026-04-05,revised
PEP,2026-04-05,48,-0.314286,2026-04-12,revised
PEP,2026-04-12,44,-0.083333,2026-04-19,revised
PEP,2026-04-19,40,-0.090909,2026-04-26,revised
PEP,2026-04-26,43,0.075,2026-05-03,revised
PEP,2026-05-03,41,-0.046512,2026-05-10,revised
PEP,2026-05-10,68,0.658537,2026-05-17,revised
PEP,2026-05-17,39,-0.426471,2026-05-24,revised
PEP,2026-05-24,38,-0.025641,2026-05-31,revised
PEP,2026-05-31,54,0.421053,2026-06-07,revised
PEP,2026-06-07,47,-0.12963,2026-06-14,revised
PEP,2026-06-14,75,0.595745,2026-06-21,revised
PEP,2026-06-21,39,-0.48,2026-06-28,revised
PEP,2026-06-28,52,0.333333,2026-07-05,revised
PEP,2026-07-05,52,0.0,2026-07-12,revised
PEP,2026-07-12,35,-0.326923,2026-07-19,revised
PEP,2026-07-19,27,-0.228571,2026-07-26,revised
PEP,2026-07-26,50,0.851852,2026-08-02,revised
PEP,2026-08-02,40,-0.2,2026-08-09,revised
PEP,2026-08-09,29,-0.275,2026-08-16,revised
PEP,2026-08-16,26,-0.103448,2026-08-23,revised
PEP,2026-08-23,46,0.769231,2026-08-30,revised
PEP,2026-08-30,85,0.847826,2026-09-06,revised
PEP,2026-09-06,55,-0.352941,2026-09-13,revised
PEP,2026-09-13,100,0.818182,2026-09-20,revised
PEP,2026-09-20,61,-0.39,2026-09-27,revised
PEP,2026-09-27,22,-0.639344,2026-10-09,vintage
PEP,2026-10-04,14,-0.363636,2026-10-11,revised
PM,2025-10-12,0,0.0,2025-10-19,revised
PM,2025-10-19,0,0.0,2025-10-26,revised
PM,2025-10-26,17,0.0,2025-11-02,revised
PM,2025-11-02,12,-0.294118,2025-11-09,revised
PM,2025-11-09,0,-1.0,2025-11-16,revised
PM,2025-11-16,0,0.0,2025-11-23,revised
PM,2025-11-23,0,0.0,2025-11-30,revised
PM,2025-11-30,0,0.0,2025-12-07,revised
PM,2025-12-07,0,0.0,2025-12-14,revised
PM,2025-12-14,0,0.0,2025-12-21,revised
PM,2025-12-21,0,0.0,2025-12-28,revised
PM,2025-12-28,0,0.0,2026-01-04,revised
PM,2026-01-04,0,0.0,2026-01-11,revised
PM,2026-01-11,0,0.0,2026-01-18,revised
PM,2026-01-18,0,0.0,2026-01-25,revised
PM,2026-01-25,0,0.0,2026-02-01,revised
PM,2026-02-01,17,0.0,2026-02-08,revised
PM,2026-02-08,53,2.117647,2026-02-15,revised
PM,2026-02-15,100,0.886792,2026-02-22,revised
PM,2026-02-22,63,-0.37,2026-03-01,revised
PM,2026-03-01,14,-0.777778,2026-03-08,revised
PM,2026-03-08,0,-1.0,2026-03-15,revised
PM,2026-03-15,0,0.0,2026-03-22,revised
PM,2026-03-22,0,0.0,2026-03-29,revised
PM,2026-03-29,15,0.0,2026-04-05,revised
PM,2026-04-05,18,0.2,2026-04-12,revised
PM,2026-04-12,0,-1.0,2026-04-19,revised
PM,2026-04-19,0,0.0,2026-04-26,revised
PM,2026-04-26,0,0.0,2026-05-03,revised
PM,2026-05-03,0,0.0,2026-05-10,revised
PM,2026-05-10,16,0.0,2026-05-17,revised
PM,2026-05-17,0,-1.0,2026-05-24,revised
PM,2026-05-24,0,0.0,2026-05-31,revised
PM,2026-05-31,0,0.0,2026-06-07,revised
PM,2026-06-07,0,0.0,2026-06-14,revised
PM,2026-06-14,18,0.0,2026-06-21,revised
PM,2026-06-21,14,-0.222222,2026-06-28,revised
PM,2026-06-28,16,0.142857,2026-07-05,revised
PM,2026-07-05,14,-0.125,2026-07-12,revised
PM,2026-07-12,23,0.642857,2026-07-19,revised
PM,2026-07-19,0,-1.0,2026-07-26,revised
PM,2026-07-26,0,0.0,2026-08-02,revised
PM,2026-08-02,0,0.0,2026-08-09,revised
PM,2026-08-09,12,0.0,2026-08-16,revised
PM,2026-08-16,0,-1.0,2026-08-23,revised
PM,2026-08-23,0,0.0,2026-08-30,revised
PM,2026-08-30,0,0.0,2026-09-06,revised
PM,2026-09-06,0,0.0,2026-09-13,revised
PM,2026-09-13,0,0.0,2026-09-20,revised
PM,2026-09-20,1,0.0,2026-09-27,revised
PM,2026-09-27,2,1.0,2026-10-09,vintage
PM,2026-10-04,2,0.0,2026-10-11,revised
QCOM,2025-10-12,19,-0.05,2025-10-19,revised
QCOM,2025-10-19,24,0.263158,2025-10-26,revised
QCOM,2025-10-26,17,-0.291667,2025-11-02,revised
QCOM,2025-11-02,29,0.705882,2025-11-09,revised
QCOM,2025-11-09,0,-1.0,2025-11-16,revised
QCOM,2025-11-16,21,0.0,2025-11-23,revised
QCOM,2025-11-23,0,-1.0,2025-11-30,revised
QCOM,2025-11-30,24,0.0,2025-12-07,revised
QCOM,2025-12-07,23,-0.041667,2025-12-14,revised
QCOM,2025-12-14,20,-0.130435,2025-12-21,revised
QCOM,2025-12-21,32,0.6,2025-12-28,revised
QCOM,2025-12-28,0,-1.0,2026-01-04,revised
QCOM,2026-01-04,24,0.0,2026-01-11,revised
QCOM,2026-01-11,20,-0.166667,2026-01-18,revised
QCOM,2026-01-18,21,0.05,2026-01-25,revised
QCOM,2026-01-25,39,0.857143,2026-02-01,revised
QCOM,2026-02-01,39,0.0,2026-02-08,revised
QCOM,2026-02-08,28,-0.282051,2026-02-15,revised
QCOM,2026-02-15,34,0.214286,2026-02-22,revised
QCOM,2026-02-22,34,0.0,2026-03-01,revised
QCOM,2026-03-01,27,-0.205882,2026-03-08,revised
QCOM,2026-03-08,25,-0.074074,2026-03-15,revised
QCOM,2026-03-15,35,0.4,2026-03-22,revised
QCOM,2026-03-22,35,0.0,2026-03-29,revised
QCOM,2026-03-29,37,0.057143,2026-04-05,revised
QCOM,2026-04-05,46,0.243243,2026-04-12,revised
QCOM,2026-04-12,33,-0.282609,2026-04-19,revised
QCOM,2026-04-19,33,0.0,2026-04-26,revised
QCOM,2026-04-26,54,0.636364,2026-05-03,revised
QCOM,2026-05-03,39,-0.277778,2026-05-10,revised
QCOM,2026-05-10,54,0.384615,2026-05-17,revised
QCOM,2026-05-17,57,0.055556,2026-05-24,revised
QCOM,2026-05-24,100,0.754386,2026-05-31,revised
QCOM,2026-05-31,51,-0.49,2026-06-07,revised
QCOM,2026-06-07,63,0.235294,2026-06-14,revised
QCOM,2026-06-14,56,-0.111111,2026-06-21,revised
QCOM,2026-06-21,64,0.142857,2026-06-28,revised
QCOM,2026-06-28,80,0.25,2026-07-05,revised
QCOM,2026-07-05,74,-0.075,2026-07-12,revised
QCOM,2026-07-12,40,-0.459459,2026-07-19,revised
QCOM,2026-07-19,74,0.85,2026-07-26,revised
QCOM,2026-07-26,68,-0.081081,2026-08-02,revised
QCOM,2026-08-02,70,0.029412,2026-08-09,revised
QCOM,2026-08-09,29,-0.585714,2026-08-16,revised
QCOM,2026-08-16,32,0.103448,2026-08-23,revised
QCOM,2026-08-23,26,-0.1875,2026-08-30,revised
QCOM,2026-08-30,35,0.346154,2026-09-06,revised
QCOM,2026-09-06,46,0.314286,2026-09-13,revised
QCOM,2026-09-13,46,0.0,2026-09-20,revised
QCOM,2026-09-20,49,0.065217,2026-09-27,revised
QCOM,2026-09-27,14,-0.714286,2026-10-09,vintage
QCOM,2026-10-04,10,-0.285714,2026-10-11,revised
T,2025-10-12,72,0.058824,2025-10-19,revised
T,2025-10-19,66,-0.083333,2025-10-26,revised
T,2025-10-26,58,-0.121212,2025-11-02,revised
T,2025-11-02,62,0.068966,2025-11-09,revised
T,2025-11-09,69,0.112903,2025-11-16,revised
T,2025-11-16,65,-0.057971,2025-11-23,revised
T,2025-11-23,65,0.0,2025-11-30,revised
T,2025-11-30,75,0.153846,2025-12-07,revised
T,2025-12-07,67,-0.106667,2025-12-14,revised
T,2025-12-14,69,0.029851,2025-12-21,revised
T,2025-12-21,59,-0.144928,2025-12-28,revised
T,2025-12-28,62,0.050847,2026-01-04,revised
T,2026-01-04,60,-0.032258,2026-01-11,revised
T,2026-01-11,65,0.083333,2026-01-18,revised
T,2026-01-18,59,-0.092308,2026-01-25,revised
T,2026-01-25,59,0.0,2026-02-01,revised
T,2026-02-01,59,0.0,2026-02-08,revised
T,2026-02-08,59,0.0,2026-02-15,revised
T,2026-02-15,65,0.101695,2026-02-22,revised
T,2026-02-22,65,0.0,2026-03-01,revised
T,2026-03-01,70,0.076923,2026-03-08,revised
T,2026-03-08,68,-0.028571,2026-03-15,revised
T,2026-03-15,70,0.029412,2026-03-22,revised
T,2026-03-22,73,0.042857,2026-03-29,revised
T,2026-03-29,82,0.123288,2026-04-05,revised
T,2026-04-05,84,0.02439,2026-04-12,revised
T,2026-04-12,92,0.095238,2026-04-19,revised
T,2026-04-19,83,-0.097826,2026-04-26,revised
T,2026-04-26,75,-0.096386,2026-05-03,revised
T,2026-05-03,83,0.106667,2026-05-10,revised
T,2026-05-10,83,0.0,2026-05-17,revised
T,2026-05-17,82,-0.012048,2026-05-24,revised
T,2026-05-24,84,0.02439,2026-05-31,revised
T,2026-05-31,92,0.095238,2026-06-07,revised
T,2026-06-07,92,0.0,2026-06-14,revised
T,2026-06-14,100,0.086957,2026-06-21,revised
T,2026-06-21,92,-0.08,2026-06-28,revised
T,2026-06-28,90,-0.021739,2026-07-05,revised
T,2026-07-05,88,-0.022222,2026-07-12,revised
T,2026-07-12,79,-0.102273,2026-07-19,revised
T,2026-07-19,88,0.113924,2026-07-26,revised
T,2026-07-26,80,-0.090909,2026-08-02,revised
T,2026-08-02,73,-0.0875,2026-08-09,revised
T,2026-08-09,87,0.191781,2026-08-16,revised
T,2026-08-16,81,-0.068966,2026-08-23,revised
T,2026-08-23,79,-0.024691,2026-08-30,revised
T,2026-08-30,72,-0.088608,2026-09-06,revised
T,2026-09-06,76,0.055556,2026-09-13,revised
T,2026-09-13,82,0.078947,2026-09-20,revised
T,2026-09-20,81,-0.012195,2026-09-27,revised
T,2026-09-27,67,-0.17284,2026-10-09,vintage
T,2026-10-04,62,-0.074627,2026-10-11,revised
TECH,2025-10-12,21,0.166667,2025-10-19,revised
TECH,2025-10-19,12,-0.428571,2025-10-26,revised
TECH,2025-10-26,15,0.25,2025-11-02,revised
TECH,2025-11-02,24,0.6,2025-11-09,revised
TECH,2025-11-09,17,-0.291667,2025-11-16,revised
TECH,2025-11-16,19,0.117647,2025-11-23,revised
TECH,2025-11-23,12,-0.368421,2025-11-30,revised
TECH,2025-11-30,15,0.25,2025-12-07,revised
TECH,2025-12-07,17,0.133333,2025-12-14,revised
TECH,2025-12-14,23,0.352941,2025-12-21,revised
TECH,2025-12-21,11,-0.521739,2025-12-28,revised
TECH,2025-12-28,7,-0.363636,2026-01-04,revised
TECH,2026-01-04,15,1.142857,2026-01-11,revised
TECH,2026-01-11,16,0.066667,2026-01-18,revised
TECH,2026-01-18,21,0.3125,2026-01-25,revised
TECH,2026-01-25,17,-0.190476,2026-02-01,revised
TECH,2026-02-01,22,0.294118,2026-02-08,revised
TECH,2026-02-08,18,-0.181818,2026-02-15,revised
TECH,2026-02-15,19,0.055556,2026-02-22,revised
TECH,2026-02-22,20,0.052632,2026-03-01,revised
TECH,2026-03-01,24,0.2,2026-03-08,revised
TECH,2026-03-08,29,0.208333,2026-03-15,revised
TECH,2026-03-15,27,-0.068966,2026-03-22,revised
TECH,2026-03-22,25,-0.074074,2026-03-29,revised
TECH,2026-03-29,27,0.08,2026-04-05,revised
TECH,2026-04-05,24,-0.111111,2026-04-12,revised
TECH,2026-04-12,27,0.125,2026-04-19,revised
TECH,2026-04-19,42,0.555556,2026-04-26,revised
TECH,2026-04-26,42,0.0,2026-05-03,revised
TECH,2026-05-03,50,0.190476,2026-05-10,revised
TECH,2026-05-10,48,-0.04,2026-05-17,revised
TECH,2026-05-17,34,-0.291667,2026-05-24,revised
TECH,2026-05-24,36,0.058824,2026-05-31,revised
TECH,2026-05-31,38,0.055556,2026-06-07,revised
TECH,2026-06-07,45,0.184211,2026-06-14,revised
TECH,2026-06-14,41,-0.088889,2026-06-21,revised
TECH,2026-06-21,100,1.439024,2026-06-28,revised
TECH,2026-06-28,57,-0.43,2026-07-05,revised
TECH,2026-07-05,45,-0.210526,2026-07-12,revised
TECH,2026-07-12,25,-0.444444,2026-07-19,revised
TECH,2026-07-19,37,0.48,2026-07-26,revised
TECH,2026-07-26,31,-0.162162,2026-08-02,revised
TECH,2026-08-02,26,-0.16129,2026-08-09,revised
TECH,2026-08-09,28,0.076923,2026-08-16,revised
TECH,2026-08-16,25,-0.107143,2026-08-23,revised
TECH,2026-08-23,15,-0.4,2026-08-30,revised
TECH,2026-08-30,18,0.2,2026-09-06,revised
TECH,2026-09-06,20,0.111111,2026-09-13,revised
TECH,2026-09-13,26,0.3,2026-09-20,revised
TECH,2026-09-20,17,-0.346154,2026-09-27,revised
TECH,2026-09-27,8,-0.529412,2026-10-09,vintage
TECH,2026-10-04,9,0.125,2026-10-11,revised
TMO,2025-10-12,40,0.0,2025-10-19,revised
TMO,2025-10-19,0,-1.0,2025-10-26,revised
TMO,2025-10-26,41,0.0,2025-11-02,revised
TMO,2025-11-02,86,1.097561,2025-11-09,revised
TMO,2025-11-09,70,-0.186047,2025-11-16,revised
TMO,2025-11-16,0,-1.0,2025-11-23,revised
TMO,2025-11-23,36,0.0,2025-11-30,revised
TMO,2025-11-30,56,0.555556,2025-12-07,revised
TMO,2025-12-07,28,-0.5,2025-12-14,revised
TMO,2025-12-14,0,-1.0,2025-12-21,revised
TMO,2025-12-21,0,0.0,2025-12-28,revised
TMO,2025-12-28,0,0.0,2026-01-04,revised
TMO,2026-01-04,31,0.0,2026-01-11,revised
TMO,2026-01-11,0,-1.0,2026-01-18,revised
TMO,2026-01-18,38,0.0,2026-01-25,revised
TMO,2026-01-25,37,-0.026316,2026-02-01,revised
TMO,2026-02-01,47,0.27027,2026-02-08,revised
TMO,2026-02-08,0,-1.0,2026-02-15,revised
TMO,2026-02-15,43,0.0,2026-02-22,revised
TMO,2026-02-22,28,-0.348837,2026-03-01,revised
TMO,2026-03-01,45,0.607143,2026-03-08,revised
TMO,2026-03-08,38,-0.155556,2026-03-15,revised
TMO,2026-03-15,28,-0.263158,2026-03-22,revised
TMO,2026-03-22,0,-1.0,2026-03-29,revised
TMO,2026-03-29,32,0.0,2026-04-05,revised
TMO,2026-04-05,0,-1.0,2026-04-12,revised
TMO,2026-04-12,25,0.0,2026-04-19,revised
TMO,2026-04-19,0,-1.0,2026-04-26,revised
TMO,2026-04-26,36,0.0,2026-05-03,revised
TMO,2026-05-03,100,1.777778,2026-05-10,revised
TMO,2026-05-10,53,-0.47,2026-05-17,revised
TMO,2026-05-17,47,-0.113208,2026-05-24,revised
TMO,2026-05-24,32,-0.319149,2026-05-31,revised
TMO,2026-05-31,42,0.3125,2026-06-07,revised
TMO,2026-06-07,47,0.119048,2026-06-14,revised
TMO,2026-06-14,54,0.148936,2026-06-21,revised
TMO,2026-06-21,40,-0.259259,2026-06-28,revised
TMO,2026-06-28,0,-1.0,2026-07-05,revised
TMO,2026-07-05,47,0.0,2026-07-12,revised
TMO,2026-07-12,36,-0.234043,2026-07-19,revised
TMO,2026-07-19,43,0.194444,2026-07-26,revised
TMO,2026-07-26,39,-0.093023,2026-08-02,revised
TMO,2026-08-02,35,-0.102564,2026-08-09,revised
TMO,2026-08-09,27,-0.228571,2026-08-16,revised
TMO,2026-08-16,25,-0.074074,2026-08-23,revised
TMO,2026-08-23,44,0.76,2026-08-30,revised
TMO,2026-08-30,41,-0.068182,2026-09-06,revised
TMO,2026-09-06,63,0.536585,2026-09-13,revised
TMO,2026-09-13,56,-0.111111,2026-09-20,revised
TMO,2026-09-20,65,0.160714,2026-09-27,revised
TMO,2026-09-27,27,-0.584615,2026-10-09,vintage
TMO,2026-10-04,18,-0.333333,2026-10-11,revised
TSLA,2025-10-12,25,-0.166667,2025-10-19,revised
TSLA,2025-10-19,24,-0.04,2025-10-26,revised
TSLA,2025-10-26,29,0.208333,2025-11-02,revised
TSLA,2025-11-02,26,-0.103448,2025-11-09,revised
TSLA,2025-11-09,28,0.076923,2025-11-16,revised
TSLA,2025-11-16,30,0.071429,2025-11-23,revised
TSLA,2025-11-23,29,-0.033333,2025-11-30,revised
TSLA,2025-11-30,27,-0.068966,2025-12-07,revised
TSLA,2025-12-07,24,-0.111111,2025-12-14,revised
TSLA,2025-12-14,23,-0.041667,2025-12-21,revised
TSLA,2025-12-21,13,-0.434783,2025-12-28,revised
TSLA,2025-12-28,12,-0.076923,2026-01-04,revised
TSLA,2026-01-04,21,0.75,2026-01-11,revised
TSLA,2026-01-11,28,0.333333,2026-01-18,revised
TSLA,2026-01-18,20,-0.285714,2026-01-25,revised
TSLA,2026-01-25,34,0.7,2026-02-01,revised
TSLA,2026-02-01,53,0.558824,2026-02-08,revised
TSLA,2026-02-08,38,-0.283019,2026-02-15,revised
TSLA,2026-02-15,56,0.473684,2026-02-22,revised
TSLA,2026-02-22,57,0.017857,2026-03-01,revised
TSLA,2026-03-01,49,-0.140351,2026-03-08,revised
TSLA,2026-03-08,45,-0.081633,2026-03-15,revised
TSLA,2026-03-15,48,0.066667,2026-03-22,revised
TSLA,2026-03-22,44,-0.083333,2026-03-29,revised
TSLA,2026-03-29,53,0.204545,2026-04-05,revised
TSLA,2026-04-05,50,-0.056604,2026-04-12,revised
TSLA,2026-04-12,47,-0.06,2026-04-19,revised
TSLA,2026-04-19,39,-0.170213,2026-04-26,revised
TSLA,2026-04-26,42,0.076923,2026-05-03,revised
TSLA,2026-05-03,54,0.285714,2026-05-10,revised
TSLA,2026-05-10,67,0.240741,2026-05-17,revised
TSLA,2026-05-17,38,-0.432836,2026-05-24,revised
TSLA,2026-05-24,57,0.5,2026-05-31,revised
TSLA,2026-05-31,100,0.754386,2026-06-07,revised
TSLA,2026-06-07,47,-0.53,2026-06-14,revised
TSLA,2026-06-14,71,0.510638,2026-06-21,revised
TSLA,2026-06-21,77,0.084507,2026-06-28,revised
TSLA,2026-06-28,44,-0.428571,2026-07-05,revised
TSLA,2026-07-05,42,-0.045455,2026-07-12,revised
TSLA,2026-07-12,26,-0.380952,2026-07-19,revised
TSLA,2026-07-19,46,0.769231,2026-07-26,revised
TSLA,2026-07-26,33,-0.282609,2026-08-02,revised
TSLA,2026-08-02,35,0.060606,2026-08-09,revised
TSLA,2026-08-09,30,-0.142857,2026-08-16,revised
TSLA,2026-08-16,22,-0.266667,2026-08-23,revised
TSLA,2026-08-23,71,2.227273,2026-08-30,revised
TSLA,2026-08-30,100,0.408451,2026-09-06,revised
TSLA,2026-09-06,88,-0.12,2026-09-13,revised
TSLA,2026-09-13,97,0.102273,2026-09-20,revised
TSLA,2026-09-20,88,-0.092784,2026-09-27,revised
TSLA,2026-09-27,18,-0.795455,2026-10-09,vintage
TSLA,2026-10-04,7,-0.611111,2026-10-11,revised
TXN,2025-10-12,0,0.0,2025-10-19,revised
TXN,2025-10-19,0,0.0,2025-10-26,revised
TXN,2025-10-26,0,0.0,2025-11-02,revised
TXN,2025-11-02,28,0.0,2025-11-09,revised
TXN,2025-11-09,0,-1.0,2025-11-16,revised
TXN,2025-11-16,42,0.0,2025-11-23,revised
TXN,2025-11-23,0,-1.0,2025-11-30,revised
TXN,2025-11-30,0,0.0,2025-12-07,revised
TXN,2025-12-07,0,0.0,2025-12-14,revised
TXN,2025-12-14,0,0.0,2025-12-21,revised
TXN,2025-12-21,0,0.0,2025-12-28,revised
TXN,2025-12-28,0,0.0,2026-01-04,revised
TXN,2026-01-04,0,0.0,2026-01-11,revised
TXN,2026-01-11,0,0.0,2026-01-18,revised
TXN,2026-01-18,29,0.0,2026-01-25,revised
TXN,2026-01-25,38,0.310345,2026-02-01,revised
TXN,2026-02-01,25,-0.342105,2026-02-08,revised
TXN,2026-02-08,49,0.96,2026-02-15,revised
TXN,2026-02-15,100,1.040816,2026-02-22,revised
TXN,2026-02-22,65,-0.35,2026-03-01,revised
TXN,2026-03-01,0,-1.0,2026-03-08,revised
TXN,2026-03-08,32,0.0,2026-03-15,revised
TXN,2026-03-15,0,-1.0,2026-03-22,revised
TXN,2026-03-22,0,0.0,2026-03-29,revised
TXN,2026-03-29,0,0.0,2026-04-05,revised
TXN,2026-04-05,25,0.0,2026-04-12,revised
TXN,2026-04-12,0,-1.0,2026-04-19,revised
TXN,2026-04-19,41,0.0,2026-04-26,revised
TXN,2026-04-26,0,-1.0,2026-05-03,revised
TXN,2026-05-03,35,0.0,2026-05-10,revised
TXN,2026-05-10,34,-0.028571,2026-05-17,revised
TXN,2026-05-17,45,0.323529,2026-05-24,revised
TXN,2026-05-24,0,-1.0,2026-05-31,revised
TXN,2026-05-31,25,0.0,2026-06-07,revised
TXN,2026-06-07,38,0.52,2026-06-14,revised
TXN,2026-06-14,28,-0.263158,2026-06-21,revised
TXN,2026-06-21,0,-1.0,2026-06-28,revised
TXN,2026-06-28,30,0.0,2026-07-05,revised
TXN,2026-07-05,48,0.6,2026-07-12,revised
TXN,2026-07-12,36,-0.25,2026-07-19,revised
TXN,2026-07-19,34,-0.055556,2026-07-26,revised
TXN,2026-07-26,39,0.147059,2026-08-02,revised
TXN,2026-08-02,27,-0.307692,2026-08-09,revised
TXN,2026-08-09,28,0.037037,2026-08-16,revised
TXN,2026-08-16,0,-1.0,2026-08-23,revised
TXN,2026-08-23,24,0.0,2026-08-30,revised
TXN,2026-08-30,24,0.0,2026-09-06,revised
TXN,2026-09-06,25,0.041667,2026-09-13,revised
TXN,2026-09-13,0,-1.0,2026-09-20,revised
TXN,2026-09-20,3,0.0,2026-09-27,revised
TXN,2026-09-27,16,4.333333,2026-10-09,vintage
TXN,2026-10-04,7,-0.5625,2026-10-11,revised
UNH,2025-10-12,0,0.0,2025-10-19,revised
UNH,2025-10-19,0,0.0,2025-10-26,revised
UNH,2025-10-26,0,0.0,2025-11-02,revised
UNH,2025-11-02,0,0.0,2025-11-09,revised
UNH,2025-11-09,0,0.0,2025-11-16,revised
UNH,2025-11-16,0,0.0,2025-11-23,revised
UNH,2025-11-23,19,0.0,2025-11-30,revised
UNH,2025-11-30,14,-0.263158,2025-12-07,revised
UNH,2025-12-07,0,-1.0,2025-12-14,revised
UNH,2025-12-14,14,0.0,2025-12-21,revised
UNH,2025-12-21,0,-1.0,2025-12-28,revised
UNH,2025-12-28,0,0.0,2026-01-04,revised
UNH,2026-01-04,0,0.0,2026-01-11,revised
UNH,2026-01-11,0,0.0,2026-01-18,revised
UNH,2026-01-18,0,0.0,2026-01-25,revised
UNH,2026-01-25,22,0.0,2026-02-01,revised
UNH,2026-02-01,14,-0.363636,2026-02-08,revised
UNH,2026-02-08,0,-1.0,2026-02-15,revised
UNH,2026-02-15,0,0.0,2026-02-22,revised
UNH,2026-02-22,28,0.0,2026-03-01,revised
UNH,2026-03-01,14,-0.5,2026-03-08,revised
UNH,2026-03-08,19,0.357143,2026-03-15,revised
UNH,2026-03-15,20,0.052632,2026-03-22,revised
UNH,2026-03-22,0,-1.0,2026-03-29,revised
UNH,2026-03-29,13,0.0,2026-04-05,revised
UNH,2026-04-05,14,0.076923,2026-04-12,revised
UNH,2026-04-12,16,0.142857,2026-04-19,revised
UNH,2026-04-19,17,0.0625,2026-04-26,revised
UNH,2026-04-26,59,2.470588,2026-05-03,revised
UNH,2026-05-03,100,0.694915,2026-05-10,revised
UNH,2026-05-10,81,-0.19,2026-05-17,revised
UNH,2026-05-17,0,-1.0,2026-05-24,revised
UNH,2026-05-24,0,0.0,2026-05-31,revised
UNH,2026-05-31,36,0.0,2026-06-07,revised
UNH,2026-06-07,15,-0.583333,2026-06-14,revised
UNH,2026-06-14,33,1.2,2026-06-21,revised
UNH,2026-06-21,47,0.424242,2026-06-28,revised
UNH,2026-06-28,17,-0.638298,2026-07-05,revised
UNH,2026-07-05,0,-1.0,2026-07-12,revised
UNH,2026-07-12,13,0.0,2026-07-19,revised
UNH,2026-07-19,0,-1.0,2026-07-26,revised
UNH,2026-07-26,27,0.0,2026-08-02,revised
UNH,2026-08-02,16,-0.407407,2026-08-09,revised
UNH,2026-08-09,0,-1.0,2026-08-16,revised
UNH,2026-08-16,0,0.0,2026-08-23,revised
UNH,2026-08-23,27,0.0,2026-08-30,revised
UNH,2026-08-30,34,0.259259,2026-09-06,revised
UNH,2026-09-06,33,-0.029412,2026-09-13,revised
UNH,2026-09-13,55,0.666667,2026-09-20,revised
UNH,2026-09-20,77,0.4,2026-09-27,revised
UNH,2026-09-27,11,-0.857143,2026-10-09,vintage
UNH,2026-10-04,5,-0.545455,2026-10-11,revised
V,2025-10-12,9,0.0,2025-10-19,revised
V,2025-10-19,9,0.0,2025-10-26,revised
V,2025-10-26,10,0.111111,2025-11-02,revised
V,2025-11-02,8,-0.2,2025-11-09,revised
V,2025-11-09,10,0.25,2025-11-16,revised
V,2025-11-16,12,0.2,2025-11-23,revised
V,2025-11-23,14,0.166667,2025-11-30,revised
V,2025-11-30,14,0.0,2025-12-07,revised
V,2025-12-07,12,-0.142857,2025-12-14,revised
V,2025-12-14,8,-0.333333,2025-12-21,revised
V,2025-12-21,4,-0.5,2025-12-28,revised
V,2025-12-28,5,0.25,2026-01-04,revised
V,2026-01-04,11,1.2,2026-01-11,revised
V,2026-01-11,12,0.090909,2026-01-18,revised
V,2026-01-18,10,-0.166667,2026-01-25,revised
V,2026-01-25,12,0.2,2026-02-01,revised
V,2026-02-01,28,1.333333,2026-02-08,revised
V,2026-02-08,16,-0.428571,2026-02-15,revised
V,2026-02-15,25,0.5625,2026-02-22,revised
V,2026-02-22,28,0.12,2026-03-01,revised
V,2026-03-01,15,-0.464286,2026-03-08,revised
V,2026-03-08,13,-0.133333,2026-03-15,revised
V,2026-03-15,20,0.538462,2026-03-22,revised
V,2026-03-22,13,-0.35,2026-03-29,revised
V,2026-03-29,17,0.307692,2026-04-05,revised
V,2026-04-05,14,-0.176471,2026-04-12,revised
V,2026-04-12,13,-0.071429,2026-04-19,revised
V,2026-04-19,12,-0.076923,2026-04-26,revised
V,2026-04-26,16,0.333333,2026-05-03,revised
V,2026-05-03,19,0.1875,2026-05-10,revised
V,2026-05-10,20,0.052632,2026-05-17,revised
V,2026-05-17,12,-0.4,2026-05-24,revised
V,2026-05-24,22,0.833333,2026-05-31,revised
V,2026-05-31,45,1.045455,2026-06-07,revised
V,2026-06-07,15,-0.666667,2026-06-14,revised
V,2026-06-14,31,1.066667,2026-06-21,revised
V,2026-06-21,37,0.193548,2026-06-28,revised
V,2026-06-28,31,-0.162162,2026-07-05,revised
V,2026-07-05,14,-0.548387,2026-07-12,revised
V,2026-07-12,8,-0.428571,2026-07-19,revised
V,2026-07-19,10,0.25,2026-07-26,revised
V,2026-07-26,10,0.0,2026-08-02,revised
V,2026-08-02,10,0.0,2026-08-09,revised
V,2026-08-09,13,0.3,2026-08-16,revised
V,2026-08-16,10,-0.230769,2026-08-23,revised
V,2026-08-23,63,5.3,2026-08-30,revised
V,2026-08-30,100,0.587302,2026-09-06,revised
V,2026-09-06,76,-0.24,2026-09-13,revised
V,2026-09-13,92,0.210526,2026-09-20,revised
V,2026-09-20,46,-0.5,2026-09-27,revised
V,2026-09-27,7,-0.847826,2026-10-09,vintage
V,2026-10-04,2,-0.714286,2026-10-11,revised
VZ,2025-10-12,30,0.0,2025-10-19,revised
VZ,2025-10-19,33,0.1,2025-10-26,revised
VZ,2025-10-26,47,0.424242,2025-11-02,revised
VZ,2025-11-02,0,-1.0,2025-11-09,revised
VZ,2025-11-09,28,0.0,2025-11-16,revised
VZ,2025-11-16,29,0.035714,2025-11-23,revised
VZ,2025-11-23,0,-1.0,2025-11-30,revised
VZ,2025-11-30,0,0.0,2025-12-07,revised
VZ,2025-12-07,19,0.0,2025-12-14,revised
VZ,2025-12-14,0,-1.0,2025-12-21,revised
VZ,2025-12-21,0,0.0,2025-12-28,revised
VZ,2025-12-28,0,0.0,2026-01-04,revised
VZ,2026-01-04,15,0.0,2026-01-11,revised
VZ,2026-01-11,17,0.133333,2026-01-18,revised
VZ,2026-01-18,22,0.294118,2026-01-25,revised
VZ,2026-01-25,33,0.5,2026-02-01,revised
VZ,2026-02-01,100,2.030303,2026-02-08,revised
VZ,2026-02-08,34,-0.66,2026-02-15,revised
VZ,2026-02-15,27,-0.205882,2026-02-22,revised
VZ,2026-02-22,45,0.666667,2026-03-01,revised
VZ,2026-03-01,29,-0.355556,2026-03-08,revised
VZ,2026-03-08,17,-0.413793,2026-03-15,revised
VZ,2026-03-15,29,0.705882,2026-03-22,revised
VZ,2026-03-22,40,0.37931,2026-03-29,revised
VZ,2026-03-29,93,1.325,2026-04-05,revised
VZ,2026-04-05,74,-0.204301,2026-04-12,revised
VZ,2026-04-12,68,-0.081081,2026-04-19,revised
VZ,2026-04-19,55,-0.191176,2026-04-26,revised
VZ,2026-04-26,40,-0.272727,2026-05-03,revised
VZ,2026-05-03,54,0.35,2026-05-10,revised
VZ,2026-05-10,34,-0.37037,2026-05-17,revised
VZ,2026-05-17,15,-0.558824,2026-05-24,revised
VZ,2026-05-24,22,0.466667,2026-05-31,revised
VZ,2026-05-31,21,-0.045455,2026-06-07,revised
VZ,2026-06-07,21,0.0,2026-06-14,revised
VZ,2026-06-14,14,-0.333333,2026-06-21,revised
VZ,2026-06-21,0,-1.0,2026-06-28,revised
VZ,2026-06-28,37,0.0,2026-07-05,revised
VZ,2026-07-05,47,0.27027,2026-07-12,revised
VZ,2026-07-12,20,-0.574468,2026-07-19,revised
VZ,2026-07-19,29,0.45,2026-07-26,revised
VZ,2026-07-26,15,-0.482759,2026-08-02,revised
VZ,2026-08-02,27,0.8,2026-08-09,revised
VZ,2026-08-09,22,-0.185185,2026-08-16,revised
VZ,2026-08-16,0,-1.0,2026-08-23,revised
VZ,2026-08-23,0,0.0,2026-08-30,revised
VZ,2026-08-30,19,0.0,2026-09-06,revised
VZ,2026-09-06,23,0.210526,2026-09-13,revised
VZ,2026-09-13,21,-0.086957,2026-09-20,revised
VZ,2026-09-20,4,-0.809524,2026-09-27,revised
VZ,2026-09-27,10,1.5,2026-10-09,vintage
VZ,2026-10-04,5,-0.5,2026-10-11,revised
WFC,2025-10-12,46,0.4375,2025-10-19,revised
WFC,2025-10-19,22,-0.521739,2025-10-26,revised
WFC,2025-10-26,28,0.272727,2025-11-02,revised
WFC,2025-11-02,30,0.071429,2025-11-09,revised
WFC,2025-11-09,33,0.1,2025-11-16,revised
WFC,2025-11-16,32,-0.030303,2025-11-23,revised
WFC,2025-11-23,29,-0.09375,2025-11-30,revised
WFC,2025-11-30,33,0.137931,2025-12-07,revised
WFC,2025-12-07,41,0.242424,2025-12-14,revised
WFC,2025-12-14,27,-0.341463,2025-12-21,revised
WFC,2025-12-21,21,-0.222222,2025-12-28,revised
WFC,2025-12-28,22,0.047619,2026-01-04,revised
WFC,2026-01-04,23,0.045455,2026-01-11,revised
WFC,2026-01-11,39,0.695652,2026-01-18,revised
WFC,2026-01-18,47,0.205128,2026-01-25,revised
WFC,2026-01-25,39,-0.170213,2026-02-01,revised
WFC,2026-02-01,72,0.846154,2026-02-08,revised
WFC,2026-02-08,48,-0.333333,2026-02-15,revised
WFC,2026-02-15,75,0.5625,2026-02-22,revised
WFC,2026-02-22,49,-0.346667,2026-03-01,revised
WFC,2026-03-01,55,0.122449,2026-03-08,revised
WFC,2026-03-08,52,-0.054545,2026-03-15,revised
WFC,2026-03-15,73,0.403846,2026-03-22,revised
WFC,2026-03-22,60,-0.178082,2026-03-29,revised
WFC,2026-03-29,85,0.416667,2026-04-05,revised
WFC,2026-04-05,76,-0.105882,2026-04-12,revised
WFC,2026-04-12,100,0.315789,2026-04-19,revised
WFC,2026-04-19,69,-0.31,2026-04-26,revised
WFC,2026-04-26,86,0.246377,2026-05-03,revised
WFC,2026-05-03,65,-0.244186,2026-05-10,revised
WFC,2026-05-10,47,-0.276923,2026-05-17,revised
WFC,2026-05-17,40,-0.148936,2026-05-24,revised
WFC,2026-05-24,34,-0.15,2026-05-31,revised
WFC,2026-05-31,29,-0.147059,2026-06-07,revised
WFC,2026-06-07,51,0.758621,2026-06-14,revised
WFC,2026-06-14,56,0.098039,2026-06-21,revised
WFC,2026-06-21,37,-0.339286,2026-06-28,revised
WFC,2026-06-28,38,0.027027,2026-07-05,revised
WFC,2026-07-05,38,0.0,2026-07-12,revised
WFC,2026-07-12,30,-0.210526,2026-07-19,revised
WFC,2026-07-19,31,0.033333,2026-07-26,revised
WFC,2026-07-26,22,-0.290323,2026-08-02,revised
WFC,2026-08-02,19,-0.136364,2026-08-09,revised
WFC,2026-08-09,24,0.263158,2026-08-16,revised
WFC,2026-08-16,31,0.291667,2026-08-23,revised
WFC,2026-08-23,27,-0.129032,2026-08-30,revised
WFC,2026-08-30,29,0.074074,2026-09-06,revised
WFC,2026-09-06,31,0.068966,2026-09-13,revised
WFC,2026-09-13,36,0.16129,2026-09-20,revised
WFC,2026-09-20,37,0.027778,2026-09-27,revised
WFC,2026-09-27,18,-0.513514,2026-10-09,vintage
WFC,2026-10-04,9,-0.5,2026-10-11,revised
WMT,2025-10-12,13,0.181818,2025-10-19,revised
WMT,2025-10-19,14,0.076923,2025-10-26,revised
WMT,2025-10-26,15,0.071429,2025-11-02,revised
WMT,2025-11-02,12,-0.2,2025-11-09,revised
WMT,2025-11-09,20,0.666667,2025-11-16,revised
WMT,2025-11-16,21,0.05,2025-11-23,revised
WMT,2025-11-23,22,0.047619,2025-11-30,revised
WMT,2025-11-30,18,-0.181818,2025-12-07,revised
WMT,2025-12-07,15,-0.166667,2025-12-14,revised
WMT,2025-12-14,13,-0.133333,2025-12-21,revised
WMT,2025-12-21,8,-0.384615,2025-12-28,revised
WMT,2025-12-28,7,-0.125,2026-01-04,revised
WMT,2026-01-04,14,1.0,2026-01-11,revised
WMT,2026-01-11,14,0.0,2026-01-18,revised
WMT,2026-01-18,15,0.071429,2026-01-25,revised
WMT,2026-01-25,21,0.4,2026-02-01,revised
WMT,2026-02-01,31,0.47619,2026-02-08,revised
WMT,2026-02-08,38,0.225806,2026-02-15,revised
WMT,2026-02-15,78,1.052632,2026-02-22,revised
WMT,2026-02-22,73,-0.064103,2026-03-01,revised
WMT,2026-03-01,42,-0.424658,2026-03-08,revised
WMT,2026-03-08,39,-0.071429,2026-03-15,revised
WMT,2026-03-15,66,0.692308,2026-03-22,revised
WMT,2026-03-22,54,-0.181818,2026-03-29,revised
WMT,2026-03-29,100,0.851852,2026-04-05,revised
WMT,2026-04-05,54,-0.46,2026-04-12,revised
WMT,2026-04-12,49,-0.092593,2026-04-19,revised
WMT,2026-04-19,34,-0.306122,2026-04-26,revised
WMT,2026-04-26,47,0.382353,2026-05-03,revised
WMT,2026-05-03,53,0.12766,2026-05-10,revised
WMT,2026-05-10,74,0.396226,2026-05-17,revised
WMT,2026-05-17,45,-0.391892,2026-05-24,revised
WMT,2026-05-24,47,0.044444,2026-05-31,revised
WMT,2026-05-31,48,0.021277,2026-06-07,revised
WMT,2026-06-07,47,-0.020833,2026-06-14,revised
WMT,2026-06-14,55,0.170213,2026-06-21,revised
WMT,2026-06-21,55,0.0,2026-06-28,revised
WMT,2026-06-28,37,-0.327273,2026-07-05,revised
WMT,2026-07-05,45,0.216216,2026-07-12,revised
WMT,2026-07-12,26,-0.422222,2026-07-19,revised
WMT,2026-07-19,29,0.115385,2026-07-26,revised
WMT,2026-07-26,29,0.0,2026-08-02,revised
WMT,2026-08-02,31,0.068966,2026-08-09,revised
WMT,2026-08-09,29,-0.064516,2026-08-16,revised
WMT,2026-08-16,15,-0.482759,2026-08-23,revised
WMT,2026-08-23,33,1.2,2026-08-30,revised
WMT,2026-08-30,37,0.121212,2026-09-06,revised
WMT,2026-09-06,42,0.135135,2026-09-13,revised
WMT,2026-09-13,64,0.52381,2026-09-20,revised
WMT,2026-09-20,66,0.03125,2026-09-27,revised
WMT,2026-09-27,17,-0.742424,2026-10-09,vintage
WMT,2026-10-04,10,-0.411765,2026-10-11,revised
XOM,2025-10-12,16,0.454545,2025-10-19,revised
XOM,2025-10-19,22,0.375,2025-10-26,revised
XOM,2025-10-26,22,0.0,2025-11-02,revised
XOM,2025-11-02,19,-0.136364,2025-11-09,revised
XOM,2025-11-09,16,-0.157895,2025-11-16,revised
XOM,2025-11-16,22,0.375,2025-11-23,revised
XOM,2025-11-23,16,-0.272727,2025-11-30,revised
XOM,2025-11-30,21,0.3125,2025-12-07,revised
XOM,2025-12-07,22,0.047619,2025-12-14,revised
XOM,2025-12-14,22,0.0,2025-12-21,revised
XOM,2025-12-21,14,-0.363636,2025-12-28,revised
XOM,2025-12-28,12,-0.142857,2026-01-04,revised
XOM,2026-01-04,47,2.916667,2026-01-11,revised
XOM,2026-01-11,24,-0.489362,2026-01-18,revised
XOM,2026-01-18,21,-0.125,2026-01-25,revised
XOM,2026-01-25,33,0.571429,2026-02-01,revised
XOM,2026-02-01,33,0.0,2026-02-08,revised
XOM,2026-02-08,37,0.121212,2026-02-15,revised
XOM,2026-02-15,32,-0.135135,2026-02-22,revised
XOM,2026-02-22,27,-0.15625,2026-03-01,revised
XOM,2026-03-01,51,0.888889,2026-03-08,revised
XOM,2026-03-08,31,-0.392157,2026-03-15,revised
XOM,2026-03-15,34,0.096774,2026-03-22,revised
XOM,2026-03-22,36,0.058824,2026-03-29,revised
XOM,2026-03-29,35,-0.027778,2026-04-05,revised
XOM,2026-04-05,26,-0.257143,2026-04-12,revised
XOM,2026-04-12,29,0.115385,2026-04-19,revised
XOM,2026-04-19,21,-0.275862,2026-04-26,revised
XOM,2026-04-26,27,0.285714,2026-05-03,revised
XOM,2026-05-03,30,0.111111,2026-05-10,revised
XOM,2026-05-10,32,0.066667,2026-05-17,revised
XOM,2026-05-17,24,-0.25,2026-05-24,revised
XOM,2026-05-24,28,0.166667,2026-05-31,revised
XOM,2026-05-31,14,-0.5,2026-06-07,revised
XOM,2026-06-07,21,0.5,2026-06-14,revised
XOM,2026-06-14,31,0.47619,2026-06-21,revised
XOM,2026-06-21,28,-0.096774,2026-06-28,revised
XOM,2026-06-28,85,2.035714,2026-07-05,revised
XOM,2026-07-05,100,0.176471,2026-07-12,revised
XOM,2026-07-12,32,-0.68,2026-07-19,revised
XOM,2026-07-19,28,-0.125,2026-07-26,revised
XOM,2026-07-26,45,0.607143,2026-08-02,revised
XOM,2026-08-02,18,-0.6,2026-08-09,revised
XOM,2026-08-09,12,-0.333333,2026-08-16,revised
XOM,2026-08-16,11,-0.083333,2026-08-23,revised
XOM,2026-08-23,24,1.181818,2026-08-30,revised
XOM,2026-08-30,18,-0.25,2026-09-06,revised
XOM,2026-09-06,32,0.777778,2026-09-13,revised
XOM,2026-09-13,46,0.4375,2026-09-20,revised
XOM,2026-09-20,64,0.391304,2026-09-27,revised
XOM,2026-09-27,13,-0.796875,2026-10-09,vintage
XOM,2026-10-04,10,-0.230769,2026-10-11,revised
XYZ,2025-10-12,29,0.115385,2025-10-19,revised
XYZ,2025-10-19,19,-0.344828,2025-10-26,revised
XYZ,2025-10-26,37,0.947368,2025-11-02,revised
XYZ,2025-11-02,39,0.054054,2025-11-09,revised
XYZ,2025-11-09,35,-0.102564,2025-11-16,revised
XYZ,2025-11-16,38,0.085714,2025-11-23,revised
XYZ,2025-11-23,41,0.078947,2025-11-30,revised
XYZ,2025-11-30,38,-0.073171,2025-12-07,revised
XYZ,2025-12-07,33,-0.131579,2025-12-14,revised
XYZ,2025-12-14,0,-1.0,2025-12-21,revised
XYZ,2025-12-21,19,0.0,2025-12-28,revised
XYZ,2025-12-28,0,-1.0,2026-01-04,revised
XYZ,2026-01-04,0,0.0,2026-01-11,revised
XYZ,2026-01-11,22,0.0,2026-01-18,revised
XYZ,2026-01-18,22,0.0,2026-01-25,revised
XYZ,2026-01-25,31,0.409091,2026-02-01,revised
XYZ,2026-02-01,51,0.645161,2026-02-08,revised
XYZ,2026-02-08,44,-0.137255,2026-02-15,revised
XYZ,2026-02-15,100,1.272727,2026-02-22,revised
XYZ,2026-02-22,89,-0.11,2026-03-01,revised
XYZ,2026-03-01,52,-0.41573,2026-03-08,revised
XYZ,2026-03-08,45,-0.134615,2026-03-15,revised
XYZ,2026-03-15,38,-0.155556,2026-03-22,revised
XYZ,2026-03-22,29,-0.236842,2026-03-29,revised
XYZ,2026-03-29,37,0.275862,2026-04-05,revised
XYZ,2026-04-05,32,-0.135135,2026-04-12,revised
XYZ,2026-04-12,37,0.15625,2026-04-19,revised
XYZ,2026-04-19,41,0.108108,2026-04-26,revised
XYZ,2026-04-26,24,-0.414634,2026-05-03,revised
XYZ,2026-05-03,47,0.958333,2026-05-10,revised
XYZ,2026-05-10,28,-0.404255,2026-05-17,revised
XYZ,2026-05-17,27,-0.035714,2026-05-24,revised
XYZ,2026-05-24,35,0.296296,2026-05-31,revised
XYZ,2026-05-31,17,-0.514286,2026-06-07,revised
XYZ,2026-06-07,21,0.235294,2026-06-14,revised
XYZ,2026-06-14,31,0.47619,2026-06-21,revised
XYZ,2026-06-21,43,0.387097,2026-06-28,revised
XYZ,2026-06-28,39,-0.093023,2026-07-05,revised
XYZ,2026-07-05,35,-0.102564,2026-07-12,revised
XYZ,2026-07-12,36,0.028571,2026-07-19,revised
XYZ,2026-07-19,36,0.0,2026-07-26,revised
XYZ,2026-07-26,29,-0.194444,2026-08-02,revised
XYZ,2026-08-02,52,0.793103,2026-08-09,revised
XYZ,2026-08-09,22,-0.576923,2026-08-16,revised
XYZ,2026-08-16,26,0.181818,2026-08-23,revised
XYZ,2026-08-23,21,-0.192308,2026-08-30,revised
XYZ,2026-08-30,19,-0.095238,2026-09-06,revised
XYZ,2026-09-06,22,0.157895,2026-09-13,revised
XYZ,2026-09-13,31,0.409091,2026-09-20,revised
XYZ,2026-09-20,72,1.322581,2026-09-27,revised
XYZ,2026-09-27,21,-0.708333,2026-10-09,vintage
XYZ,2026-10-04,21,0.0,2026-10-11,revised
